:1000000000790020E92100006F7C0000D52100006C
:10001000D5210000D5210000D521000000000000FE
:100020000000000000000000000000009523000018
:10003000D52100000000000061230000D521000050
:100040004125000041250000412500004125000018
:100050004125000041250000412500004125000008
:1000600041250000412500004125000041250000F8
:1000700041250000412500004125000041250000E8
:1000800041250000412500004125000041250000D8
:1000900041250000412500004125000041250000C8
:1000A00041250000412500004125000041250000B8
:1000B00041250000412500004125000041250000A8
:1000C0004125000041250000412500004125000098
:1000D0004125000041250000412500004125000088
:1000E0004125000041250000412500004125000078
:1000F0004125000041250000412500004125000068
:1001000053B94AB9002908BF00281CBF4FF0FF317E
:100110004FF0FF3000F00CB8ADF1080C6DE904CEE3
:1001200000F008F8DDF804E0DDE9022304B07047D0
:10013000704700BF2DE9F04786468C460846089E6A
:10014000154674461946002B40F0C2808542B2FA2B
:1001500082F245D94AB1C2F1200300FA02FC2EFA1C
:1001600003F3954043EA0C0C94404FEA154EA8B2B5
:10017000BCFBFEF8230C0EFB18CC08FB00F943EA8D
:100180000C43994528D9EB1808F1FF3704D299455B
:1001900002D9A8F102072B44A3EB0903A4B2B3FBD5
:1001A000FEFC0EFB1C330CFB00F044EA0344A042AF
:1001B00014D92C190CF1FF3304D2A04202D9ACF1AE
:1001C00002032C44241A43EA07401EB1D440002302
:1001D00034607360BDE8F0874746DDE76346F1E7CA
:1001E00092BB431B01214FEA154EAFB2B3FBFEFC9D
:1001F000200C0EFB1C330CFB07F840EA0343984528
:1002000062D9EB180CF1FF3004D2984502D9ACF159
:1002100002002B44A3EB0803A4B2B3FBFEFC0EFBCD
:100220001C330CFB07F744EA0344A7424ED92C19B0
:100230000CF1FF3304D2A74202D9ACF102032C44E3
:10024000E41B43EA0040C0E7C2F1200320FA03F1B7
:10025000954090402EFA03F303434FEA154EAFB298
:10026000B1FBFEFC0EFB1C10190C0CFB07F841EA5D
:100270000041884504FA02F422D969180CF1FF30D4
:1002800004D2884502D9ACF102002944A1EB08014F
:100290009BB2B1FBFEFC0EFB1C110CFB07F743EA03
:1002A00001439F420ED9EB180CF1FF3104D29F425B
:1002B00002D9ACF102012B44DB1B41EA004192E779
:1002C0006046E3E76146F7E76046A3E76346B7E7C2
:1002D000834206D916B9002108467BE7C6E900E04B
:1002E000F9E7B3FA83F78FB9834201D3724508D88F
:1002F000BEEB020460EB030301209C461EB9002103
:1003000068E73846FAE7C6E9004CF8E7C7F1200C81
:10031000BB4022FA0CF41C432EFA0CF120FA0CF329
:10032000B84001434FEA14490EFA07F5B3FBF9F858
:100330001FFA84FE09FB18300B0C08FB0EFA43EA87
:1003400000439A4502FA07F240D9E31808F1FF305A
:1003500004D29A4502D9A8F102002344A3EB0A0370
:1003600089B2B3FBF9F809FB183308FB0EFE41EA2A
:1003700003418E452CD9611808F1FF3304D28E4514
:1003800002D9A8F10203214443EA0040A0FB0298ED
:10039000A1EB0E014145CE46434602D306D14D4561
:1003A00004D2B9EB020E68EB04030138002EA6D08C
:1003B000B5EB0E0261EB030101FA0CFC22FA07F324
:1003C0004CEA0303F940C6E9003198E74046C5E727
:1003D0004346D9E7F0B52F4B2F4AC3F800262F48E4
:1003E000C3F8042685B0C3F808264921C3F80C26B3
:1003F000C3F81026C3F81426C3F81826C3F81C2621
:1004000007F0B1FB00F058F800F09CF801A800F0EC
:100410004BFD234B1B68834204D02248452107F043
:10042000A2FBFEE7039A2048492107F09CFB1F48E6
:10043000492107F098FB4FF44041002008F04EF8A6
:10044000044620B11A48452107F08DFBFEE76946B6
:100450009DF8080000F054F8009B039D1D44019B8B
:100460001E8904F0D1F8AF1901F042F801F016F836
:1004700001F0E4FEAB5983F3088884F31488BFF3DA
:100480006F8FBFF36F8F7B6898470A48452107F04D
:100490006AFBFEE7000001403546526E6EA4000084
:1004A0000808002087A40000AAA40000D9A4000026
:1004B000FEA4000031A5000010B50E4C204609F046
:1004C00000FB28B9BDE810400B48452107F04BBBA5
:1004D0002269A168136843F4804313600B68074ADC
:1004E0000E212046984720460022BDE810400E21EC
:1004F00006F0C3BFB89D000054A500000100020033
:1005000008B5024638B105480023452107F02BFB0A
:100510006FF0150008BD0860FCE700BF8BA5000068
:1005200021B1012906D06FF015007047044B53F834
:1005300030007047024B03EBC0035868704700BFA0
:1005400018A0000002484FF4C05104F0D1BD00BF14
:10055000F02D00202DE9F04FF9B0DDE9848ADFF8B5
:10056000F891869CD9F8006038A817461D4608F017
:10057000FCFF002138A804F0F1FEB8F1000F07D00D
:10058000BAF1000F04DD5246414638A808F0F6FFE4
:100590003B897A89D7F80CB013449B444FF000088C
:1005A000C34564D80DA938A809F027F838A808F081
:1005B000E0FF24B120220DA9204607F0ADFB002367
:1005C00000932A464FF6FF73394607A806F080FFCE
:1005D000804600285BD128460C9C00F0FDF984423F
:1005E00055D8DFF878B1DFF878A14FF0FF340DF17E
:1005F000160305AA06A907A806F0B8FF002846DBDF
:1006000040F0A280069907A806F0FCFF50B9BDF89B
:100610001600544A4FF6FF7132F8023B8B4236D037
:100620009842F9D1BDF81670102F3AD0202F6DD016
:10063000012FDCD1BDF81430202B28D8069938AA18
:10064000284607F09EFA044608BB9DF81430029332
:10065000202B09D8DAF80030434F0393039B9C42C8
:100660001DA836DB08F085FF4FF0FF34BFE7839B02
:10067000829AABEB080A9A4528BF9A4653464146F0
:10068000284607F07EFA28B138A808F072FFD9F89A
:1006900000605CE08299524638A808F06FFFD044B1
:1006A0007EE7BDF81470202FF1D106993B4638AA99
:1006B000284607F066FA0028E9D13A4638A90DA87D
:1006C00006F0AEFFDBF800308342E0D14FF00108C6
:1006D0008DE708F04AFF00211DA804F03FFE7A686C
:1006E00057F8081B12681DA808F048FF15A91DA897
:1006F00008F083FF029A38A915A807F0FDFA18B987
:100700001DA808F036FF72E70134A7E7631C3FF429
:100710006EAFDAF80030A342A6DDBDF81430B3F5B1
:10072000807FB4D1069938AA284607F02AFA002813
:10073000ADD1E4B2BDF81430009438AA39460DA802
:1007400000F014F806468FE7B8F1000F9FD030464E
:1007500079B0BDE8F08F00BFC40400200808002075
:1007600020A0000040A4000024A000002DE9F04FCC
:10077000DFF8E4A1ADF5417D07462AA89DF828B32E
:10078000DAF800501E468946904608F0A7FE092276
:1007900001212AA804F05EFD704B53F83B400594FC
:1007A00003EBCB0380AA5B681B681C442146302303
:1007B00005A807F07DFF002840F0C580059B809AC2
:1007C00013449C4240F0BF802CAA214605A807F0A4
:1007D00083FF002840F0B7800DF1B80B5A46214640
:1007E00005A807F079FF0390002840F0AC802CA802
:1007F00008F020FB059A2B90944240F0A480039BC4
:10080000CDF804B000931A462CA92AA808F023FEBC
:10081000002840F098802AA804F032FD002840F01B
:1008200092802CA808F006FB2B902AA808F060FE06
:10083000864240F08880B6F5807FDAF8005040F0BC
:100840008280B9F1200F7ED180AA41462AA804F007
:100850003DFD0446002876D19DF8FF32BC2B72D1B5
:1008600006900DF59079DF260FA808F07EFE002196
:100870000FA804F073FD20220DF2DF210FA808F06D
:100880007DFE042206A90FA808F078FE07A90FA88C
:1008900008F0B3FE202E9DF81B30B046A8BF4FF0E5
:1008A000200801334846424607A9A6EB08068DF802
:1008B0001B3007F031FA002EC144D5DC0FA808F038
:1008C00058FE48AB80AA184600219C46067812F8CC
:1008D00001EB013186EA0E06DF2900F8016BF5D144
:1008E0001A7802F07F021A7013F8016B5EBB0134B4
:1008F000BE2CF9D19CF8BE30012B24D10FA808F0F2
:1009000034FE31460FA804F029FD154908220FA82E
:1009100008F034FE394620220FA808F02FFE2022CE
:100920000DF2DF110FA808F029FE07A90FA808F0A3
:1009300064FE0FA808F01DFE20220DF2DF2107A89B
:1009400006F06EFE05462AA808F0D4FD28460DF5EF
:10095000417DBDE8F08F00BFC404002024A000004A
:10096000B1A50000094A0B78400052F820108B42D4
:1009700009D0013052F82000834214BF4FF0FF30FD
:100980004FF4C06070474FF4C06070472CA0000067
:100990001FB50F4B13F830000C4601F04BF950B95E
:1009A0002068816810236A46103907F0EAF828B1F8
:1009B000206807F0E5F84FF0FF3006E00549102207
:1009C000684607F099F90028F2D104B010BD00BFC5
:1009D0002CA000005EA4000013B5044606F027FE1C
:1009E0006A460146204606F05AFD30B104484521CA
:1009F00007F0B9F8002002B010BD0098FBE700BF77
:100A0000B9A500002DE9F041384F88B00646002016
:100A10000D463C68FFF784FD06A9C0B201F00AF953
:100A2000E0B92946FFF77CFD2C2407A9C0B204FBDE
:100A3000056401F0FFF8A8B12C2068433218069B2A
:100A4000116911F0100F1DD01DB10699304606F046
:100A5000D9FE274B1C68069807F092F8204608B08C
:100A6000BDE8F081079807F0D5F88046079807F0B1
:100A700087F8631EE21C13F8011F4145DCD1934245
:100A8000F9D1E1E736581B4886422AD1D668108949
:100A9000801926D25289121823D29868824220D215
:100AA00040F60C6211401CD14FF480720192124A40
:100AB0000092CDE90311224602910846FFF74AFD54
:100AC00004460E4B1B68A342C5D065B106980021B1
:100AD000826807F080F80A4A0A48452107F043F87F
:100AE000B7E73C68EDE7084AF6E700BFC40400201A
:100AF000C00400203DB8F396F0450020080800200F
:100B0000FCA5000006A60000F4A500007FB50D4678
:100B1000044600212846CDE9021106F032FE28B332
:100B20002368194EB34203D103AA204606F0BDFD47
:100B3000E36AB34204D102AA0121204606F0B5FDC2
:100B4000DDE90232934288BF0393039BAB60039AB3
:100B50002946204600F0AAFB0C4B1A68002A03DD48
:100B60000B48572106F0FFFF04B070BD01A9FFF745
:100B70000FFF019805F1080106F064FDAB680198CC
:100B8000039306F0FDFFE2E73DB8F3966C2C0020DE
:100B90002EA600002DE9F84FDFF870B01C4C1D4D5B
:100BA000884691469A4600260B9B9E4201D3002020
:100BB0000FE00B9B154A9F1BB7F5806F28BF4FF4C2
:100BC00080673B4606EB0A01404606F0DAFF10B1AB
:100BD0000120BDE8F88F0A993B465A4671184846ED
:100BE00006F0E4FF0028F3D1C4F800563E44C4F8F0
:100BF0000456C4F80856C4F80C56C4F81056C4F885
:100C00001456C4F81856C4F81C56CDE70C0800203A
:100C1000000001403546526EF0B59A4B43620E46D5
:100C200003F580530021036589B004460846FFF7A9
:100C300077FC04F120010546C0B200F0FBFF03463B
:100C4000E8B90121FFF76CFC04F14C010546C0B284
:100C500000F0F0FF0346E0B9204606F067FD0546C8
:100C6000C8B900221146204606F009FD054668B3C2
:100C700085480022572106F076FF01239DE00022DF
:100C8000CDE90023814800232A46452106F06BFF69
:100C9000FEE70122F4E77E484FF40072572106F088
:100CA00062FF01239D4284F85830DAD194F858301D
:100CB0008DF81730042B00F28380012B00F287801F
:100CC00000F09A80FF2384F8583095E0204600F029
:100CD000FFF90028D1D004A806F04AFD01462046BD
:100CE00006F0E5FD18B16B482A465721C3E704A872
:100CF00006F047FD80F0010104AAC9B2204606F0C3
:100D0000BEFC02460028B3D104A806F03AFD054611
:100D100060BB04A92046FFF7F9FE9DF8173084F860
:100D20005830033B012B06D8284600F0E3F810B1F9
:100D3000FF2384F858309DF81730023B022B0BD864
:100D4000002000F0C1F838B1FF2384F85830524831
:100D5000452106F008FFFEE794F85830FF2BF6D047
:100D600004AA0021204606F08AFC86E79DF8177049
:100D7000012F17D1104603F0F3FC831E022B05460A
:100D80000DD839462046FFF73DFE444B1B6898427C
:100D900005D0434B1D68A84214BF0525012584F8E2
:100DA000585083E701212046FFF72CFE3B4B1B6880
:100DB00098420CBF9DF81730052384F8583075E72A
:100DC000052B7FF47FAF002000F094F811E004A918
:100DD0002046FFF79BFE94F85830DA1E012A14D8FB
:100DE000002000F087F800287FF46CAF002000F0AE
:100DF0006BF800287FF466AF94F85830FF2B07D1CA
:100E00002548452106F0AFFEFEE7022BF4D1EDE7C1
:100E10000022012B234D039214D01146204606F0E8
:100E20002EFC78B12D68102200210DEB020006F097
:100E30007EFFE06C06F0A4FE206A06F0A1FE2846C4
:100E400009B0F0BD00212046FFF7DCFD134F3B68E1
:100E50009842E7D12B689842E4D0114B1B68984226
:100E6000E0D0039B01330393039B012B00D0FEE7EB
:100E7000206A06F012FB3071236A5B6834603D68BB
:100E8000B360D0E70C0C0020ECA600005DA60000CB
:100E9000AAA6000018A7000042A70000080800202A
:100EA000C0040020C404002038B5064D044660226A
:100EB0000021284606F03BFF21462846FFF7ACFEFE
:100EC00038BD00BF0C2C002013B5094B01A913F845
:100ED000300000F0AFFE48B9019807F0ADFB0446C2
:100EE000019806F04DFE204602B010BD0124FAE73D
:100EF00034A000001FB50F4B01A913F8300000F01B
:100F000099FEA8B9019802A903F0D4FB044668B978
:100F10009DF80B30032B03D1019807F05BFB0446CF
:100F2000019806F02DFE204604B010BD0124F7E71D
:100F30000124F8E734A000002DE9F34106460C46F1
:100F400017461D460BB9002628E0184606F019FC86
:100F50000028F8D16946FFF71BFD009838B9012435
:100F6000009806F00DFE204602B0BDE8F08101A910
:100F700006F068FB0028F2D1009806F001FE30462A
:100F8000019906F0E2FC736A5E686B79012B21D14E
:100F9000002CD8D12B68834298BF00262146002020
:100FA000FFF7BEFA6946C0B200F044FE0028D6D171
:100FB000009820233A46314606F0E3FD0446002817
:100FC000CDD1002DCCD03C680D4BE41A18BF4FF0AA
:100FD000FF34C5E7022BB6D12B68012B05D983421C
:100FE000B1D8B4FA84F46409ADE7ACD1002CD5D003
:100FF000012CA8D12C79023C18BF0124A3E700BF23
:101000003DB8F3962DE9F04F074685B00C460146F2
:1010100000201646FFF7A6FC051E52DB3846E46D9D
:1010200006F005FB5FFA84F96B1E09FB03084FF01D
:10103000000A4FF0010B4FF0FF34A5B9BAF1010FD0
:1010400003DD2248452106F08EFD631C07D0B4F570
:10105000007F2ADA013440F201133460B38028465D
:1010600005B0BDE8F08F6B1E00930DF10F02012358
:101070004146384606F085FD031E019323DB01221D
:101080000DF10F01384607F040FA019B40B15B4576
:1010900001D00AF1010A009DA8EB09089B46CCE7A4
:1010A000B4F1FF3F08BF2C46F5E70223A4F5007416
:1010B0007371631004F0010401330134336034713F
:1010C000CDE70725CBE70125C9E700BF4EA7000004
:1010D00070B5866A456D044606F026FCAE420AD01D
:1010E0006B1CB34207D0834205D01448572106F049
:1010F0003AFD002070BDB6F5007F1CD9104857217D
:10110000F5E7626A216D02EBC30201EBC30152688D
:101110004968914202D00B485721E8E701339D42CC
:10112000EFD1AE4205D9636A03EBC5035B68934216
:10113000F1D10120DEE700231A46F0E771A7000095
:10114000A9A70000D8A7000000B589B004A9032012
:1011500007F04DFA9DF81020012A41D0254B264971
:10116000032A08BF0B469DF8132002929DF8122017
:1011700001929DF81120214800924921204A06F051
:10118000F2FC06A9012007F032FA9DF81820012A86
:1011900028D0184B1849032A08BF0B469DF81B207E
:1011A00002929DF81A2001929DF81920009213488E
:1011B000144A492106F0D7FC9DF81030012B13D1B9
:1011C0009DF81230032B0FD19DF81830012B0BD056
:1011D0000D48492106F0C7FC022009B05DF804FB68
:1011E0000A4BC0E7094BD9E70948492106F0BBFC87
:1011F0000020F2E704A800000DA8000021A80000CC
:1012000013A8000062A8000072A8000008A800004F
:1012100091A8000070B54B6814461E4A03F0FF23E6
:10122000934286B006460D462FD10B68012B2CD178
:1012300004A9204603F03EFA9DF81020012A26D08A
:10124000154B1649032A08BF0B469DF8132002923E
:101250009DF8122001929DF8112000921048114A29
:10126000492106F080FC9DF81030032B0DD121465A
:10127000304606F0C7FA204607F0ACF9A9682046C8
:1012800006F0EEF9204603F0F5F906B070BD064B06
:10129000DBE700BF0001000404A800000DA8000067
:1012A00021A8000062A8000008A800002DE9F04F66
:1012B000164689B005460C467448492106F053FC91
:1012C0003146284606F041FB6B6A824620465E683E
:1012D00006F057FAE8B1E86D06F0A4F9AF6A00230A
:1012E000013F3344834201D2013FFAE7BA4510D3AC
:1012F0006748572106F037FC07FB06F365480AFBF1
:101300000662572106F02FFC0123E37109B0BDE806
:10131000F08F06A9032000F08DFC07A9012000F042
:1013200089FC079A21462846FFF774FF6379012B51
:101330004BD1DFF864B1574641E02268C2F10103A6
:1013400053449F423AD86B6A196853F8370003EB4D
:10135000C703012A53F8083CA3EB0103A0EB0109E2
:10136000049311D1079B0393E368022B08D04146F5
:10137000284606F047FA22464146284606F078FA03
:101380000399284606F03EFA32464946404606F0A2
:1013900037FA049B42464146CDE900962846FFF7BE
:1013A000F9FB2146284606F0F9F92368013323604A
:1013B00020B1DBF800300133CBF80030013FDDF81D
:1013C0001880002FB9D10123236002236371012704
:1013D000BA45DDF8189006D2484606F0D1FB0798CA
:1013E00006F0CEFB92E723689F424DD36A6ADDF890
:1013F0001CB052F837100491FB00083B11680391B0
:10140000D1582A6DD0581368A0EB03082379012B1B
:1014100038D1039B3246C91A4846059106F0F0F9C7
:101420000599009143464A46594601962846FFF7DA
:10143000B1FB2146284606F0B1F90223237118B109
:10144000154A13680133136032464146584606F088
:10145000D7F9DDE9032349469B1ACDE900865A46B0
:101460002846FFF797FB2146284606F097F92368A0
:10147000013323600123237130B1074A136801331C
:10148000136001E0022BDFD00137A1E7A8A800001C
:10149000D1A8000000A900006C2C0020BFF36F8FC2
:1014A00072B6124B4FF0FF32C3F88020C3F884208D
:1014B000C3F88820C3F88C20C3F89020C3F8942088
:1014C000C3F89820C3F89C20C3F88021C3F8842176
:1014D000C3F88821C3F88C21C3F89021C3F8942164
:1014E000C3F89821C3F89C21704700BF00E100E0D9
:1014F000F8B5254B254D4FF0FF3401275F60C3F849
:101500004843C3F8084303F5C04300265F60C3F8AF
:101510004843C3F8084303F5983302205F60C3F8DB
:101520004843C3F80843C5F8084300F051FF6F6013
:10153000C5F84C61D5F84C31C5F81061D5F81031BB
:10154000C5F84461D5F84431C5F8006505F518358E
:101550002820C5F8084300F03BFF6F60C5F84C61D8
:10156000D5F84C31C5F81061D5F81031C5F8446193
:10157000D5F84431064BC5F80065C3F808454FF06F
:101580008043C3F80843F8BD00B00040002000408D
:1015900000F00140014B1B68184700BFC804002041
:1015A000014B1860704700BFC804002007B50B4608
:1015B000002102460091034800F006F803B05DF8F0
:1015C00004FB00BF951500002DE9F04F8DB01D46BE
:1015D000531E8246019103934FF00009039B5878F4
:1015E000252803F1010419D11E4600204FF0FF38D1
:1015F000023603460290444631780396392954D87E
:101600001F2914D8002900F0EE8101992520D04728
:1016100001993078D04709F10209DFE7002800F08E
:10162000E2810199D04709F101090394D6E7A1F1BC
:101630002002192AE9D801A757F822F0A5160000C0
:101640000B1600000B160000A51600000B1600007C
:10165000251700000B1600000B1600000B160000EB
:101660000B16000071170000A51600000B160000F5
:1016700085170000311700000B1600003F1700000F
:101680005F1700005F1700005F1700005F17000082
:101690005F1700005F1700005F1700005F17000072
:1016A0005F17000008460136A6E7582900F0EB80D6
:1016B000A1F16302D7B2172FA7D8172AA5D801A77F
:1016C00057F822F02D190000AB1700000B16000090
:1016D0000B1600000B1600008B170000AB17000064
:1016E0000B1600000B1600008B1700000B160000F5
:1016F0000B1600000B160000611800000B1600000E
:101700000B160000011900000B160000AB170000BB
:101710000B1600000B160000611800000B160000ED
:101720008B17000001992520D04709F1010955E7E1
:10173000029A02F0FE0202924FF00008B3E7002C7A
:101740000DDAB8F1000F0DDA029A002A00F0438199
:1017500024EAE4740A2202FB0414303CA3E7B8F143
:10176000000FF5DB0A2202FB0812A2F130089AE70B
:10177000B8F1000F55F8042B80F22F81002A80F277
:101780002E815442022202928DE7682903D1682BF0
:1017900006D1482387E76C2902D16C2B00F0218108
:1017A000002B7FF432AF0B467DE77A2B06D17529EB
:1017B00055F8046B14D14FF0000B0CE06C2BF6D0F5
:1017C0004C2BF4D1073525F007037529D3E9006BBD
:1017D00003F1080506D120283BD1854F013C09E0E3
:1017E0004FEAE67BBBF1000FF5DA7642814F6BEBF7
:1017F0004B0B013C0DF12D03059300230493304660
:1018000059460A220023FEF77BFC059B303203F881
:10181000012DB4460593049B5A46BCF10A0F8B4632
:1018200072F1000203F1FF3106460491E7D2C3F1E1
:10183000010B30330DEB0306B8F1000FA6F10406DF
:101840006DDA029BD9077DD4A8EB0B03A4EB0B0444
:1018500013E02B280ABF684F684F04F1FF34C9E733
:1018600070290FD155F8042B0023FAB9634F644E49
:10187000053C6FF004034FF0050B029A920770D4F9
:10188000A04666E078216C2B03D155F8042B002389
:1018900008E04C2BF9D1073525F007031D465B689E
:1018A00055F8082B232825D1880621D5554F023C11
:1018B00001F06001A1F1390B0DF12D0E002602F0AF
:1018C0000F01092988BF594430310EF8011D102A33
:1018D0004FEA121141EA03714FEA131C73F100033E
:1018E00006F1FF3008D2C6F1010B06F13003A1E783
:1018F000454FDCE7414FDBE706460A466346DEE735
:1019000055F8046B304606F0F0F9B8F1000F834645
:1019100002DB4045A8BFC346384F4FF00008A8EB94
:101920000B03002B92DDA4EB0804A6E755F8043B5B
:101930008DF81830314F013C4FF0FF334FF0010B61
:1019400006AE9AE7A046EAE7029301992020D04725
:10195000029BB8F10108F7D524EAE472013C9144F6
:10196000A41AB84606E0049302920199D047029A5D
:10197000049B9046424612F8010B0028F3D11A4608
:10198000013A15D5002BACBFC7EB03077F425B467E
:10199000013B15D5BBF1000FA8BF5F444F4426465D
:1019A000013E14D5002CA8BF3F1907EB080915E626
:1019B0000493029201993020D047049B029ADFE7FA
:1019C0000293019916F8010BD047029BE0E70199B9
:1019D0002020D047E4E70122D5E6904663E614468E
:1019E00061E64C235FE648460DB0BDE8F08F00BFCE
:1019F0007CAE000050AA000052AA00008AA5000098
:101A00005AAA000054AA000057AA00002DE9F04786
:101A1000058B04462807904611D4022905F00705D6
:101A200040F0CC80204605F0C6FF78B10138218B0C
:101A3000042811D8DFE800F0C2106D859500012957
:101A40000CBF45F0100545F02005258388F311886B
:101A5000BFF36F8FBDE8F08701F0070AAA4500F0D9
:101A6000A5800027B9463E46A368002B00F0BC8045
:101A700041F00801218388F31188BFF36F8FA168BB
:101A8000002900F0BA800D68002900F0B680D1F876
:101A90000480334652462046C047002D76D02B683E
:101AA00029461D46F0E701F007035A1F012A1BD8FB
:101AB000002221F00701062B276889B2C4E9002221
:101AC00009D13B4603E0628B013262831B68002B25
:101AD000F9D141F002012183204605F06CFF002876
:101AE0007AD041F0200176E0042B0AD121F00701E1
:101AF00089B22183204605F05EFF10B141F020013C
:101B00002183218B01F0070AAA454FD00027B9464F
:101B1000AAE7236921F0070141F00601062DD3F859
:101B2000009021832DD1B9F1000F3FD041F0080181
:101B3000218388F31188BFF36F8F3A492046C84745
:101B400029E021F00701236941F0040189B2042D45
:101B5000D3F804902183E6D000273E464FF0040AD4
:101B600082E721F00701236941F0050189B2052DC3
:101B7000D3F808902183D6D000273E464FF0050ABF
:101B800072E700273E464FF0060A6DE72B4687E7CF
:101B9000B9F1000FD1D1EFF31188202383F312881C
:101BA000BFF36F8F238B23F008032383258BEA0673
:101BB0002ED525F01003238305F007056669218BD8
:101BC000002EBFF670AF00232768C4E9003321F070
:101BD000070141F001012183218B01F0070AAA4589
:101BE0004FF000097FF440AF002F9CD041F0080176
:101BF000218388F31188BFF36F8F002FC8D03D6811
:101C0000394633465246204605F001FF2F46F4E799
:101C1000AB067FF51BAF25F02003238305F00705F6
:101C200000E700BF3B7A0000014B036000207047D3
:101C300040A0000070B5114B1C680D46DCB1104B84
:101C4000196800238B4202DB6FF0010070BD224651
:101C500012F8106B864202D001331446F2E7E068B6
:101C600010B96FF01200F1E707F02BFF0028F8D051
:101C70002C600020EAE76FF00C00E7E7CC040020BE
:101C800040A0000070B588B005460C46C0B2694659
:101C90001646FFF7CFFF00281BDB0098C8B143684A
:101CA0000293836822680195CDE903360023CDE9CC
:101CB00006230593C56805F063FF6DB12846084902
:101CC00001AA06F020FA079808B9059B236008B01E
:101CD00070BD6FF01500FAE76FF01200F7E700BF74
:101CE000237C000008B5054805F04EFE044805F0C9
:101CF0004BFEBDE80840034805F046BE66AA00005A
:101D000097AA0000CAAA000037B505460C46C9B11B
:101D10008B680093D1E900231248452105F023FF89
:101D200063690093D4E903230F48452105F01BFFA5
:101D3000E2690E48452105F016FFA2690C484521CD
:101D400005F011FF012D06D1EFF305820948103A85
:101D5000452105F008FF2146284603B0BDE8304084
:101D600004F008BDF8AA00002CAB000060AB000036
:101D700074AB0000A7AB000030BFFFF7FDBF00BF92
:101D8000074A936893F90E10002907DB52699342C2
:101D90001FBF044A536843F080535360704700BF2D
:101DA000C02D002000ED00E02DE9F843364D8046BF
:101DB000894636484521174605F0D5FEAB6ADE0652
:101DC00026D53348452105F0CEFE1124AB6A1D0708
:101DD00004D53048452105F0C6FE12242A4DAB6AD1
:101DE000980717D545212C4805F0BDFE6E6BAB6AF0
:101DF000190645D529483246452105F0B4FEB9F10A
:101E0000000F03D0AB6A23F08003AB62132403E01E
:101E10001024DBE76FF015061B4DAB6ADA0704D51B
:101E20001F48452105F09FFE1424AB6A9B0604D58C
:101E30001C48452105F097FE1524134B9A6AD506D8
:101E400002D49A6A90070AD55B68190507D54146FE
:101E5000304600F02FFB10B180F3098802240A4BB2
:101E60009A6A920642BF5A6A22F400525A629A6AE9
:101E700042F0FF029A6200233B702046BDE8F883DF
:101E80006FF01506C2E700BF00ED00E0BFAB000039
:101E9000DAAB000012AC00002AAC000047AC000036
:101EA00062AC000086AC000010B5204C20484521F3
:101EB00005F059FEA36A990136D51E48452105F063
:101EC00052FE1E20A36ADA0104D51B48452105F005
:101ED0004AFE1F20154CA36A1B0304D51748452151
:101EE00005F041FE2120A36A590304D51448452179
:101EF00005F039FE22200D4CA36A9A0304D511483F
:101F0000452105F030FE2320A36ADB0304D50E48EB
:101F1000452105F028FE2420044A936A6FEA034312
:101F20006FEA1343936210BD1D20CBE700ED00E084
:101F3000BAAC0000D7AC0000EFAC00000EAD000062
:101F400031AD00005BAD00007AAD000070B5284CEB
:101F500006460D462748452105F005FEA36AD9042B
:101F60003BD52548452105F0FEFD1720A36A1A053B
:101F700004D52248452105F0F6FD18201C4CA36A23
:101F80009B0511D51E48452105F0EDFDA26BA36A06
:101F9000180408D51B48452105F0E5FD1EB1A36ACC
:101FA00023F40043A3621920114CA36A590504D5F8
:101FB0001548452105F0D7FD1A20A36ADA050ED58C
:101FC0001248452105F0CFFD1B20094A936A43F4CE
:101FD0007F43936200232B7070BD1620C6E7A36A6F
:101FE0009B04F2D50A48452105F0BDFD1C20ECE715
:101FF00000ED00E0AAAD0000C5AD000012AC00008D
:10200000DBAD0000F9AD000013AE000033AE000000
:1020100086AC00002DE9F0415D4B5F688AB0054653
:10202000C7F30804002686F31188BFF36F8F02F010
:102030007F43B3F17F4F07D102F00C03082B14D17B
:102040005448452105F08FFD002635464FF0000825
:10205000E31E8DF80780092B00F28780DFE803F08C
:102060000A7A7E7685858585858210074CBF0D4668
:102070000126EBE74848464C452105F074FD8DF8F4
:102080000780E36A9A0705D54448452105F06BFDB2
:10209000002433E0E36A002B02DA41484521F5E7EA
:1020A000E36A5B00F4D53F48452105F05CFD6369B8
:1020B000AA6943F480736361BFF34F8FBFF36F8FDF
:1020C000636932F8022C23F480736361BFF34F8F8E
:1020D000BFF36F8F4DF602739A4209D0A36ADBB249
:1020E00033B30DF1070201212846FFF75DFE2FE013
:1020F0002A682D48452105F036FD2C689DF80730EB
:102100009BB92022294602A805F006FE099B002E55
:1021100038D0C3F3080222B96FEA53236FEA43238E
:10212000099302A92046FFF7EFFD0AB0BDE8F08150
:10213000A36A13F47F4F05D00DF107010120FFF7CB
:1021400005FF05E0A36AB3F5803FA1D3FFF7ACFE1E
:102150000446D3E70DF107020021C5E70DF10701A1
:102160000020ECE71148452190E71149114A124837
:1021700017F4F87F08BF0A46A4F11003452105F0C3
:10218000F2FC85E723F4FF7323F00103C8E700BFE7
:1021900000ED00E07EAE0000AEAE0000CAAE000072
:1021A000F0AE000003AF000027AF000048AF000012
:1021B00050AE000065AE000071AF0000044B5A69DC
:1021C00042F010025A615A6922F008025A617047BF
:1021D00000ED00E0EFF30880EFF3098101B57246EE
:1021E000FFF718FF01BD00BF002080F31488BFF384
:1021F0006F8F03F0B7F900200D490860BFF34F8FD0
:102200000C4880F3088800F02BF8202080F3118818
:1022100009484FF40461401880F30988EFF31480F3
:102220000221084380F31488BFF36F8F00F00AF98E
:1022300094ED00E000790020404700200749D1F8E4
:1022400090200023C2F307221846934200DB704718
:10225000C1F89830C1F8A0000133F6E700ED00E0C6
:1022600008B572B6002383F31388FFF7E7FF144B1A
:102270004FF0FF32C3F88020C3F88420C3F88820D1
:10228000C3F88C20C3F89020C3F89420C3F898209A
:10229000C3F89C20C3F88021C3F88421C3F88821A7
:1022A000C3F88C21C3F89021C3F89421C3F8982176
:1022B000C3F89C2162B6BFF34F8FBFF36F8F08BD89
:1022C00000E100E0084B9B6883420BD1EFF30583EC
:1022D00043B1064B5A6842F080525A605A6A22F45F
:1022E00000425A6207F0E1BCC02D002000ED00E082
:1022F000094A93686FF00A019967084958674B6863
:1023000043F080534B60002383F31188BFF36F8F3A
:102310009368986F704700BFC02D002000ED00E06B
:1023200010B50446EFF31183202383F31288BFF323
:102330006F8F094B58699860084B4FF000625A60E4
:102340000022436F426783F31188BFF36F8F00F061
:1023500015F9204610BD00BFC02D002000ED00E0A3
:102360000B498A684FF030001044EFF3098C80E885
:10237000F01F74467046FFF7D3FFA64604498A68EB
:1023800002F1300090E8F01F8CF3098870470000DC
:10239000C02D00201EF0040F0CBFEFF30880EFF3F8
:1023A0000980816911F8021C0229FFD001B505F0EE
:1023B0005AFC01BD40B2002807DB044A4109012351
:1023C00000F01F00834042F82130704700E100E038
:1023D00040B200280CDB4309064900F01F002033FF
:1023E0000122824041F82320BFF34F8FBFF36F8F4C
:1023F000704700BF00E100E0054B420900F01F00FC
:1024000053F82220012303FA00F01040704700BF68
:1024100000E100E040B20028A8BF00F1604001F1F7
:102420000101B8BF064B4FEA4111ACBF00F5614056
:1024300000F00F00C9B2B4BF195480F80013704700
:1024400014ED00E00B4A08B50B4B22F07F029A60B6
:10245000BFF34F8FBFF36F8FD3F8882022F4700241
:10246000C3F8882004F04CFA04F0ACFE00F05CF8ED
:1024700004F08AFA0000000000ED00E042F8203C81
:10248000009B42F81C3C0A49019B42F8183C029B05
:1024900042F8143C21F001014FF0807342F8043CF3
:1024A00042F8081C0023203A02654367704700BFCA
:1024B000A3790000094A0346906870B113F1160F22
:1024C000406E05D0A0F140029A4205D8834203D263
:1024D000814228BF0020704700207047C02D002097
:1024E00008B50B4B0E461546986000F047F82C4691
:1024F00086F309884FF00000064B984720464FF0BE
:1025000000014FF000024FF00003034C204700BFD2
:10251000C02D0020857C0000A3790000014B102213
:102520001A61704700ED00E0044800232021C21822
:102530000133302B82F80013F9D1704700E100E03D
:1025400008B5EFF30583064A103B02EBC30152F8CE
:10255000330049688847BDE80840FFF711BC00BF59
:10256000309E0000024B034A0348012100F0B0B83E
:102570000000022000000020B4A00000426E054BC5
:10258000403A1A60044A4021C3E901121846012169
:1025900000F0A8B8702C002000000B1507B502460B
:1025A0000C48C0F898200B6823F01F03134343F036
:1025B0001003C0F89C308B6843F00103C0F8A030D2
:1025C0008B6800930B680448442105F0CCFA03B0F3
:1025D0005DF804FB00ED00E08DAF000038B50E4B58
:1025E000D3F89030C3F30723013B98420D460446CD
:1025F000024607D90948452105F0B5FA6FF01504E0
:10260000204638BD0648442105F0ADFA294620464B
:10261000FFF7C4FFF4E700BF00ED00E0A5AF000046
:10262000D0AF00002DE9F043DFF8708085B00E4692
:102630001F4605464FF00009B1450CDA6B684BB3F5
:1026400097B1591E0B420AD015484A46452105F05C
:102650008AFA6FF01502104605B0BDE8F0831F2B13
:10266000F2D92B681942EFD1D4B222464421404618
:1026700005F079FA2B680193D5E9010305F025FBF4
:1026800001A9034320460393FFF7A8FF10F1160F9B
:10269000DFD0421C09F101090C35CDE71EB0000066
:1026A000F6AF0000044B0522C3F89420BFF34F8F10
:1026B000BFF36F8F704700BF00ED00E0BFF35F8F87
:1026C000024B0022C3F89420704700BF00ED00E0E9
:1026D00010B5034C01232278FFF7A4FF207010BD32
:1026E000F046002008B50B4A00231278FFF79AFF46
:1026F00010F1160F07D0084A0021D2F89030C3F32A
:102700000723984200DB08BDC2F89800C2F8A01069
:102710000130F2E7F046002000ED00E02DE9F04343
:10272000544A554ED2F890303568C3F307239D4282
:1027300085B000F29C80D2F890205048C2F3072266
:10274000442105F010FAFFF7B9FF00240C27A54239
:102750001AD14B4C4B4F25706846FFF765FADFF8EE
:102760002881DFF8289106460025AE4214D123784F
:1027700040490020D1F89020C2F30722934270DB39
:10278000FFF790FF002041E07168204607FB04112D
:10279000FFF704FF0134DAE7009800EB05114FEA78
:1027A000051CCB683B40B3F5000F44D00AD8B3F505
:1027B000001F2ED0B3F5800F34D0B3F5801F10D09A
:1027C0000135D2E7B3F1807F3ED0B3F1007FF7D17E
:1027D00050F80C3088684A6805F077FA40F4802099
:1027E00009E050F80C3088684A6805F06EFA40F04D
:1027F000885040F43020039001A92078CDE90123CE
:10280000FFF7ECFE002828DA6FF0150005B0BDE8F0
:10281000F08350F80C3088684A6805F056FA40EAB0
:102820000800E8E750F80C3088684A6805F04DFA6F
:1028300040EA0900DFE750F80C3088684A6805F084
:1028400044FA40F08270D6E750F80C3088684A6845
:1028500005F03BFA40F08870CDE723780133237010
:10286000AEE7C1F89830C1F8A000013382E74FF01D
:10287000FF30CBE700ED00E0C0A0000046B0000054
:10288000F04600200000F0FF0000081100000202E6
:10289000014B1860704700BFD0040020024B01229A
:1028A000C3F840250020704700E0014020B1034BF1
:1028B000800143F001031847704700BF10A00000DB
:1028C000084B70B5C31A0D4607499B10044659437F
:1028D0000648402205F040FA2B4601462046BDE856
:1028E00070401847902C0020B76DDBB6909D00001B
:1028F00073B50C4C0C4A4023041B00930D460B4649
:102900000A49A41061430646094805F050FA011E21
:1029100005DA30462B4602B0BDE87040184702B0D9
:1029200070BD00BF902C0020177E0000B76DDBB695
:10293000909D000010B5EFF31184202383F31288DB
:10294000BFF36F8F074A136823F00201DB071160A2
:1029500002D4012006F05EFF84F31188BFF36F8F6D
:1029600010BD00BFE02C0020002270B501210446FC
:102970001046FFF74FFD0F4802F0E4FE0E4B984261
:1029800015D102F0EFFE26690C49304605F062F8D9
:1029900000280BDB012535642469084904F11C007B
:1029A00005F058F8002801DBE564002070BD6FF0E9
:1029B0000400FBE75D2A00000000AD0BE0A0000072
:1029C0001FB500220123CDE90223094ACDF800D02A
:1029D0006B46CDF804D005F017FA002805DB4FF45C
:1029E00080420023684604F061F805B05DF804FBFE
:1029F000357E000070B5154B0C2141430B4400227D
:102A0000D3E90E6504469A63EFF31180202282F326
:102A10001288BFF36F8F1A6C02F0C00242F00202FC
:102A20001A6480F31188BFF36F8F094B09480B4478
:102A300044219A6805F097F836B12A462146334674
:102A40000548BDE87040184770BD00BF902C0020BD
:102A5000ECA0000075B00000909D000010B10128AE
:102A600004D07047034B1B6C5B0701D1FFF7C2BF5B
:102A7000704700BF902C002010B4EFF31182202388
:102A800083F31288BFF36F8F1748016841F0020487
:102A90000460C80707D482F31188BFF36F8F012049
:102AA00010BC02F071BE4FF08041D1F80C04D1F897
:102AB0000C14C907EFD5EFF3118083F31288BFF32D
:102AC0006F8F0A490B6C03F0C00343F002030B64E1
:102AD00080F31188BFF36F8F82F31188BFF36F8F7C
:102AE000002010BCFFF786BFE02C0020902C0020B7
:102AF0002DE9F0413849BFF35B8F0746012251E8C9
:102B0000003F41E800200028F9D1BFF35B8F33B9C3
:102B1000324933484B60CB608A6004F0AEFF7B1EC5
:102B2000012B2BD8012F07D14FF08043D3F81C3451
:102B300003F00303012B21D007F00AF80546F8B98A
:102B4000284B1B78E3B14FF080430222C3F80823DF
:102B50000646DFF894804FF08044D4F81824D4F867
:102B60001834D20315D503F00303012B01D0012F34
:102B70000FD155B386F31188BFF36F8FBDE8F08195
:102B8000EFF31186202383F31288BFF36F8F0125A3
:102B9000DFE7ADB1304605F089F8D4F81835002BE1
:102BA000DBD1D4F80421002AD7D0C4F80431D4F8FA
:102BB00004310123C4F81835C8F88031A360CCE78C
:102BC0000021212004F054FAE7E74FF0804302226D
:102BD000C3F80423D2E700BF8C2C00207C2C0020FB
:102BE000AC2C00201347002000E100E008B50748A6
:102BF00006F067FF38B10648FFF74AFE0448FEF7C3
:102C0000CFFC002008BD6FF01200FBE7CC9D000058
:102C1000152C00000A2838B5074D044604D1AB68CE
:102C20000D215B6828469847AB6803485B68E1B2B2
:102C30009847204638BD00BFCC9D00000048704733
:102C400050A100002DE9F347054600690F1ED0F89A
:102C50001C901646C0F28580BB184B4500F281805F
:102C600047EA0204C4F30B04002C7AD105F0EDF816
:102C70002146284605F03AF94FF0FF3A0446002E67
:102C80004CD10121284605F031F9002C08BF04463B
:102C9000286905F0D8F8204602B0BDE8F087286919
:102CA000A04600F1110319305A7882B10AFA02F1F4
:102CB00037EA01010BD101219140B14207D8B8F1A7
:102CC000000F1CD098F80110914238BF984602338B
:102CD0008342E9D1B8F1000F13D0002398F8001017
:102CE0008122CDE9003328463B4605F0B4F898F838
:102CF00001200123934004461F44F61A27E098461A
:102D0000E5E719483B463246442104F02CFF6FF0BA
:102D100015040121284605F0E9F8B9E7002CF8D19F
:102D2000CDE90044234680220621284605F093F889
:102D300004460028EDD1B145B1D1CDE900000346EC
:102D40008022C721284605F086F800260446002C7C
:102D5000DFD140F267620023284605F0F5F804460B
:102D60008DE76FF0150496E7B5B000002DE9F04F40
:102D700091B0044604AF00694FF0FF32012106F024
:102D8000DBFE6668306806F09CFEC0B1F06890B962
:102D9000206905F05AF8204605F0C5F8051E15DC37
:102DA000206905F050F8002D15DA6E482A464521B5
:102DB00004F0D9FE03E006F084FE0028E8D16FF0AD
:102DC000120528463437BD46BDE8F08FE9071BD40D
:102DD000206905F038F8206905F037F803230193DE
:102DE00007F11003009300231A469F21204605F0A7
:102DF00032F88046206905F026F8B8F1000F0ED0B1
:102E0000594842464521D3E75848572104F0ABFEC4
:102E100000220023204605F097F80546C0E7337EE0
:102E2000A3B3206905F011F8204605F07CF8051ED3
:102E300027DD337E25EA03053D764346CDE900884C
:102E400080220621204605F006F8054630B12069AB
:102E500004F0F9FF46482A464521A9E7012107F178
:102E600018030093019103468022204604F0F3FFEB
:102E700005460028EBD100220023204605F064F827
:102E80000546206904F0DFFF002DE3D12069C7F873
:102E900008D004F0DAFF18230193FB1800930522F1
:102EA00000235A21204604F0D6FF0646206904F08C
:102EB000CAFF46B12F483246452104F054FE2D4842
:102EC0003246452174E7BA692B4B9A4206D02B480B
:102ED000452104F048FE6FF01506F0E7BA7F7B7FCE
:102EE000274801320292FA7F01923A7F00922268CB
:102EF000492104F038FEBB7F012B9CBF0133DBB2BC
:102F000007F1200B94BFDB0010235B447B605D4620
:102F10007B68AB423AD12669D7F808D0F5693346C9
:102F200006F108000022597C21B1997C0AB1914236
:102F300000D20A4602339842F5D1002A00F05581AA
:102F4000012393405A1ED20440F123814FF4805252
:102F50000C48452104F007FE6FF015020A48452190
:102F600026E700BFF5B0000023B10000D3B0000099
:102F700041B100005BB100005346445075B1000000
:102F800092B100008AB2000013B30000EB792E78F2
:102F9000A9799D4846EA03266B791B0243EA01435F
:102FA00029790B430393EB7802936B780193AB7809
:102FB0000093A5EB0B023346D210492104F0D3FD58
:102FC000B6F57F4F40F0E08095F803806E79C7F842
:102FD00000D0B8F1140F28BF4FF014084FEA88084A
:102FE0004346242B38BF2423073303F4FF63ADEBA0
:102FF000030DAB792069360246EA03462B790DF1C1
:1030000010091E4304F021FF3302CDE90098052288
:103010005A21204604F01FFF0646206904F013FFE2
:10302000002E40F091802369FB6003F1110AD9F86A
:103030000430002B80F2908023F000430122A3F1A2
:103040002006C3F1200102FA06F622FA01F10E432E
:1030500002FA03F3DB0843EA4676B6F5801F34BF75
:103060006B214D2122686948009134BFB30A330DAA
:10307000492104F078FD08220021504604F057FE53
:103080004FF0010852464146484605F068F850B9ED
:103090009AF801209AF800305D48012101FA02F205
:1030A000442104F060FD08F101085FFA88F8B8F1E6
:1030B000050F0AF1020AE5D1EB7856480A2B81BFC9
:1030C000D9F828300122C3F303139A40FB6898BF54
:1030D0004FF480725A83DE61442104F044FDD9F834
:1030E000003013F4C02F4DD007F114024946284692
:1030F00000F05CF90646002844D197F81480464851
:103100004246442104F02FFD08F1FF33DBB2FD2BD2
:1031100038D818F0030F39D0206904F096FE18F063
:10312000020F1BD10023CDE900338022B7212046B6
:1031300004F091FE0646E8B1206904F084FE3748A9
:103140003246452104F00FFD35483246492104F04E
:103150000AFDD7F808D0B2E601337BE7CDE9006677
:10316000334680220621204604F075FE06460028DC
:10317000D8D0E1E72269137C43F00103137420697E
:1031800004F061FED7F800D00835C1E66FF085067F
:10319000D5E7C5F30B0333B122482B464FF48052D9
:1031A000492104F0E0FC4FF480532A0B73621E485F
:1031B0003262442104F0D7FC206904F046FE6368C3
:1031C0005B7EDB0714D50023CDE900338022B921D3
:1031D000204604F040FE0546206904F034FE002D30
:1031E00009DA15F1860F06D0EBE56FF08502B5E63A
:1031F000206904F028FE206904F027FE206904F00D
:1032000022FE0025DDE500BFB9B10000DFB10000FE
:10321000F7B100000FB2000027B200004BB200006F
:1032200071B20000C0B20000F6B20000024B0B60A9
:1032300001231360704700BF0C2D00200048704729
:103240006CA1000070B50D462846194616461C466E
:1032500004F013FF40B9084823462A46452104F0EC
:1032600082FC6FF0150070BD24B12246294630461D
:1032700004F052FD0020F6E744B3000010B501222F
:1032800011460648064C06F057FC06F063FB20602A
:1032900006F05CFB6060002010BD00BF142D002014
:1032A0000C2D0020F8B50E46144606F04FFB2146C3
:1032B0000546304604F0E1FE374650B3B6FBF5F361
:1032C00005FB136323B9B4FBF5F305FB134343B1CB
:1032D000124823463246452104F045FC6FF01500A4
:1032E00002E0A54201D90020F8BD4FF0FF324FF0B7
:1032F000FF330B4803F0DAFB06F028FB054638469F
:1033000002F0C4FE641B2F44F9D1054803F0AAFB68
:10331000E9E70448234632464521DDE766B300006D
:10332000142D002044B30000F8B50E46304619466F
:1033300017461C4604F0A1FE40B918482346324601
:10334000452104F010FC6FF01500F8BD46EA0405B5
:1033500015F0030504D01248234632464521F0E714
:10336000A4B110484FF0FF324FF0FF3303F09EFB43
:1033700024F00304AC4206EB050009D10A4AD2F856
:103380000034DB07FBD5074803F06CFB0020DCE7CB
:10339000795902F09BFE0435ECE700BF44B300000E
:1033A0008AB30000142D002000E00140C3780F2BE9
:1033B00014D9C96B0B480B0E13708B0200EA9110E5
:1033C00003F47C030906034301F0FE4110680B433C
:1033D000054901400B431360002070476FF08500E2
:1033E000704700BF00FF0300FF000080F0B5406899
:1033F000057B01F01F0444EA4514056987B0002DE0
:1034000064D0B2F5001F00F1100506D12146284610
:1034100006F091FA002007B0F0BD01AE0027B2F52A
:10342000800F0197776039D1B3F1007F14BF052376
:1034300004238DF804300023CDE9046303938368EB
:1034400023FA01F111F001011AD1B2F1A07F17D1D5
:1034500004F01F03620903F5E0732AD0012A3BD16F
:103460001F4A52F82330DB070AD40DF10306324617
:103470002146284602F064FC1A4B98421CD0029662
:1034800003AA2146284602F01DFB174B984220D183
:1034900001222146284602F0B7FCBBE7B3F1C06F1A
:1034A00005D0B3F1007F14BF01230223C1E703233A
:1034B000BFE74FF0A042D4E73146284602F09EFC19
:1034C000094B9842DBD06FF00B00A4E76FF085004A
:1034D000A1E76FF015009EE751F82330FFDE00BF33
:1034E000000300500400AD0B0000AD0B38B545687B
:1034F0002B69B3B11035284602F070FC044680B940
:103500000146284602F036FC084B98420BD1084988
:103510002246284602F00EFC224605210620FEF730
:1035200079FF002038BD6FF00400FBE70000AD0B11
:1035300035350000420970B5034602D0012A17D084
:1035400070BD0D4E326951680029F9D003F01F0398
:1035500001250C689D400029F2D08A682A4002D0DB
:103560004B68304698472CB1236821461C46F2E749
:10357000024EE7E72346F8E7B89D0000A49D00004F
:103580002DE9F043466840F20635D006337B87B01C
:1035900002EA050554BFC2F34010032001F01F07E3
:1035A000B5F5837F144647EA43178DF8030045D0ED
:1035B0000FD8062D18D007D8B5B1022D40D06FF026
:1035C000150007B0BDE8F083B5F5807FF7D1012580
:1035D0000AE040F20222954234D0B5F5407F33D064
:1035E000B5F5007FEBD102250123220303FA01F197
:1035F0002CD57368C3F80815326982BB07F01F0326
:103600007F0929D0012F77D13E4A02EB830284F44F
:103610008033D2F80017C3F30043C4F3404444EAB4
:10362000430421F4E16144EA800421F0070144EA03
:1036300005230B43C2F800370020C2E70725D3E774
:103640000425D1E70525CFE70325CDE7630344BF74
:103650007368C3F80C15CFE74FF0A042D5E71036DA
:103660000DF102023946304602F06AFB14F4403F85
:1036700080460CD13946304606F05BF9224B98451E
:10368000DAD19DF80210304602F0B2FBD4E701AB6C
:103690004FF0000903AA39463046CDE90439CDE997
:1036A0000199CDF80C9002F00DFA174B984286D193
:1036B00014F4003315D09DF803308DF80E3084F4E7
:1036C0008034C4F300444B4603AA394630468DF893
:1036D0000C508DF80D4002F0AFFA0B4B9842CDD054
:1036E0006DE7CDE9043303AA0DF1030339463046F3
:1036F000039302F0E7F9F0E703F5E07352F82330A3
:10370000FFDE00BF000300500000AD0B036803F0B4
:103710001F025B09026004D0012B034818BF002080
:1037200070474FF0A0407047000300502DE9F04F64
:10373000DFF86091DFF860A185B01546834600EBA5
:10374000810140F2FF18594503D1002005B0BDE8C2
:10375000F08FDBF800305804C3F3C322C3F308042E
:1037600000F191801B0E19F80270444508BF4FF01C
:10377000FF34192B00F28A80DFE803F00D141A1DC4
:1037800020261D8888888836638888888888888865
:103790008888667C7F82C5F80C45621C5ED10BF17F
:1037A000040BD0E7C5F81445631CF8D000265FE091
:1037B000C5F80845F1E7C5F81045F5E7661CC5F8FA
:1037C0000845ECD0002604E0601CC5F80C45E6D0A6
:1037D000012603A80394FFF799FF039B012202FA35
:1037E00003F3C0F80C3508E0C5F80845002FDBD11D
:1037F000631CD4D0002632460627DBF80030019344
:1038000003F40040002818BF002203A8009218BF4C
:1038100001260394FFF77AFF039C019B009A00EBBB
:103820008400C3F3412CD0F800473B0243EA8C03E9
:10383000134304EA0A04234343EA4603C0F800376B
:10384000ADE7C5F80C45D1E7C5F86045621CDBF86B
:103850000030A4D0C3F30043002BB9D003A80394D5
:10386000FFF754FF039B012606FA03F3C0F808355F
:103870003246C2E7C5F86445E8E7C5F86845E5E7BC
:10388000C5F86C45E2E76FF015005FE76FF0850063
:103890005CE700BFEDB30000F0F8FCFF2DE9F0415C
:1038A000044647680D4606F053F94FF0200888B9E2
:1038B000264B1B7873B16426606804F0E5FCF0B910
:1038C000012005F03FFF013EF6D10021212003F049
:1038D000CFFBF0E7EFF31186314688F31288BFF390
:1038E0006F8F606804F0D0FCA8B986F31188BFF32D
:1038F0006F8FEFE786F31188BFF36F8FE5E7EFF384
:103900001186314688F31288BFF36F8F606804F028
:10391000BBFC0028EED0FB691D706368FA691B6868
:103920000020C3F844250122C3F84825C3F820012C
:10393000D3F82041C3F85801D3F858019A6081F3B5
:103940001188BFF36F8FBDE8F08100BF13470020DF
:10395000F7B50546002201210220FEF75BFD02209B
:10396000FEF728FD6B6818681A69C0F82425997D50
:103970005A7D0A43198B1B7D0B431343C0F86C35EA
:103980006E68D6E9004313F001034FD02F6907F1A9
:10399000080005F0E3FE324B984207D0314845213C
:1039A00004F0E1F86FF0040003B0F0BD387A04F1E0
:1039B0000C0204F5907105F0C7FE387A012707FA6A
:1039C00000F001F0B9FE0823C4F80035F369C4F82B
:1039D00044350023C4F84835A760D4F85831002B8B
:1039E000FBD00021C4F800156B68DC6801AA2046F2
:1039F00004F01DFC002805DB019B2268197918687A
:103A0000FFF794FE6A6813680821C3F80015117A5D
:103A100051B9126AC3F834250122C3F83825C3F816
:103A20001011D3F810111A600020BDE70822C4F865
:103A30000025F269C4F84425C4F848350123A36081
:103A4000D4F82031002BFBD00023C4F82031D4F867
:103A500020310123E3604FF48073C4F80433BCE7E2
:103A60000000AD0BF5B300002DE9F8434568076988
:103A700006460021E86B04F055FC041E10DB296C9F
:103A8000481C17D005F1440000F074FB10F1130F2F
:103A9000044608D12948452104F065F86FF0120466
:103AA0002046BDE8F883411D04D12548452104F096
:103AB0005AF8F5E76B6B9847BD684FF00108D7E9F6
:103AC000023203EBC2039D420AD3384604F06DFC78
:103AD00073680021D86B04F025FC00EAE074DFE78E
:103AE000286805F0EEFF38B92A682B791268154866
:103AF000452104F038F8D1E728682979EB88D0F817
:103B000010C0D0F80890DCF80040DA0754BF43F446
:103B1000B01383F4D01323F4801208FA01FEDB07FC
:103B20004CBF4EEA040424EA0E04CCF80040D9F855
:103B300000309847041EB3DB0835C0E737B40000F7
:103B400067B4000089B4000070B506690D460A46E6
:103B500004464421084804F006F8356306F12000C5
:103B600002F080FF002286F85C2020691146BDE843
:103B7000704004F0FABB00BFB2B400002DE9FF4171
:103B80000569D0F804802B6D0646A86C002835D155
:103B9000002B53D0B8F838406A6CEF6C9C4228BFB9
:103BA0001C46EB6C53B1296D41B107F06041B1F196
:103BB000005F03D0082C6F6E28BF082400926A6C47
:103BC000AC651AB1AA6C002A18BF2246CDE90127BC
:103BD0001BB12B6D002B18BF2346002269464046BF
:103BE000039302F0C1FC184B984229D06FF00401F6
:103BF000304604B0BDE8F041FFF7A6BF696CEF6C3A
:103C0000B8F838400A46ABB1834228BF03469C420D
:103C100028BF1C460029C4D001F06043B3F1005F07
:103C2000BFD0082C28BF08242246286E04F074F860
:103C30002A6EB6E7844228BF0446EBE71946D7E769
:103C400004B0BDE8F08100BF0000AD0B10B50278F4
:103C50000346002A69D10C69A26D32B9606D6FF01C
:103C60007301BDE81040FFF76FBFE06C40B1216DFC
:103C700031B1DB6823B1834202D0616E04F04CF8AD
:103C8000A36C33B1A26D9A4211D92848452103F0A3
:103C90006AFF236D33B1A26D9A4227D9234845218B
:103CA00003F061FF606DBDE81040FFF767BF9B1A2E
:103CB000A364ABB9636B08336363A36B013BA3637A
:103CC00004F1480204F1380104F1340004F017FB58
:103CD0006064D4E911231648442103F044FFD8E777
:103CE000636C002BF5D013446364F2E79B1A2365E1
:103CF000ABB9E36B0833E363236C013B236404F14A
:103D0000500204F1400104F13C0004F0F8FAE064D0
:103D1000D4E913230748442103F025FFC2E7E36CED
:103D2000002BF5D01344E364F2E710BDDBB40000D0
:103D3000FEB4000015B500002DE9F04F95B098468F
:103D4000436807938B8804690F4699040646914699
:103D500030D44FF0FF324FF0FF3304F1100002F087
:103D6000A5FE6760D6F804B0D6F810A0DBF80830DE
:103D700009939AF85D3023B1DAF800309F4200F0E1
:103D8000D180B7F804E01EF4006F1AD0B348452183
:103D900003F0E9FE6FF0850523689B8813F4005358
:103DA00004D1636004F1100002F05CFE284615B0F7
:103DB000BDE8F08FA369002BCBD163689F42C8D1C7
:103DC000D0E71EF0010F07D03268A548452103F067
:103DD000CAFE6FF01505DFE71EF0080F04D0A148FA
:103DE000452103F0C0FEF4E7CEF34513082B02D0C3
:103DF0009D484521F5E73B680893089A9B4B9A42FA
:103E000002D89B484521ECE70BF10C0CBCE80F00F5
:103E10000AAD0FC5BCE80F000FC5DDE908329A42B4
:103E200028BF1A469CE80300924B9A4285E803009B
:103E300017D2914B9A4214D2904B9A4211D2904B86
:103E40009A424ED88F4B9A424DD88F4B9A424CD8BB
:103E50008E4B9A424BD88E488E4B8F49824288BFF8
:103E60000B461EF0020F0F930EF0040341D0002BFF
:103E700014BF032302238DF84030CEF300138DF8D6
:103E80004130DBF80030D3F808251EF0020F4FEA6E
:103E90005213CEF3400102F01F0231D16BB3012B5C
:103EA00040F040817D4901239340C1F80C359AF8D8
:103EB0005D302BB1584602F00FFB00238AF85D30CD
:103EC000774A33460AA9584602F0D2FA754B98420F
:103ED000024622D07448452103F045FE6FF00405E8
:103EE0005AE7724BBDE7724BBBE7724BB9E7724BB7
:103EF000B7E7003B18BF0123BDE74FF0A041D2E771
:103F000043B1012B40F01181644901239340C1F872
:103F10000835CCE74FF0A041F7E701238AF85D3080
:103F2000CAF80070012384F85C30079B196C4A1CA6
:103F300009D003F1440004F05AFA743003D15F4809
:103F4000572103F010FE012300935D4843464A4683
:103F5000442103F008FEB9F1000F40F0B780C4F827
:103F600034900023A36304F1480204F1380104F102
:103F7000340004F0C4F907466064B8F1000F40F063
:103F8000AE80C4F83C800023236404F1500204F1A5
:103F9000400104F13C0004F0B2F9236DE064002517
:103FA0002563CDE90403A36C4648CDE90273236C75
:103FB0000193E36B0093D4E90D23442103F0D3FD77
:103FC0002A460121204604F0D0F93046FFF7D6FDFD
:103FD000A06B2A462B46834240F08A800023256C42
:103FE0001946A94240F08B809342274638BF1346BA
:103FF0004FF4FA5202FB03F557F8203B4FF000084C
:104000001B68B5FBF3F54FF4004CC835414640F250
:10401000E7304FF47A720023E5FB0C01FCF770F8EF
:1040200002460B46384602F041FD024600286DD09C
:104030002548452103F097FD0798C4F8588002F001
:104040004BFA84F85D806FF073013046FFF77CFD1A
:10405000384602F051FD6FF073059DE62CB5000067
:104060004BB5000072B5000096B5000047E80100AE
:10407000CAB500000048E8010024F40000127A00EC
:10408000FF083D007F841E003F420F001FA1070074
:104090008FD0030048E8010090D0030000030050D7
:1040A0004D3C00000000AD0B00B6000000093D00D3
:1040B00080841E0040420F0020A107002CB60000A3
:1040C0005BB600007DB60000D1B60000D9F8003024
:1040D0006363002B3FF445AFD9F8043042E7D8F8CA
:1040E0000030E363002B3FF44EAFD8F804304BE7C9
:1040F000616B01EBC301013349680A446BE7E06B74
:1041000000EBC1000131406803446AE7256B15F1FB
:10411000740F91D0002D3FF43FAE0146306904F09A
:1041200024F939E6C1F80C15FFDE0023C3F8083581
:10413000FAE700BF00F01F0240090DD001280ED1A0
:104140000A4B03EB82030A4AD3F80007024042EA13
:104150008102C3F8002770474FF0A043F1E702F552
:10416000E072002353F82230FFDE00BF000300504E
:10417000F0F8FCFFF0B587B001238DF80230022380
:104180008DF804306B4403930F4601AB0DF103012E
:104190000024049305460291059401F02FFE0C4B78
:1041A000984206460FD103AA3946284601F08AFCF8
:1041B000B0420BD09DF80310284601F019FE6FF0B5
:1041C000040007B0F0BD6FF01200FAE72046F8E7F0
:1041D0000000AD0B70B5012383400E4ABFF35B8F27
:1041E000DC4352E8001F01EA040542E80056002EB5
:1041F000F7D1BFF35B8F4FF4803282400648C0F89E
:104200000823BFF35F8FBFF36F8F0B4214BF0120F2
:10421000002070BD4C2D00200010014070B40E49EC
:10422000D1E90034D01AC31844F1000422F07F46CB
:10423000C1E90034A6F50013B3F5400F09D2074BCE
:104240001B681A0A1B069C19054B42F10005C3E9BD
:10425000004570BC03F090B858060020502D002097
:104260006006002011B3BFF35B8F0123104A834027
:1042700052E800CF4CEA030C42E800C10029F7D114
:10428000BFF35B8F0B4A4FF480338340C2F8043393
:10429000094BBFF35B8F1B68BFF35B8FC340DB072A
:1042A00042BF064B4FF40032C3F80021704700BFF5
:1042B0004C2D002000100140482D002000E100E0BE
:1042C0000D4B1868010A0006BFF35F8F0B4BD3F844
:1042D0000435181841F10001B3F5801F0AD2084BCC
:1042E000D3E90023904271EB030303D210F18070F5
:1042F00041F10001704700BF502D00200010014027
:10430000600600202DE9F04F85B016461F469DF847
:1043100040A00446FFF75EFF0190FFF7D1FFB042D7
:1043200071EB070354D23E4B301A67EB0101984200
:1043300071F100014FD23B4B03EB0413D3E902238D
:104340009F4208BF96425ED037494FF4803804F14F
:10435000500508FA04F8AD00C1F848832046ADB214
:1043600004F06DF826F07F4B05F1804504F5A87345
:1043700005F58835DC464FF003090293029A2CF0CC
:104380007F4341F82230C1F84483D1F80435274AED
:104390006FF00200C01A604420F07F40904232D992
:1043A000286868B1D1F804350393A3EB0B0020F023
:1043B0007F40B0F5000F26D9204604F040F8039B5B
:1043C000BAF1000F07D109EB030C09F10109D5E798
:1043D000BAF1000F09D06FF0150520460199FFF7DB
:1043E00041FF284605B0BDE8F08F0123104ABFF316
:1043F0005B8FA34052E8000F184342E800010029F8
:10440000F8D1BFF35B8F07490E98230101EB04122B
:10441000C8500F9B5360C2E902670025DDE700BF6B
:10442000010080004806002000100140FDFF7F00D1
:10443000482D00207FB51C4C1C4BC4F80833C4F831
:1044400048331B4B00254FF0FF304FF0FF31C4F8CD
:104450000855C3E902014FF48033C4F80433154B07
:1044600002264FF400320121C4F804631120C3F87E
:1044700080212A46FDF7CEFF1120FDF79BFF0E4A53
:104480000123A360236013600C4B0D4A0093CDE918
:10449000015500232846FFF735FF3046FEF728FB7D
:1044A000284604B070BD00BF0010014003000F009B
:1044B0004806002000E100E04C2D00201D420000D5
:1044C000FFFF7F002DE9F7432F4CD4F80433990701
:1044D0000BD5D4F8043143B12C4A0023C4F804317D
:1044E000D4F80431136801331360D4F80433DA03C9
:1044F00029D5BFF35B8F264B53E8002F22F0010133
:1045000043E800100028F7D1BFF35B8FD30702D434
:10451000D4F84031BBB10025C4F84051D4F8403143
:10452000FFF7CEFEEFF31182202383F31288BFF34F
:104530006F8F184BD3E90267B042B94106D282F3BC
:104540001188BFF36F8F03B0BDE8F0834FF0FF38E1
:104550004FF0FF39C3E90289D3E900101D604FF421
:104560008033C4F84833C4F84051D4F8403182F362
:104570001188BFF36F8F0029E5D0009032463B468B
:1045800028468847DFE700BF00100140502D00207B
:10459000482D00204806002030B5431C124C85B041
:1045A00005D08442A8BF0446012CB8BF0124FFF700
:1045B00087FE0E4B0C4DD3E90013401AB0F5000FE7
:1045C00010D22218AA4228BF2A4652184FF00000E3
:1045D00007490091CDE9010043F10003FFF792FE86
:1045E00005B030BD2A46F0E7FFFF7F0058060020E7
:1045F0001D42000008B5FFF763FE024B1B68C01A9E
:1046000008BD00BF5806002010B5084C01236360A8
:104610001120FDF7DDFE064BC4F80833C4F848331B
:10462000044B4FF40032C3F8802110BD001001404C
:1046300003000F0000E100E030B50C490C4D0B68A1
:104640000246002405EB0310D0F80808C0B218B9E0
:1046500004B10B60002007E00133072B4FF0010489
:10466000F0D90B606FF01B00136030BD542D00209B
:1046700000E0014030B5816885B0103921F00704B1
:10468000054603F0C7FA10220146684603F04FFBC7
:1046900007491022684603F03FFB10236A46214673
:1046A000284603F083FA003818BF012005B030BD5A
:1046B0005EA4000030B50D46816887B0102302AAC1
:1046C0001039044603F05DFA002802DA012007B031
:1046D00030BD102202A9204603F017FF00283AD16E
:1046E0001E49102202A803F007FB00280CBF01237B
:1046F00002232B70204603F0F4FE012301460DF146
:104700000702204603F03DFA0028DFDB9DF8073062
:1047100003F00F021B096A702B7101220DF10701D2
:10472000204603F0F2FE10B96B78042B03D9012365
:104730006B7000232B71A268183A22F00702083A26
:10474000A91C204603F0F4FE0028BFD1E91C204636
:1047500003F047FFBBE70323CBE700BF5EA40000E5
:10476000F0B5354F460085B00546694657F8260036
:1047700003F03DFF044610B1FF2005B0F0BD013647
:1047800002A957F8260003F032FF012837D12B4841
:104790002A46492103F0E7F9294B02938DF80C4092
:1047A0009DF800609DF80870264C00222078314664
:1047B00003F09DFE50B36078394603F098FE28B3AD
:1047C000A378042B03D09DF8031099421ED1E378FF
:1047D000042B03D09DF80B10994217D12379042B99
:1047E00010D16279022A1DD1174B18482A46492157
:1047F00003F0B9F96079831E022BBED9BCE700280B
:10480000CED0B9E79DF802109942EAD00132032ACE
:1048100004F10604CAD10E482A46492103F0A3F93F
:104820000120AAE7032A05D00A4B0B49042A08BF36
:104830000B46DAE7094BD8E70CA3000047B70000A6
:1048400003010303DCB7000029B7000092B70000A2
:10485000B6B700002EB7000040B7000024B7000034
:10486000044B1B68584043085B4240421843C01742
:10487000704700BF582D00208842F0B504D0094F82
:1048800004380025AA4200D1F0BD3E6850F8044F1C
:104890005E4024EA060451F825601E40344304605B
:1048A0000135EFE7582D00202DE9F04F8DB01D4662
:1048B000189B179F1A9E0592B3F12A3F83468A469A
:1048C00040F08D803946169803F019FF012838BF53
:1048D0000120470900F01F047B01502B4FF0010914
:1048E00034BF4B4603230A9309FA03F30B930A9B45
:1048F000059805FA03F306EB8303069303EB8503A0
:10490000079304F0D4F84FEA850808904246002146
:10491000304603F00CFA079BC6F800900393089BFF
:10492000199ACDE90153059B009331462B46304639
:1049300006EB080904F0CCF851464246484603F01D
:10494000EBF90223494609930B9B099A934248D1FC
:1049500042463146584603F0DFF94FF00009CA4697
:10496000079B0393089BCDE90153059B00935A468F
:104970002B465946584604F0ABF8002C47D1013F6E
:104980001F24169B53F82730E34003F0010343EA4A
:1049900049090A9B0AF1010A534503D0002CDFD1D3
:1049A000002FDDD1189BB3F12A3F32D10698424641
:1049B00009FB086103F0B0F9079B0393089B069A73
:1049C000CDE90153059B009359462B46584604F008
:1049D0007FF8002CC1D1BFB90DB0BDE8F08F002425
:1049E0007AE7079B0393089B01EB080ACDE9015383
:1049F000059B00934A462B46504604F069F8099BF4
:104A00000133099351469FE7A146A246A8E7013C1E
:104A1000B7E731464FF0000A0A4B18681B68584048
:104A200080EA090080EA0A00FFF71AFF2A46C3431A
:104A30000698FFF721FF099B0AF1010A53454144FB
:104A4000EAD1B9E7582D0020054B1B6801314340DE
:104A50000132084022EA03020243501E00B27047AE
:104A6000582D00202DE9F04F99B083460F46184687
:104A700000211646039304F09CFA002800F0898177
:104A8000784B14930024012515AB039913933046FA
:104A9000CDE90B45CDE90D45CDE90F45CDE91145F2
:104AA00004F010FAA04228DABBF1000F05D1E7B9F3
:104AB0000024204619B0BDE8F08F2146584604F086
:104AC00089F904460028F2D00BA804F0D0F80DA80C
:104AD00004F0CDF80FA804F0CAF811A804F0C7F844
:104AE0000C2115A800F038FBE3E73146384604F006
:104AF0003CF904460028E7D1DAE731460BA804F078
:104B000034F904460028DFD103990DA804F02DF9EB
:104B100004460028D8D1F188ADF8385002310FA8EA
:104B2000ADF8305004F0B1F804460028CCD101466D
:104B30000FA804F04FF904460028C5D1F18811A848
:104B4000023104F0A2F804460028BDD10DA804F0FB
:104B50006DF900F01F001F2873D0C0F11F03194624
:104B60000BA8019304F088F904460028ACD1019900
:104B70000DA804F081F904460028A5D1BDF83250F3
:104B8000BDF83A80A5EB080A4FEA4A1949460DA834
:104B900004F072F90446002896D14FEA8A0A0DA95A
:104BA0000BA804F0BEF900284DDA49460DA804F020
:104BB00080F90446002887D108F1FF3305939B0054
:104BC00005F1FF3A069305F1804508F18043023B69
:104BD000013D9B00A5EB08050893AB000293059BE4
:104BE0009A4541D8BBF1000F0DD00FA9584604F0EB
:104BF000BCF8002840F0C980039AB388928813FB60
:104C000002F3ABF80430002F3FF45EAF01990BA81C
:104C100004F04FF9002840F0B880B388ADF8303088
:104C20000BA9384604F0A1F80146002840F0AF80F7
:104C3000384604F0BEF900287FF446AF0123BB805C
:104C400042E701949AE70F9A52F80A300BA9013310
:104C500042F80A3008460DAA04F091FA04460028EA
:104C60009DD031E7010003000D9B069A0493134485
:104C7000DDF82C900793049B59F82A109A580F9D41
:104C80004FEA8A08A8F104030993029B91421D444C
:104C900076D2A8F10400002359F80000FBF730FA9F
:104CA000002914BF4FF0FF330346BAF1010F2B6008
:104CB00016BF09EB0803002353F8083C1593A8F12D
:104CC000040359F80330169359F8083017932B68EA
:104CD000DDF8108001332B60089B98442B68013B62
:104CE0002B60002111A804F075F800284DD1059B18
:104CF000002B48D0D8F80020119B1A60079A126840
:104D00005A6011A92A68084604F03DFA00283CD1EF
:104D100013A911A804F005F90028DFDC2A680DA901
:104D200011A804F030FA80BB029B4FEAC308414649
:104D300011A804F0A1F840BB0BA9084611AA04F081
:104D40001EFA014618BB0BA804F033F9002812DA4A
:104D50000DA911A804F009F8B8B9414611A804F04A
:104D60008BF890B90BA911AA084604F005FA60B9AE
:104D70002B68013B2B60029B0AF1FF3A043B2DE7B5
:104D80004FF0FF3391E7059AB6E704469CE60C46E0
:104D90009AE66FF00B048CE62DE9F74F90461F4A18
:104DA0001568454006460F46ED43002B14BF9A4652
:104DB0008A4600240C9B04F104094B4505D20C9B48
:104DC0009C4220D303B0BDE8F08F042208EB04011D
:104DD0000DEB020002F0A0FF019A06EA020B04228A
:104DE0000AEB04010DEB020002F096FF019A2A4043
:104DF00042EA0B020192042238190DEB020102F083
:104E00008BFF4C46D6E718F804301AF804203340DC
:104E10002A4013433B550134D1E700BF582D0020F1
:104E2000082804D00928034818BF0020704702480A
:104E3000704700BFEEB70000F1B7000001680E4AEE
:104E40009142034615D1C169A2F11022A2F1EF12DD
:104E500091420ED18268012A0BD8C26812B1016951
:104E60008A4206D0586928B19B691B1A584258419A
:104E700070470120704700BF55AA00FF70B50D4B69
:104E80009E68A6B13046FFF7D9FF044678B9F368AB
:104E90006BB935690DB9204670BD2846FFF7CEFFC6
:104EA00028B9EB68B34202D12E462D69F2E70124FE
:104EB000F1E700BF5C2D00202DE9F8433F4F3C682F
:104EC000D4B1BC68C4B100284AD0002948D001FB45
:104ED00000F5B5FBF0F0884242D1281D40D8A90763
:104EE0000DD025F003060436FC6803E06368B34286
:104EF00038D2A469002CF9D12046BDE8F8832E46AB
:104F0000F2E7FB6041E006F120016318203A5A60A5
:104F10000022C3E902242A4822691A616050294903
:104F2000D96102B1D36062695A61A1699961AAB17C
:104F300093619A6902B153614FF00109C4E90169B3
:104F400023610023C4E905333B69DB072ED5FFF756
:104F500095FF58B31C4B48461B6826E0FB60E8E70A
:104F60000024C9E7A3681BB1174B01201B689847B1
:104F70006268921B232A04F12008C4D80123A3608D
:104F8000D4E90523002ABCD09361A3690BB16269FF
:104F90005A610023C4E905333B69DA0706D5FFF7F8
:104FA0006DFF18B1084B1B68012098472A46002165
:104FB0004046444602F0BBFE9EE700BF5C2D002049
:104FC00055AA00FF669911EEA805002070B50546A8
:104FD000002800F08880444E3368002B00F0838066
:104FE000B268002A7FD0834203D872681344984283
:104FF00003D33E4B01201B689847A5F120042046AF
:10500000FFF71CFF18B1394B01201B68984755F872
:10501000183C012B03D0354B01201B689847002317
:1050200045F8183C55F8143C3BB39A682ABB55F830
:105030001C2C02F120015A680A445A6055E90532D5
:105040001A6155F8145C2B6903B1DD602022002140
:10505000204602F06CFE286910B18368002B2ED028
:1050600033699B073FD5FFF709FF00283BD01F4B53
:10507000BDE870401B680120184755F8100C002847
:105080002AD0836843BB426863681344203363605B
:1050900003692361D4E905239AB9CBB943696361F4
:1050A0008269A261B3B19C61A36903B15C612369A8
:1050B00003B1DC602022002102F039FED0E72C464B
:1050C000E1E79361A369002BE8D062695A61E5E7E3
:1050D000F360F7E7F460E7E7F36845F8083C03B1ED
:1050E0005C61F460BCE770BD5C2D0020A805002069
:1050F00038B514220C4605460021134802F017FE6D
:105100001249134800F040F8232C1CD915F0030372
:105110001FBF043CE418C3F10403ED18224600212C
:10512000284602F004FE084B0A499D60C3E900547A
:10513000203C6C609A6811609A68DA60A1F11021D5
:10514000A1F1EF11D16138BD5C2D0020CD4F0000E1
:10515000B94E000055AA00FF10B50A46044619B121
:10516000024B00211B68984710BD00BFA40500201A
:10517000014B1B68184700BFB0050020014B1B689E
:10518000184700BFAC050020024B1860024B0020FE
:1051900019607047B0050020AC050020F8B500F19B
:1051A00008064768044630460D4603F043FE874232
:1051B0004BD16368B3F5807F47D80021304603F0B8
:1051C000F8FE002841DD0021304603F01FFEE0B369
:1051D00045B9294604F1100003F0EBFE002834DD48
:1051E0000020F8BD04F120050021284603F0E1FE6F
:1051F00000282ADD0021284603F008FE28B304F128
:1052000028050021284603F0D4FE00281DDD0021DA
:10521000284603F0FBFDC0B1002104F1100003F0AB
:10522000C8FE002811DD002104F1300003F0C1FEAA
:1052300000280ADD002104F1380003F0BAFE00283E
:1052400003DD002104F14000C6E70148C9E700BFC3
:1052500080BFFFFF012938B50546144601D0074835
:1052600038BD22B90123C5E91C340020F8E71046F7
:10527000FFF7D6FD0028F5D1F1E700BF00BFFFFF23
:1052800070B500210446FFF789FF054610B10E4DA9
:10529000284670BD04F10806304603F0C7FD7F289C
:1052A000F5D910342946204603F0B0FD0028EED091
:1052B000204603F0BBFD0128E9D93146204603F022
:1052C00030FE0028E4DBE2E700BEFFFFF0B50C464D
:1052D00085B0002105461646FFF760FF002839D14A
:1052E00002A803F0BFFC21466A6802A803F0A8FDEB
:1052F000044618B102A803F0BAFC0CE005F108045A
:10530000214602A803F00DFE002807DB02A803F0E7
:10531000AEFC6FF00304A4F5854418E005F14803E2
:1053200002A96F68009305F110022346084604F0B5
:105330007AF804460028DDD13A46314602A803F047
:1053400095FD044602A803F092FC002CE3D1204610
:1053500005B0F0BD004CFAE780BFFFFF01292DE941
:10536000F041034641D8224A224F2348234E244D80
:10537000244C9966002918BF9046234A18BF9646C8
:1053800002F1794202F5740202F5016218BF9446F7
:105390001E4A18BF17461E4A18BF164602F1D142D0
:1053A00008BF804602F5C0121A4802F51E620CBF03
:1053B000864615461848194A0CBF844614461848B4
:1053C000A2F11162A2F50C22A2F28E2218BF0246AF
:1053D0000020C3E91000C3E9128EC3E914C7C3E972
:1053E0001665C3E91842BDE8F0816FF07300FAE773
:1053F000D89E05C13AF54FA567E6096A7F520E515E
:105400008C68059BABD9831F07D57C3639590EF7BD
:10541000310BC0FF85AE67BB72F36E3CA78FF9649A
:10542000A44FFABE2DE9F04FCFB000F1640300F1B4
:1054300044070DF58A79009301914A463B4653F89B
:10544000041F42F8041F00999942F8D104ADDFF817
:1054500000A14FF000082C46B8F10F0F61D8019B56
:10546000042203EB880103A802F056FC039804F021
:105470007AF8A860D4E94763D4F818C15AF8041B35
:1054800073404FEAFC22D4F8206182EABC1203EA9E
:105490000C0382EA7C6273401344D4F82421D4F8CC
:1054A000106113440B44D4E9421E034441EA0E0246
:1054B0004FEA713080EAB100324001EA0E0B80EA17
:1054C000B15042EA0B020244D4F81401626018445D
:1054D0001344D4F82021C4F8242108F10108D4F899
:1054E0001C212360B8F1400FC4E947C2C4E944E677
:1054F000C4E94231C4F8180105F10405ACD157F8EC
:10550000043F59F8042F13443B60009BBB42F6D183
:1055100004A84FF49471FFF71FFE00204FB0BDE8C0
:10552000F08F2B6855F8382C55F8341C4FEAF340AF
:1055300080EA734080EA932055F8143C13441844E1
:105540004FEAB14383EAF11383EAD103184490E7A9
:1055500014A30000024AD2F80034002BFBD070479D
:1055600000E0014010B54FF08053D3F830210D2AF0
:1055700055D14FF080410022C1F80C21C1F8102113
:10558000C1F83825464AD3F80404C2F82005D3F8F8
:105590000804C2F82405D3F80C04C2F82805D3F88F
:1055A0001004C2F82C05D3F81404C2F83005D3F85F
:1055B0001804C2F83405D3F81C04C2F84005D3F827
:1055C0002004C2F84405D3F82404C2F84805D3F8EF
:1055D0002804C2F84C05D3F82C04C2F85005D3F8BF
:1055E0003004C2F85405D3F83404C2F86005D3F887
:1055F0003804C2F86405D3F83C04C2F86805D3F84F
:105600004004C2F86C05D3F84434C2F87035D1F8C0
:105610000034DB0709D56FF00103C1F800344FF007
:105620008053D3F830310D2B0CD14FF08053D3F889
:1056300034313BB14FF01023D3F808224FF08043B0
:10564000C3F858254FF01023D3F80022002A03DBBB
:10565000D3F80432002B22DA124901234FF0102034
:10566000C1F804351224FFF775FFC0F80042FFF7B8
:1056700071FFC0F80442FFF76DFF0023C1F8043545
:10568000FFF768FFBFF34F8F0749084BCA6802F462
:10569000E0621343CB60BFF34F8F00BFFDE710BD47
:1056A00000C0004000E0014000ED00E00400FA0509
:1056B00030B50468CCB1BFF35B8FB4FA84F3C3F1A7
:1056C0001F03DBB201229A4024EA020250E8005F85
:1056D000A54204D140E8002CBCF1000FF6D1BFF385
:1056E0005B8FE6D102480B7030BD0248FCE700BF7B
:1056F0000000AD0B0200AD0B10B50368CB40DB071B
:1057000014D401238B400268BFF35B8F43EA02018C
:1057100050E8004F944204D140E8001CBCF1000F57
:10572000F6D1BFF35B8FEED1014810BD0148FCE715
:105730000000AD0B0400AD0B014BC3F8040570472E
:1057400000F00140044B1A7922B9012218601A7145
:105750000248704702487047702D00200000AD0BD2
:105760000C00AD0B08B5074B1B682BB10020FCF7F4
:1057700043FE08B9FCF71EFE4FF080430022C3F839
:10578000182508BD702D002010B510B1012843D098
:1057900010BD4FF08043D3F81814D3F81824C80371
:1057A00021D502F00303012B04D013B1002003F034
:1057B000D7FF00234FF080420220C2F8183508229C
:1057C0004FF4827303F180430021196002F180429B
:1057D0001C6801241460154A12680AB34FF0804314
:1057E000C3F80403D4E7D3F81424D107E1D5D3F8E0
:1057F0001C249207DAD40D4A12681AB10222C3F8A7
:105800000423C5E7D3F80421002AFBD00022C3F803
:105810000421D3F80431BBE700224FF48073D1E7B1
:105820001A68002AFCD019601B68B1E7702D0020AF
:1058300010B54FF08043D3F8002152B10020C3F8D7
:105840000001D3F800210122C3F80823104B1B6884
:1058500098474FF08043D3F8042172B10022C3F877
:105860000421D3F80421D3F81824D3F8182492077C
:1058700004D10122C3F818259A6010BD0222C3F892
:105880000823034BBDE810401B680120184700BFE8
:10589000702D0020036803F01F025B09026004D032
:1058A000012B034818BF002070474FF0A0407047FD
:1058B00000030050034A430900F01F00D35C184462
:1058C000C0B27047F4B7000070B50546FFF7F2FFAD
:1058D0000C4C08300E4634F81030DA0508D5C3F306
:1058E000432304EBC302284654F8333052689847E8
:1058F000A3682BB1E26831462846BDE870401847DE
:1059000070BD00BFB405002008B5FFF7D3FF034BFF
:10591000083033F81000400B08BD00BFB40500206C
:1059200008B5FFF7C7FF034B083033F81000C0F38A
:10593000400008BDB405002008B5FFF7BBFF034BCE
:10594000083033F81000C0F3401008BDB405002043
:10595000034611F0010010B5CCB20DD1A207C4F37B
:10596000400012D5094AD2F820055860C2F8200537
:10597000003818BF012008E04FF0A041D1F82025E1
:105980001A60C1F82025002AE8D010BD000300509D
:1059900010B5FFF78FFF124A083032F81030D905E2
:1059A0001CD5C3F3432123F4F85322F8103002F13D
:1059B0000E04002034F8023F13F4807F03D0C3F3B9
:1059C000432399420AD001302A28F3D1002342F818
:1059D00031300448BDE81040FFF78EBE10BD00BF57
:1059E000B405002020060020F0B50546002004463E
:1059F000012607468C420BD1114BD3F87C2132B1E2
:105A00000022C3F87C21D3F87C3140F00040F0BD87
:105A1000E3B29B0003F580729B0806FA03F31D4274
:105A20000BD002F1804202F5C042D2F800C0BCF1B6
:105A3000000F02D01760126818430134DAE700BF84
:105A400000600040F7B506460846FFF733FF194FE0
:105A500000F108050C4637F81530DB0727D530462E
:105A600003F043FF2046FFF767FF40B12046FFF7F2
:105A70004BFF316800F5A270002341F8203020462A
:105A8000FFF786FF002301A827F815300194FFF7E0
:105A900001FF019B00EB8300074BD0F80027134068
:105AA00043F00203C0F80037044803B0F0BD0448D7
:105AB000FBE700BFB4050020F0F8FCFF0000AD0BD1
:105AC0000400AD0B2DE9FF41164680460846FFF75E
:105AD000F1FE0D463168044609B32846FFF720FF62
:105AE00018B12846FFF728FF10BB0023CDE900338B
:105AF0008DF80E308DF80F300DF10F020B46284651
:105B00000DF10E0103F088FE474A04F1080132F856
:105B1000113023F0020343F0010322F811307368BF
:105B200063B328461F785968FFF7FAFE10B1D1B168
:105B30003E4826E03C4A04F1080032F8103023F0D9
:105B40002003DB04DB0C22F8103061B1032FEFD807
:105B50007168496891F800C0D8F80010A7B90CF531
:105B6000A27C41F82C70304A04F1080132F811305F
:105B700023F01C0343EA870322F81130B3684BBBC0
:105B80002B4804B0BDE8F08101EB8C0143EA4C33B3
:105B9000D1F810E52EF0030EC1F810E5D8F800108A
:105BA00001EB8C0E43F02003DEF8101522F81030C4
:105BB00021F44F3121F44071CEF810152902DEF89E
:105BC000108501F47C5141EA074141EA0801CEF811
:105BD0001015C8E7D3E900672846FFF7D9FE002E65
:105BE000CED0114DD5E90023964203D19F4201D179
:105BF000002209E00F480DF10F01FFF759FD0C4B92
:105C00009842BED19DF80F2045F8326005EBC203E3
:105C100008345F6035F8143043EA422343F480735C
:105C200025F81430ACE700BFB40500200400AD0B2C
:105C30000000AD0B200600202DE9F0430C4685B096
:105C40008046204611461E46FFF734FE054629B31E
:105C50002046FFF765FE18B92046FFF76DFE18BB1A
:105C6000314F05F1080937F8193013F01C0F02D035
:105C70004B78012B18D001238DF80F300023CDE98C
:105C800000134A1C8B1C20460DF10F0103F0C4FDCC
:105C900037F8193043F0030327F81930002E41D0AC
:105CA0002046FFF73DFE18B9204805B0BDE8F08357
:105CB00096F800C0D8F800301B4F0CF5A2720021F6
:105CC00043F8221005F1080237F8121021F02001E4
:105CD000C904C90C27F8121075781DB3D8F8000054
:105CE000B67800EB8C002D04D0F8103523F499130E
:105CF00023F4F853C0F81035230203F47C5305F461
:105D000040353605D0F810E52B4306F4801641EAFD
:105D10004C31334341F0200143EA0E0327F81210BF
:105D2000C0F810350248C0E7B40500200400AD0BF0
:105D30000000AD0B014BC3E902127047B40500200F
:105D400010B508461446FFF7F7FD50B10846FFF7B7
:105D5000B1FD054B083033F8103004485B0B23705D
:105D600010BD0348FCE700BFB40500200000AD0BE8
:105D70000400AD0B70B5164D95F8744006462CBB6B
:105D80002146542205F1100001F0D1FF30686E6EFB
:105D900021468E420ED10023C0F87C31D0F87C31F0
:105DA00040F30730FCF706FB01230A4885F87430FE
:105DB000EB6670BDCBB29B0003F580727C2B08BFF5
:105DC000845001F1010108BF8358E2E70248F0E77F
:105DD000B40500200000AD0B0C00AD0B034B93F895
:105DE0007400003818BF0120704700BFB4050020C0
:105DF0000148FFF781BC00BF1C0600200148FFF7E7
:105E000057BC00BF1C06002073B503681646D3F8C4
:105E10000423002AA8BF4FF000420546A8BFC3F8DC
:105E2000042308460C46FFF787FD00B30846FFF73A
:105E300077FD0146D8B92046FFF766FD04B2A400FD
:105E400004F58072034628688150296882582144ED
:105E5000D1F8102542F00102C1F810252EB12968B1
:105E6000012202FA03F3C1F8043302B070BD2046E8
:105E7000FFF720FD0F4B083033F81030C3F38203D7
:105E8000042B12D0052B12D001A80194FFF702FDBC
:105E9000019AD0F81035D34003F00103991C204635
:105EA00002B0BDE8704003F000BD0321F7E7022116
:105EB000F5E700BFB40500202DE9F04F694BDFF88E
:105EC000A881D3F80403D8F86410C0B289B040F0B8
:105ED0000040FFF789FD051E2FDAC24600235AF85D
:105EE000701F06A8CDE90633FFF732FD5F4B019323
:105EF0000DF118094FF0000B019A12F8013B0192C5
:105F0000DA0803F007031AF8022022FA03F3DA078B
:105F10001CD409F10409BBF1000F14D0D8F86410A7
:105F20004FF00040FFF760FDD8F8701006A8FFF7AB
:105F30000FFD0028DAD125F000450124002D79D18C
:105F400009B0BDE8F08F4FF0010BD5E7484B5B443B
:105F50000293D9F800100029DBD0029B91FAA1F13D
:105F60001C78B1FA81F141EA44142046FFF7A2FC03
:105F70000830059438F81070C808BB0819F80020DC
:105F8000039301F00701012303FA01F122EA010260
:105F900009F8002005A8FFF77DFC059A039B02F590
:105FA000E072C7F3820650F822205B073746C2F33F
:105FB000014224D520463946D6B2FFF785FC05A814
:105FC0000594FFF767FC059B03F5E07350F8233059
:105FD000C3F301439E4207D10021204603F065FC34
:105FE0003146204603F061FC05A80594FFF752FCFA
:105FF000059B012202FA03F3C0F82035A9E7022A23
:106000000CD10321204603F050FC06F00503012BC0
:10601000EAD139462046FFF757FCE5E70221204642
:10602000039203F042FC032EF3D0039A032ADBD140
:10603000022EEDE795FAA5F3B3FA83F304FA03F21F
:106040009B0003F1804303F5C04325EA0205D3F822
:106050001005D3F81015C0F30520C1F30141FFF777
:1060600033FC6BE700600040B405002004B800007A
:1060700004B80000044AD2F80034DB07FBD5016005
:10608000BFF35F8F704700BF00E001404FF08053C7
:106090001A69B0FBF2F302FB130373B9084B022237
:1060A000C3F80425C3F80805D3F80024D207FBD5AC
:1060B00000220448C3F8042570470348704700BF16
:1060C00000E001400000AD0B0A00AD0B10B5054C1F
:1060D0000123C4F80435FFF7CDFF0023C4F80435CD
:1060E00010BD00BF00E0014001460148FFF7E0BAE3
:1060F0002C060020036803F01F025B09026004D035
:10610000012B034818BF002070474FF0A040704794
:106110000003005073B51646421C1C460546069BFC
:1061200018D0012902D1BBB103F06BFC01A8019585
:10613000FFF7E0FF019B00EB83002402D0F800276B
:10614000074B44EA86040C4313401C4344EA4101D4
:10615000C0F8001702B070BD03F060FCE6E700BFB6
:10616000F0F8FCFF4B69184A934221D00DD8174A2A
:1061700093421DD007D8164A934219D0154A93422C
:1061800016D015487047154AF9E7154A934208D0CA
:1061900004D8144A93420BD0134AF0E7134A9342AF
:1061A000EFD10279124B1348002A08BF18467047F6
:1061B00091F8213013B1CB680133F2D1CB690133AF
:1061C000EFD10C48704700BF80841E0020A107005B
:1061D00048E8010090D003000400AD0B40420F00DE
:1061E0000024F40000093D0000127A000048E80194
:1061F0000300AD0B0000AD0B2DE9F04F874B4D694F
:1062000090F804909D4285B006460C4600F0CE8082
:1062100000F2BE80824B9D4200F0CB8000F2B08045
:10622000804B9D4200F0C8807F4B9D420CBF4FF0D9
:1062300080654FF080457D4F94F82300242202FBB7
:106240000973997F60F3000199773379217C02FB10
:1062500003739A7F61F341029A7794F82380B8F12F
:10626000000F34D16269724B9A420CBF4FF0030A9F
:106270004FF0000A237E012B94BF002301230093DB
:106280002068534642460121FFF744FFCDF80080C5
:106290006068534642460121FFF73CFFCDF800807D
:1062A000A27EA06853464146FFF734FF237C83F06B
:1062B00001030093E068534642460121FFF72AFF9D
:1062C00001210091E06953464246FFF723FF3379ED
:1062D000002B7AD094F82130002B76D0242303FBB6
:1062E00009734FF0FF321A62A3680293D4E900BA2F
:1062F000E36994F81290227E94F81980D4F80CE0A7
:1063000094F810C094F8220003933379002B7AD0CC
:1063100094F8201094F8244033687CB9029CC3F8A8
:1063200008B5C3F80CA5C3F81045039CC3F86C4529
:10633000C3F814E5C3F868C5C3F86405B8F10000F4
:1063400018BF0120022AC3F8C095C3F824555CD0B9
:10635000032A5DD0012A01D140F00200C3F85405A0
:10636000C3F86015337924225343FB58002B52D0D5
:10637000306840F3073005B0BDE8F04FFCF71AB8BD
:106380002C4B9D420CBF4FF080554FF0804552E79B
:10639000294B9D4213D0264B9D4213D0274B9D4243
:1063A0000CBF4FF000454FF0804544E74FF00055DB
:1063B00041E74FF000653EE74FF000753BE74FF0D7
:1063C000206538E74FF0A05535E7242202FB097914
:1063D000E368C9F82030227C99F81E3062F341034B
:1063E00089F81E30A3680293E36994F81290227E24
:1063F00094F819800393D4E900BA4FF0000C4FF0E1
:10640000FF3E022081E7022184E740F00400A5E777
:1064100040F00600A2E705B0BDE8F08F80841E00C2
:1064200020A1070048E8010090D00300782D00204B
:106430000048E80140420F000024F40000127A00F6
:10644000431C07B50ED0019001A8FFF753FE019B36
:1064500000EB8300054BD0F80027134043F0020304
:10646000C0F8003703B05DF804FB00BFF0F8FCFF94
:106470002DE9F04790F80490144C242505FB09F50C
:1064800004EB050A1F469AF81C3006469046D3B91D
:1064900061B96251CAF80470242303FB0944002344
:1064A00063770B4801232377BDE8F087FFF75AFE97
:1064B000074B9842F8D1304644F80580CAF804707A
:1064C000FFF79AFEE8E70348EEE700BF782D0020CB
:1064D0000000AD0B0C00AD0B2DE9F0410446067930
:1064E00000681F4D40F30730FBF772FF242373430E
:1064F000EB5853B123681B4AC3F8082306EBC601C7
:10650000206805EB810103F096FA2421236801FB42
:106510000651D3F80805D3F80C75D3F810858B7F96
:10652000DB0716D4FFF78CFF4046FFF789FF38469C
:10653000FFF786FF086AFFF783FF23794BB12368D3
:10654000D3F86C05D3F81415FFF77AFF0846FFF768
:1065500077FF242303FB065500232B77BDE8F0814A
:10656000782D0020520108002DE9F0430779554DA0
:1065700024237B439046EA180E46517F85B081461E
:10658000002940F09C80EB5823B118F0140F04BF91
:106590000123537796E80F00242404FB075404F1E9
:1065A0000C0C8CE80F00206A421C04D0A37F9B07D0
:1065B0001AD503F026FA3368D9F8004023B103F066
:1065C0006043B3F1005F06D1B36883B103F0604369
:1065D000B3F1005F0BD0242303FB075300223A489A
:1065E0005A7705B0BDE8F08303F018FAE3E718F036
:1065F000010318BF0123C4F8503518F0020318BF77
:106600000123C4F8403596E80F00EC468CE80F00F3
:10661000039BC4F84405C4F84815C4F83425C4F8ED
:1066200038350023C4F81831D4F818310723C4F8DA
:10663000003524237B4318F0080F05EB03021DD11E
:10664000E8580121216158B9D4F81831002BFBD04A
:1066500062464021204603F096F924237B43EA1842
:10666000EB5813BB106A461C13D107EBC70705EBA9
:106670008701204603F0DFF91448B2E7EB58A3B9CD
:10668000106A411CF8D0937F9A070BD503F0C6F926
:10669000F2E7937F9B0702D503F0C0F9E5E703F02B
:1066A000B0F9E2E703F0ADF9E6E718F0040F4FF0B8
:1066B000400314BFC4F80833C4F80433DCE70448CB
:1066C0008FE700BF782D00200A00AD0B0000AD0B56
:1066D0000B00AD0B02494FF0402003F0C2B900BFE0
:1066E000782D00200149024803F0BBB99C2D002001
:1066F00000F0024010B5144CA8220021204601F001
:1067000016FB03232361114A6361114BA261E3610C
:106710004FF4806323620023A3626362E362226614
:106720000C4A62661022A2662367E3666367BFF3C2
:106730005F8F094A12F8011DE1540133102BF9D182
:10674000BFF35F8F10BD00BF1004002006B800002B
:1067500010000020000000201FB8000010B54521E7
:106760000446034801F0FFF9204603F0B5F900BFE5
:1067700020B80000F7B504460D46EFF3118720233B
:1067800083F31288BFF36F8F1A4A042898BF1A4BFD
:106790009668127C94BF53F82030184B0092452124
:1067A0000246174801F0DFF93DB1EB69C3F3080376
:1067B0001BB11448452101F0D6F936B1304603F03B
:1067C000CDF9034608B1027802B90F4B0F483246A3
:1067D000452101F0C8F929462046FFF7BFFF87F39E
:1067E0001188BFF36F8F304603B0BDE8F040FBF770
:1067F00069BD00BFC02D002014A4000034B8000003
:106800004AB8000077B8000042B800009DB8000008
:1068100038B5094B53F82040013053F82050A542B9
:1068200000D838BD636823B1204603F05DF9083411
:10683000F5E723689847FAE728A4000070B52B4BCA
:106840002B4C2C4D012286B003201A70FFF7E0FF7D
:10685000FBF748FA03F064F90420FFF7D9FF264656
:10686000AE4204F1300410D300F034FB204C224E31
:10687000AC4226D300F042FBF9F7ACFD1F4A137B74
:1068800023F00103137306B070BD54F80C3C05935C
:1068900054F8103C049354F8143C039354F8183CF7
:1068A000029354F81C3C019354F8203C009354E9A3
:1068B0000A2354E90C0100F03BF954F8303C5E65C2
:1068C000CDE7D4E90A23B3F1FF3F08BFB2F1FF3FA0
:1068D00005D052EA0301206803D103F041F93034B6
:1068E000C6E73146183000F0CDFCF8E7134700202A
:1068F000B09F0000B09F00006D9C0000E8060020E3
:1069000008B50348034A0021121A03F005F908BD2F
:10691000480600201847002070B5002386B00122E9
:10692000CDE90423134E144D01930F22CDE9023219
:106930001249142303FB005506EBC01604464FF41E
:10694000C07000FB04110E4B00954FF4A07230464E
:1069500000F0EEF8737B0B4AEE6023F004037373D0
:106960004FF4046304FB033313442C746B6006B0D0
:1069700070BD00BF68060020C02D0020804F0020A1
:10698000239B000040470020BFB50020FFF740FFD9
:106990002C4B83F308882C4D2C4E6B692C4F43F401
:1069A00000736B610024E02385F82230EC772C76AD
:1069B0006C76AC7685F820406B6A43F4E0236B621A
:1069C00085F82340FBF7FAFBFBF7A8FD4FF0FF33F8
:1069D000AB62EB62FBF7A2FEFBF7C4FD1D4BB3609D
:1069E00040F201129A81C3E919441C6703F068F868
:1069F0000120FFF70DFF0220174DFFF709FF00F000
:106A0000A5FA164B75610593012315490094CDE94C
:106A100003434FF420523B46CDE90144284600F0A1
:106A200087F86A7B064622F0040228466A7303F060
:106A3000D3F82046FFF770FF3A4631462846FBF769
:106A40004FFD00BF804F002000ED00E0C02D002072
:106A50003D68000068070020E806002004B9000037
:106A60000051002038B50446EFF31185202383F34D
:106A70001288BFF36F8F03F0FDF848B100228267E0
:106A800003F0AAF829460848BDE8384000F0DEB90E
:106A9000D4E902329A4218BF0133A36085F311880A
:106AA000BFF36F8F38BD00BF1447002013B5EFF35D
:106AB0001181202484F31288BFF36F8F846844B15E
:106AC000013C846081F31188BFF36F8F002002B016
:106AD00010BD52EA030406D181F31188BFF36F8F12
:106AE0006FF00F00F3E7CDE900230246014800F004
:106AF00081F9ECE71447002070B50446EFF31185E7
:106B0000202383F31288BFF36F8F6FF00A062046AD
:106B100003F0B0F818B1866703F05EF8F7E7A060FD
:106B200029460248BDE8704000F090B914470020A3
:106B30002DE9FF47D51D25F007050E461F46109984
:106B4000017300F158037F35C0E916330446002372
:106B500025F03F050421836041733F2D0F98A073FA
:106B6000C4E90633E37306F1400AA5F1400905D8EC
:106B700083F31188BFF36F8F084602DF06EB050829
:106B8000CDE9005A1048234632464421CDE9029807
:106B900000F0E9FF00250E9BE566C4E919A9029300
:106BA0000D9B01930C9B009342463B463146204689
:106BB000FBF764FC054B65659B6803B11B6F23679E
:106BC000404604B0BDE8F0870CB90000C02D00209D
:106BD00038B50D4D2B4653F8184F9C4200D004B9E0
:106BE000EC68AB6838B95A7BD20604D1A26912B9F5
:106BF000DA897F2A05D89C4202D0204600F08AFA22
:106C000023466B6138BD00BFC02D002008B590F948
:106C10000D20437B002A014604DA03F07F0343730F
:106C200002F0A0FF044B9868431A58425841BDE84F
:106C30000840FFF7CDBF00BFC02D002070B490F911
:106C40000D30427B002B29DBD30627D183692BBB78
:106C5000134962F07F0242730A4652F8184F944279
:106C600018BF2346CC6923B9C0E900242060C8615D
:106C70000CE090F90E5093F90E60B5420AD0AE4286
:106C800008DD5A68C0E900321060586070BC00200E
:106C9000FFF79EBF9C42E7D01B68E4E770BC7047DB
:106CA000C02D00202DE9F041002A427B0E460CBF8A
:106CB00010210821114204460FD141EA0203D209F2
:106CC00018D1437308291BD00120FFF781FFBFF3C0
:106CD0005F8F637B23F060036373274B9B68A34242
:106CE00043D1EFF30583002B3FD13046BDE8F0419F
:106CF000FBF7FEBA03F07F03437302F033FFE1E7D3
:106D0000A36813B1204602F035FF04F1180002F029
:106D1000EEFFA56D04F15807AF4211D04FF0000807
:106D200075B1284602F026FF05F1180002F0DFFFDA
:106D3000C5F878802846FFF781FFA56DAF42EFD1F7
:106D40000D4DAB689C42BFD1EFF30583002BBBD048
:106D50000120FFF73DFF094BAB6040F201129A8121
:106D60000022C3E919221A67B1E786F31188BFF33D
:106D70006F8FBDE8F08100BFC02D002068070020A4
:106D800070B590F90D20437B002A014604DA03F028
:106D90007F03437302F0E6FE4B7B154A63F07F03EB
:106DA00010464B7350F8183FD469834208BF002344
:106DB00023B9C1E900042160D1610CE091F90E50C2
:106DC00093F90E60B5420ED0AE420CDD5868C1E9B1
:106DD0000030016059609068431A5842BDE8704025
:106DE0005841FFF7F5BE9C42E3D01B68E0E700BFC7
:106DF000C02D0020F8B5124B0C461146114A986878
:106E00001060DDE90676EFF31182202282F312880A
:106E1000BFF36F8F9D68284602F0B6FEB6F1FF3FC4
:106E200008BFB7F1FF3F06D007493A46334605F1A0
:106E3000180000F027FA2046BDE8F840FBF758BAE2
:106E4000C02D0020E02D00206D9C000049B9EFF31B
:106E5000058030B9054B5A699B689A4201D0FBF70F
:106E600047BA81F31188BFF36F8F7047C02D0020A0
:106E700010B5EFF31184202282F31288BFF36F8FD5
:106E8000427B510704D484F31188BFF36F8F10BD88
:106E900022F004024273FFF7D1FE21460248BDE80A
:106EA0001040FFF7D3BF00BF14470020034648B986
:106EB000EFF3058232B9064A51699268914201D0D6
:106EC000FBF716BA83F31188BFF36F8F704700BFCB
:106ED000C02D0020EFF31181202383F31288BFF32C
:106EE0006F8F054B9A68D37B013BD37381F3118875
:106EF000BFF36F8F704700BFC02D002070B5EFF358
:106F00001186202484F31288BFF36F8F0D4DAA6879
:106F1000D37B0133D3730020FFF75AFE86F3118829
:106F2000BFF36F8FAA680848D37B442100F01BFE93
:106F3000EFF3118084F31288BFF36F8FBDE87040C8
:106F4000FFF7B4BFC02D00205EB90000024B03F173
:106F50001802C3E906227047C02D0020F8B5EFF3F0
:106F60001185202383F31288BFF36F8F1949886836
:106F7000437B03F07F03437302F0F4FD8B685A7B7D
:106F8000084662F07F025A7350F8182FCC6982428B
:106F900008BF002222B9C3E900042360CB610CE0E2
:106FA00093F90E6092F90E70BE420ED0B7420CDD1E
:106FB0005168C3E900210B6053600120FFF708FE10
:106FC0002846BDE8F840FBF793B9A242E3D0126827
:106FD000E0E700BFC02D00202DE9F041204F03461F
:106FE00005460E46BA681F48442100F0BCFD55EA2C
:106FF000060303D1FFF7B2FF00202AE0AB1C76F1B5
:10700000FF3328DB02F088FE2C18EFF311882023D1
:1070100083F31288BFF36F8F134BB8681860FFF7C4
:10702000F5FDB86811492A463346183000F02AF9B0
:10703000BA68537B43F0100353734046FBF758F98B
:1070400002F06AFE201A63EB0303012873F10003C8
:10705000D2DBBDE8F0816FF00104641BD5E700BF0F
:10706000C02D00207EB90000E02D00206D9C0000A6
:10707000B1F1FF3F08BFB0F1FF3F08B506D10A4BA1
:10708000986802F0B8FD4FF0FF3008BDFFF7A4FF8D
:107090004FF47A7147F6FF730022C0FB0132D80B20
:1070A00040EA4240F1E700BFC02D0020014B986844
:1070B000704700BFC02D0020044BC01A044BC01005
:1070C0005843044B01221A54704700BFE8070020C0
:1070D000ABAAAAAA14470020C3897F2B12D80A4B57
:1070E0001B6863B1094B90F90E201B689A4209DBBB
:1070F000437BDB0606D1064BC31A18BF012303F0FE
:10710000010070470023FAE7E82D0020E42D00205D
:107110006806002070B50E4B0E4C1E7C06EB460335
:1071200004EBC3040546204602F0E1FD0A4B0022B1
:1071300028469A55FFF7D0FF48B1084B08491A680E
:10714000013A2046D317BDE8704000F09BB870BDEF
:10715000C02D0020E807002014470020E82D002063
:10716000B970000038B5EFF31185202383F312883E
:10717000BFF36F8F104B114A9C681068A04206D174
:10718000FFF7C8FF85F31188BFF36F8F38BD00216B
:107190001B7C11600A4AD35C002BF3D02046FFF71A
:1071A0009BFF0028EED0637BDB0602D12046FFF771
:1071B000E7FD2046E4E700BFC02D0020E02D0020C1
:1071C0001447002008B50648064A0749121A02F07B
:1071D000A5FCBDE80840054A0549064802F09EBCEA
:1071E000C004002048060020A4B9000000000000F0
:1071F0009CB90000C0040020034B1B680BB9FDF7CD
:10720000F9B90020704700BFEC2D002030B570B1F7
:107210000B4B5B6898420AD0036843B1D3E9042161
:10722000D0E90445121941EB0501C3E90421D0E975
:10723000003213605A600023C0E9003330BD00BF44
:107240003006002010B50E4B1C689C4204D1FFF79D
:10725000D3FF6FF0004010BDFFF7CEFF002CF8D039
:10726000D4E904321B1A62EBE072B3F1004F72F101
:107270000001EEDA002AACBF18460020EBE700BFA1
:1072800030060020B3F1FF3F08BFB2F1FF3FF8B571
:1072900004461D4616465ED08160EFF31187202319
:1072A00083F31288BFF36F8F013275F1FF3324DA55
:1072B0002E49D1E900206FF001039B1A4FF0FF32F5
:1072C00062EB00009E1B60EB0500012E70F10003D5
:1072D00001DA01260020C4E90460254ED6F800C07A
:1072E0007568B44508BF4FF0000CBCF1000F0DD11C
:1072F000C4E900652C6074601CE0FFF77DFF013677
:1073000045F10005361845EBE070E4E7DCE90420C0
:10731000D4E90431934271EB000E1DDAD21ADCF885
:10732000043060EB0100CCE90420C4E900C31C6018
:10733000CCF804403368B34209D09C4207D10D4BCE
:107340001C6824B9FFF77EFF2146FDF725F987F376
:107350001188BFF36F8FF8BD9B1A61EB0001AC453C
:10736000C4E90431C4D0DCF800C0BEE70008002046
:1073700030060020EC2D00202DE9F84FEFF3118CA2
:10738000202383F31288BFF36F8FDFF8B0A0DFF8FC
:10739000B0902C4FC9F80000DAF8000000245045E6
:1073A00008BF00200025D7E90021D9F80030E046C9
:1073B00078B3D0E9046C4FEAE37EB3427EEB0C0B6A
:1073C00005DAF61A6CEB0E04C0E9046421E0B21889
:1073D00041EBE671C0E90445C7E90021FFF716FF5C
:1073E00088F31188BFF36F8F83689847EFF3118894
:1073F000202383F31288BFF36F8FD9F80030DAF8B7
:1074000000009B1B5045C446C9F80030CBD1D7E9DA
:1074100000219A1841EBE3730024C7E90023C9F85F
:107420000040FFF70FFF2146FDF7B6F888F31188FB
:10743000BFF36F8FBDE8F84FFFF794BE3006002012
:10744000EC2D00200008002010B5EFF3118420235C
:1074500083F31288BFF36F8FFFF7CEFE054A034612
:10746000D2E90001181841EBE37184F31188BFF3EE
:107470006F8F10BD000800207047012303FA01F14F
:1074800003691B68194203D022B183681B6903E0BA
:10749000002AFAD08368DB6818470020704730B5AF
:1074A00083688B4285B0044615460ED96368C06870
:1074B000194401AA00F023FE28B96268019B9B1AB7
:1074C0002B60029B6B6005B030BD6FF02100FAE7C6
:1074D0002DE9F7430E4617469946044628B94FF062
:1074E000FF38404603B0BDE8F0830029F7D0002AFA
:1074F000F5D0CB680D891D4404230DEB030229460A
:10750000384600F03EFB80460028E8D1BDF8041064
:10751000738946F60812914225D1BDF806109942AA
:10752000DDD104230DEB03022944384600F029FB8A
:107530000028D4D1BDF8042046F607139A42CED1D4
:10754000C4E900679DF82830A4F80890A3727389F5
:10755000BDF806202B44E360738913442B440435A3
:1075600063612561BDE7002BE4D0B8E72DE9F34165
:107570000E4617461D46044620B94FF0FF3002B0B4
:10758000BDE8F0810368002BF7D04368002BF4D0EE
:107590004FF6FF78D4E904239A4216D223685B8918
:1075A00023B1E368934204BF0433236104232169B8
:1075B00060680DEB030200F0E4FA0028DDD1A37A45
:1075C0002BB1D4E903329A4201D30120D7E72389B2
:1075D000BDF80610434501F1040203D0BDF804C014
:1075E0009C450BD115B1BDF804302B8023690433C1
:1075F00033603980236913442361C0E7236913444E
:107600002361C7E748B103683BB143682BB1C06849
:10761000884294BF0020012070474FF0FF30704730
:1076200000F06ABB4FF4C06358433030704710B568
:10763000044600F0E8FAA3684FF4C062303B02FB56
:10764000103010BD70B50D46044600F04AFF2A46C2
:10765000A0F1080104232046BDE8704000F091BA73
:1076600013B50446019100F03CFF0423A0F108018A
:107670000DEB0302204600F077FF02B010BD70B59D
:1076800013460E461546002102460446F9F754FCFF
:1076900050B92B4604F12C0201212046F9F74CFC8D
:1076A00010B1002E08BF002070BD73B50446002045
:1076B0000D461646F8F734FF6946C0B2FAF7BAFA33
:1076C00030BB2C2303FB05440098E36825891D4447
:1076D00004230DEB0302294600F053FAC0B9BDF8AC
:1076E00004206489009846F608139A4215D1BDF823
:1076F00006309C420CD104230DEB0302611900F00B
:1077000040FA28B9BDF8042046F607139A4207D07C
:10771000009800F035FA02B070BD002CF2D0F7E707
:10772000BDF80610214429443160F1E737B504461D
:10773000426A4FF4007501A903200195FAF7A2FAF5
:1077400058B9019B226DA36201A901200195FAF7A6
:1077500099FA054628B1092500E00125284603B01D
:1077600030BD019B206A636500F04DFAE065F5E7E6
:107770000123036003F1012343600023C0E90233C6
:1077800070474379012B07D10368012B04D100799D
:10779000431E584258417047002070477FB5064647
:1077A0000D46032001A9FAF745FA38BB0198FFF707
:1077B0003EFFF16D0446284600F0D1F804440198DC
:1077C00000F021FA0646019800F024FA082201464A
:1077D0000DEB020000F0ABFA2B798DF80830214652
:1077E0000198334602AA00F0E1F9041E019818BF7F
:1077F000012400F0C5F9204604B070BD0124FAE769
:1078000000F0E9B92DE9F8430E4600210746084685
:10781000F8F786FE012104460020F8F781FE337850
:107820009C4221D0984221D101252C2303FB0575D0
:10783000F86DAC6AFFF7F6FE013C07464FF0000812
:107840006B6A03EBC40253F83410D2F804901B683F
:107850004A46C91A3046C844FFF7D2FFB84504F17A
:10786000FF34EDD3BDE8F8830025DEE70120F9E71A
:1078700037B515460C460120694600F0B8FEE97997
:10788000012903D00022204600F0C5FE9DF80330F8
:10789000012B02D1204600F09DFEA9682046FFF78B
:1078A000DFFE2046FCF7E6FE002003B030BD73B5D6
:1078B0000D460646F9F748FC0446E86058B302282E
:1078C0002ED101A90320FAF7B5F958BB01982A4631
:1078D0003146F9F797FB0446D0B9019800F001FE54
:1078E000012301460DF10302019800F04AF9044614
:1078F000A0B9019801220DF1030100F006FE10B1BC
:1079000001238DF803309DF8033003F00F03EB7172
:10791000019800F035F9204602B070BD0124F7E768
:107920000724F8E70124F6E738B5436A0446C06D3A
:107930005D68FFF777FE0246A06A002301382B44FA
:107940009A4201D90138FAE738BD436A00205A68E3
:10795000034613448B4200F10100FAD3704710B57F
:1079600043790279012B14BF4B02002302F1FF324D
:1079700001FB0233026814BF4C000C46013A04FBC1
:10798000023010BD002070470FB407B504A951F8AC
:10799000040B0191F9F70AFE03B05DF804EB04B0A3
:1079A0007047044608B5084611461A46A047FFF737
:1079B0007DFBFAF787FC038B13F0070305D10368FF
:1079C000002B0CBF002003207047022B05D1408BF9
:1079D000B0FA80F0400980007047012B05D10368A0
:1079E000002B0CBF0020052070470020704710B509
:1079F0000C4600B111B96FF0150010BD081D00F064
:107A000093F80028F9D1A368032BF6D9F3E72DE901
:107A1000F0410D4607461946281D90461E4600F0C7
:107A200094F8044638B13346424629463846A446BF
:107A3000BDE8F0416047BDE8F08110B4EFF311827A
:107A4000202484F31288BFF36F8F416110BC0121A1
:107A5000F9F7DCBF38B50C46054658B151B10B6893
:107A600043B14B6833B11C22002100F060F92C6156
:107A7000002038BD6FF01500FBE770B505460E46D7
:107A8000FFF7B5FF041E14DBEFF31182202383F30D
:107A90001288BFF36F8F6B8B2C8B4FF6FF718B426D
:107AA00004F0070407D182F31188BFF36F8F6FF0E2
:107AB0000A04204670BD022C0CD101336B8382F383
:107AC0001188BFF36F8F0023224631462846FFF707
:107AD0009EFFEEE7062C14D8DFE804F0041313131E
:107AE000041A0400002333606B683BB9C5E90066E3
:107AF000ACB902212846F9F789FFDAE71E606E600B
:107B0000F6E782F31188BFF36F8F6FF00404D0E7BC
:107B100082F31188BFF36F8F6FF08504C9E782F39A
:107B20001188BFF36F8FC4E7034658B1426802F073
:107B30000302012A03D0032A04D1026812B10020F3
:107B4000986070476FF0150070474268816002F0DE
:107B50000302032A4FF0000203460CBF00681046E0
:107B60005A60704770470FB407B504A951F8040B69
:107B70000191F9F71BFD03B05DF804EB04B0704709
:107B80007047002930B4044618460BDBA56808444A
:107B9000A84207D8E0686468214484682468A44641
:107BA00030BC60476FF0150030BC7047002930B41E
:107BB000044618460BDBA5680844A84207D8E068CD
:107BC0006468214484686468A44630BC60476FF0F0
:107BD000150030BC70470029034610B410460BDB7B
:107BE0009C680844A04207D8D8685B681944836839
:107BF0009B682BB110BC18476FF0150010BC704784
:107C00006FF05700FAE708B5C0688368DB689847EB
:107C1000006808BD08B5C0688368DB68984740798C
:107C200008BD70B54C680368A34201D2012070BD45
:107C30008A682244934201D30020F8E7D1E9032562
:107C40004E69B54203D36FF00B038B61F4E71B1B46
:107C500042F835304368086902EBC00253600B6993
:107C600001330B61E2E701460068FAF74DB808B549
:107C7000FAF782F8BDE80840FAF782B8002101203F
:107C8000FAF742B861B662B680F31188BFF36F8F1E
:107C9000704772B6002383F31188BFF36F8FBFF371
:107CA0004F8F30BF62B6BFF36F8F704772B600233D
:107CB00083F31188BFF36F8FBFF34F8F20BF80F323
:107CC0001188BFF36F8F62B67047202809D9B0F1D1
:107CD000004F08D80138B0FA80F0C0F11F00400012
:107CE0007047082070473E207047034600201A5C0A
:107CF00002B970470130FAE710B55AB1013984185A
:107D000010F8012B11F8013FA04201D09A42F7D0A0
:107D1000D01A10BD1046FCE710B5431E0A4491422C
:107D200000D110BD11F8014B03F8014FF7E7C9B2BC
:107D300002440346934200D1704703F8011BF9E760
:107D40004FF0FF3070470369C9B20C2201FB0233C8
:107D5000186C00F00700704770B5C9B20369EFF303
:107D60001185202484F31288BFF36F8F0C2606FB45
:107D70000134246C14F0C00408D0A24206D085F36C
:107D80001188BFF36F8F4FF0FF3070BD71430B440C
:107D900001221A6485F31188BFF36F8F43680B4487
:107DA0005B6898470020F0E78022FFF7D5BFF8B561
:107DB000069F0469C9B2EFF31186202585F3128866
:107DC000BFF36F8F0C2569430C44256C05F0070C3D
:107DD000BCF1010F0BD1276486F31188BFF36F8FBD
:107DE000C4E90E2343685B5898470020F8BD05F0AE
:107DF000C005AF4286F31188BFF36F8F0CBF6FF0E1
:107E000077004FF0FF30F1E713B580240094FFF7BF
:107E1000CEFF02B010BD10B40069CBB21C2403FB2E
:107E20000400002110BC10470020FDF7ADBC00206D
:107E300001F0F0BC1046FEF715BE036920330B605D
:107E4000012313607047FEF70DBE4FF0FF324FF075
:107E5000FF33FEF72BBEF0B58BB044680769119E67
:107E6000CDF818D0002000908DF804000120079074
:107E700010988DF80010D107CDE9080602F08005B2
:107E80000DD512F0040F1BBA1ED00493042204A9CE
:107E90000DF10100FFF740FF079B04330793002E0D
:107EA00006AB0CBF01220222CDE903230293214637
:107EB0000223059351F8040BA5B183681C680023C5
:107EC00002AAA0470BB0F0BD3A7C0493D307DDD4DF
:107ED00003220DF111010DF10100FFF71DFF079BBA
:107EE0000333DBE783681C6804ABE9E773B5002361
:107EF0000D1E466818BF0421CDE9003308BF0621D6
:107F000080220446FFF7A7FF737EDB0609D540B940
:107F10003DB9CDE900000346802298212046FFF7B5
:107F20009AFF02B070BD1FB5012301930DF10F033D
:107F3000009300231A460521FFF78DFF08B99DF82D
:107F40000F0005B05DF804FB2DE9FF41064615461C
:107F50001C4601270DF10F080023CDE900871A46C2
:107F600005213046FFF777FF40B99DF80F30DB075A
:107F700004D528462146FFF77BF8EDE704B0BDE8BD
:107F8000F0812DE9F74F054600690E1E1F46B0F837
:107F90001A80C36991464EDBF2199A424BD8FFF71B
:107FA00054FF00212846FFF7A1FF0446C0BB8246CC
:107FB0002FB901212846FFF799FF044634E0B84560
:107FC000C34628BFBB4606EB0B0396FBF8F2013B0A
:107FD000B3FBF8F393421CBF08FB1262A8EB020B41
:107FE000CDE900AA0023802206212846FFF733FFAF
:107FF0000446A8B9CDE9009B3346812202212846D8
:10800000FFF729FF044658B9012200232846FFF74D
:108010009BFFA7EB0B07D9445E4404460028C7D05A
:1080200001212846FFF762FF2869FFF70CFF204671
:1080300003B0BDE8F08F6FF01504F8E7F7B505461B
:1080400000690C1E1E461746C36913DBA2199A422B
:1080500010D8FFF7FAFE2346CDE90076012203216E
:108060002846FFF7F8FE04462869FFF7ECFE204695
:1080700003B0F0BD6FF01504F9E738B505460C46BE
:1080800001F05EFC002D07DBA84205D9401B8442AD
:108090008CBF0020012038BD0020FCE7F7B51C464E
:1080A0001646002382682360A36013690D4601AA67
:1080B00069469847019B5A1E01921BB96FF0150043
:1080C00003B0F0BD0098A26847682168676085B971
:1080D000B31AD0F800C0634528BF63461A4403FBB7
:1080E00007112160A26002689A4206D80830009009
:1080F000E0E76B1AB3FBF7F3EBE70020E0E713468A
:108100000022FFF7CBBF2DE9F047836886B01B69DB
:108110008846914601A902AA98470024A24625460E
:10812000029BAB4202D806B0BDE8F087019F07EB87
:10813000C50700267B6804933A68B2420AEB06033F
:1081400002D801359A46EBE703940593494603A804
:10815000C0470028E7D0049B01361C44ECE74B1EC7
:108160005B0800EB8300C907C36958BF1B0CC3F34E
:10817000072113F0FF031DBF0020117053706FF033
:108180001500704743685B68D3F810350B6000201A
:10819000704743685B6802EA010021EA0201C3F804
:1081A0000805C3F80C150020704743685B68002081
:1081B000C3F80815704743685B680020C3F80C15C6
:1081C000704743685A68D2F8043521EA03000B402F
:1081D000C2F80805C2F80C350020704710B50369D5
:1081E0005868F8B1884219D19C6808685860A14263
:1081F00000D19860002008602AB15A680A609A6825
:10820000596002B99960002010E0814206D10868E7
:10821000206098688142EDD19C60EBE704460068DD
:108220000028F2D1002AE8D16FF0150010BD30B55A
:1082300043681360057A446804EBC504A34202D383
:108240006FF0010030BD5C798C4201D00833F0E75B
:108250000020F7E743681B68D3F88004C3F8800464
:10826000704742681368D3F8100150B1126A0020B9
:1082700012780A70C3F81001D3F8102101221A6095
:1082800070474FF0FF30704702680346D2F858013C
:1082900040B95B68DB0706D4D2F82001003818BF6C
:1082A000012070470120704743681B68D3F80423FE
:1082B000D20517D5D3F82021A2B1EFF311822021E6
:1082C00081F31288BFF36F8FD3F8201131B10021F1
:1082D000C3F82011D3F820110121D96082F311884D
:1082E000BFF36F8FD3F8583170470022012104206B
:1082F000FAF790B8002201212F20FAF78BB810B5B9
:108300000B6813B91360184605E003685C681CB17C
:1083100014600368186810BD083303600B68013BE4
:108320000B60EDE713B501AA0446FFF780FF0028B4
:1083300005DB019B226819791868FBF7F7F902B091
:1083400010BD03460A4600681979012303FA01F1BA
:1083500003691B68194218BF82F0010212B18368D9
:10836000DB68184783681B69FBE710B504460068A3
:10837000D0B18368C3B149B101210830FFF7E1FFF3
:1083800023681869BDE8104001F096BB12B98388D4
:10839000DB0409D4006901F08FFB20680021BDE8EF
:1083A00010400830FFF7CDBF10BD10B501220021ED
:1083B0000446FFF7DAFFA36933B9636004F11000E4
:1083C000BDE81040FEF74EBB10BD10B50069036854
:1083D0008B4206D190F85C4034B9FFF7E6FF2046A7
:1083E00010BD6FF01500FBE76FF00F00F8E7F8B570
:1083F0000C46054601F0A1FA002221460646284611
:10840000FDF702FD03212046FBF794FE00F023F860
:1084100007462B689B5953B100262146284601F098
:108420008AFA20460121FBF785FE3046F8BD00F0B0
:1084300012F8C01B0628ECD96FF07306EDE700F1C7
:1084400050039B009BB203F1804303F58833002265
:108450001A601B68704708B5FBF732FF08BD73B59B
:10846000054601A80C461646FCF7E6F870BB4FF02F
:1084700080531969B5FBF1F201FB125242BB196935
:10848000B4FBF1F201FB124212BB1A695B69534360
:10849000A3421DD3E4B1019B1B0103F1804101F50F
:1084A000F031C1F80058C1F80448C1F80868D1F8A3
:1084B000002895420FD1D1F8042894420BD1D1F86D
:1084C0000838DBB2B34218BF6FF00D0002B070BDC8
:1084D0006FF01500FAE76FF00D00F7E70222FFF7E3
:1084E000BEBF8068183820F0070010387047042895
:1084F00009D0052803D1481E18BF01207047431A30
:108500005842584170470120704738B515460C460F
:1085100061B15AB1FFF77EFB2544214611F8013BBA
:10852000834203D1A942F9D1012038BD0020FCE7E4
:1085300038B50C460123114622460546FFF721FBBC
:1085400000280FDB012221462846FFF7DEFF38B95D
:108550002378012B14BF022301232370002038BD90
:108560000323FAE70120FAE72DE9F7431D46064603
:108570000F469046FFF747FB6C1E04444042044000
:10858000082C1AD83046FFF745FB2A46814641465B
:108590006846FFF7C1FB621B49460DEB0500FFF77C
:1085A000C6FB23466A4639463046FFF7FFFA0038D5
:1085B00018BF012003B0BDE8F0834FF0FF30F9E7AA
:1085C00007B501238DF8042001AAFFF7CDFF03B002
:1085D0005DF804FB81681839012221F00701FFF7DB
:1085E000EFBF8268183A22F00702FFF7A1BF13B568
:1085F0000C46C0B201A9F9F71DFB50B921460198FC
:10860000FCF758F804460198FFF7BAFA204602B082
:1086100010BD0124FAE713B541EA021104468DF8B2
:108620000710FFF75EFF012301460DF10702204608
:10863000FFF79AFF02B010BD8168183921F00701D9
:1086400001220839FFF7BCBF70B504680D1B002D6F
:1086500002DC6FF05F0070BD94F900602378002E9B
:108660000ADB631C0360237813600368C91A13686C
:108670008B42EED80020EEE703F07F035C1E032C54
:1086800013D89D42E5DD00241460046801340460C1
:1086900004681568247844EA052414600468013BE2
:1086A00004F101040460F3D1DFE76FF06300D2E767
:1086B00070B404680E1B002E07DD26789E4208D198
:1086C0000134046070BCFFF7BFBF6FF05F0070BC87
:1086D00070476FF06100FAE773B50223154601AAEF
:1086E0000446FFF7E5FF40B9019E2168324628465F
:1086F00000F0A6FB23683344236002B070BD01394B
:10870000002901DA0020704750F82130002BF6D004
:10871000B3FA83F00131C0EB4110704739B101F178
:108720008041013900EB81018142034600D270474C
:108730001B680A681BBA12BA40F8042B41F80439C6
:10874000F2E72DE9F0411C4613F0030318BF0123A3
:1087500003EB94038B4206460D46904613D879B13D
:108760008F003A460021FFF7E2FA2CB1381B22466F
:1087700041463044FFF7D0FA29463046FFF7CEFF96
:108780000020BDE8F0816FF00700FAE7B3EB810F3E
:1087900070B504464FEA8105104619D95A1B861850
:1087A0000021FFF7C4FA30462B46C21800218B4245
:1087B00010D1002070BD22F0030102F003066158C1
:1087C000F600F140C9B281B90132AA42F3D1ECE717
:1087D0001A46FAE721F0030001F003052058ED00E6
:1087E000E84002F8010D0131E1E76FF00700E1E731
:1087F00053098B42F0B402F01F0401D809D124B10F
:108800008A00F0BC0021FFF792BA1F2A03D8F0BCFF
:1088100070471F2A0AD900EB8302051F00EB81066F
:10882000B24216D1CB1A00228B4217D3002CEED0C5
:1088300000EB81010022C4F120068142E7D051F80B
:10884000045C25FA04F3134341F8043D05FA06F2EB
:10885000F3E752F8047B45F8047FE1E740F8232072
:108860000133E1E71F2AF0B54FEA521402F01F0569
:1088700012D96FF0030606FB04060B469C4203F177
:10888000FF3212D3631A8C4288BF00230B4400EBE3
:108890008303002283420ED135B100EB8400002215
:1088A000C5F120078C4209D3F0BD56F8223040F8BC
:1088B00022301346E2E743F8042DEBE7066806FA98
:1088C00005F3134340F8043B013426FA07F2E9E7C5
:1088D000F0B50024844620469C4200D1F0BD51F8FA
:1088E000245052F824702E182CBF01250025BF19E2
:1088F0004CF8247045F100000134EDE7F0B5002498
:10890000064620469C4200D1F0BD51F824C052F8E2
:108910002470ACEB0005AF4294BF4FF0000E4FF057
:10892000010EED1B46F8245084452CBF70460EF115
:1089300001000134E6E78B422DE9F04728BF0B46E2
:108940009646DE08089A0446C91A03F007087546D9
:108950000346B44600200CF1FF3CBCF1FF3F03F19D
:10896000200305F1200511D104EB46140EEB461649
:108970004FEA880C06EB880E2546764540F081804C
:108980006444013980F08B80BDE8F08755F8207C85
:10899000A2FB079710EB090953F8200C47F10007D9
:1089A00010EB090043F8200C55F81C0C47F10007A8
:1089B000A2FB00093F1853F81C0C49F10009C0192B
:1089C00043F81C0C55F8180C49F10009A2FB0007EC
:1089D00019EB000953F8180C47F1000710EB0900D8
:1089E00043F8180C55F8140C47F10007A2FB0009D6
:1089F0003F1853F8140C49F10009C01943F8140C3E
:108A000055F8100C49F10009A2FB000719EB000909
:108A100053F8100C47F1000710EB090043F8100C55
:108A200055F80C0C47F10007A2FB00093F1853F85A
:108A30000C0C49F10009C01943F80C0C55F8080C4E
:108A400049F10009A2FB000719EB000953F8080CD3
:108A500047F1000710EB090043F8080C55F8040C27
:108A600047F10007A2FB000A17EB000953F8047C4A
:108A70004AF1000017EB090740F1000043F8047CBD
:108A800069E756F8043BA2FB0337C318286847F18F
:108A90000007C31845F8043B47F100006DE7236861
:108AA0001B1844F8043B2CBF0120002069E7016833
:108AB000881C400000F008000844032300FB01F27A
:108AC000C2F10202013B02FB00F0F7D140427047C5
:108AD0002DE9F04F87B091460493109B0293DDE996
:108AE0001183139D05934FEAC80283468A460432D8
:108AF00000212846FFF71BF908F102032E46002447
:108B00000393444515D105EB84012346029A51F89D
:108B100024505846FFF7F2FE6840FBF7A1FEA6007E
:108B20000A4600235946109607B0BDE8F04FFCF7FF
:108B300033B95AF82430D9F80020376803990093E4
:108B400002FB0377059A049B574330464A46FFF7DA
:108B5000F2FE3046DDE9022100974346FFF7EBFEC7
:108B600004360134CDE738B50D460121044600F046
:108B700031F988B9E9882046890100F07DF958B9B2
:108B80002A462146204600F02FFB28B9E9882046D6
:108B9000BDE8384000F0B8B838BD4901502934BFAD
:108BA00001220322012393400333584301307047CD
:108BB00010B586B00B9C04940A9C03940024029484
:108BC000099C0194089C0094FBF76EFE06B010BD52
:108BD00010B586B00B9C04940A9C03944FF02A3481
:108BE0000294099C0194089C0094FBF75DFE06B07A
:108BF00010BD30B50546104600229A4200D130BD66
:108C000051F82240241A45F8224034BF01200020A8
:108C10000132F2E7034600EB810100208B4201D1D3
:108C2000FBF71EBE53F8042B1043F7E71FB5089C53
:108C30000394069C0092CDE90134079AFFF748FFA0
:108C400004B010BD30B587B01C460B9D03950A9D3E
:108C500000920123CDE9014505AA0593FFF738FFEE
:108C600007B030BD00220123C0E90023704710B5D2
:108C7000044648B1006818B1E188890000F0DDFBC6
:108C800000220123C4E9002310BD42F2107399426F
:108C900070B504460D4602D96FF00F0070BDC38851
:108CA0008B4201D30020F9E704212846FCF760FA43
:108CB00006460028F0D0216841B1E2889200FFF713
:108CC0002BF8E1882068890000F0B7FBE58026607A
:108CD000E8E738B504460D4619B9FFF7C8FF00208C
:108CE00038BDC2888A4207D1006892000021FFF790
:108CF0001EF80123A380F2E7FFF7B9FF29462046BB
:108D0000BDE83840FFF7C1BF42F21073994270B519
:108D10000A46054602D96FF00F0070BDC3888B422A
:108D200007D8BDE87040FFF7B0BF296851F823109D
:108D300011B9013B002BF8D15C1C944238BF14469A
:108D400004212046FCF714FA06460028E3D02968DF
:108D500039B1A200FEF7E0FFE9882868890000F039
:108D60006CFBEC802E600020D7E7884270B505468A
:108D70000E4609D0C988C28841B92AB1012383802F
:108D800092000068FEF7D3FF002070BD4C1E8CB926
:108D90000134B6F90430AB80A24212D221462846F3
:108DA000FFF773FF0028F0D131682868A200FEF7B2
:108DB000B3FFE9E7336853F82430002BE8D1013CD6
:108DC000E5E72868121B9200002100EB8400FEF703
:108DD000AEFFE9E770B50C4601210546FFF755FFE8
:108DE000064688B9EA88014692002868FEF79FFF88
:108DF00084EAE472A2EBE472E40FC4EBC4342B689F
:108E0000640001341A60AC80304670BDC388B1EB99
:108E1000431F3FBF03684A0901F01F0153F82200B6
:108E20003ABFC84000F0010000207047C1880068C8
:108E3000FFF765BC08B5FFF7F9FF0730C00808BDAC
:108E400070B50E4612F0030118BF012101EB92012B
:108E500005461446FFF73DFF38B9E98828682346E0
:108E60003246BDE87040FFF76CBC70BD13460A4641
:108E7000C1880068FFF78ABC38B504460D46FFF785
:108E8000D5FFE3882844B0EB431F06D82068E1886B
:108E90002A46FFF7E7FC002038BD10F01F0118BF7D
:108EA000012101EB50112046FFF7EFFE0028EDD025
:108EB000F2E708B50A46C18811B10068FFF798FCCF
:108EC000002008BD10B5C38823B9CA885AB9ABB110
:108ED000012017E0026802EB830252F8042C002AFA
:108EE000F3D1013BF0E70C6804EB820454F8044C26
:108EF0000CB9013AEAE79342EAD80FD3013B5A1C76
:108F000001D1002010BD026852F823400A6852F8CF
:108F100023209442DCD803F1FF33F0D24FF0FF302E
:108F2000F0E730B5C38823B9CA885AB9002B3DD1C0
:108F300036E0026802EB830252F8042C002AF3D1D7
:108F4000013BF0E70C6804EB820555F8045C4DBB6F
:108F5000013AEAE7B1F9045003D2B1F90400404202
:108F600026E0B0F90420002A03DD002D0CDA0120F0
:108F70001EE0002D08DD3AB14FF0FF3018E003F19C
:108F8000FF330BD2504213E0013B016851F82350EC
:108F900054F823108D42F2D9104609E0591CF4D13F
:108FA000002005E0002BD8D09342D3D9B0F90400BB
:108FB00030BD1FB581EAE173A3EBE173C90FC1EBCB
:108FC000C1314900019301310123ADF80C10ADF816
:108FD0000E3002A901AB0293FFF7A3FF05B05DF8C5
:108FE00004FB90422DE9F04105460F46144602D09D
:108FF000884206D127460123AB80FC883CB900207B
:1090000003E0FFF7B2FE0028F4D0BDE8F0813B6832
:1090100003EB84034FEA840853F8043C0BB9013C8A
:10902000ECE721462846FFF730FE0028EDD12E68F8
:109030003A68234631463046FFF74AFC06EB080300
:109040000746002FDBD0EA88A24204F1010608D8C7
:1090500031462846FFF719FE0028D6D12B6803EBCE
:1090600084031A68D21943F8042B2CBF0127002768
:109070003446E6E72DE9F041D48805460E46904691
:109080003CB9F188A1420ED26FF009073846BDE81D
:10909000F081D8F8003003EB840353F8043C002B34
:1090A000EFD1013CECE72846FFF7EFFD074600282B
:1090B000ECD1F28894420BD2AE4209D031682868D4
:1090C000121B920001EB840100EB8400FEF724FEEA
:1090D000EA88F088824207D92B68121A9200002190
:1090E00003EB8000FEF723FED8F8002031682868E3
:1090F0002346FFF703FC024610B90123AB80C5E706
:109100002968EB8801EB84011B1B0846FFF771FD02
:109110000028F2D0B8E72DE9F843B1F90440B2F8DD
:1091200004C01CFB04FC6646734381460D4617468B
:109130001CD511462846FFF7C5FEB0F100080DDB2F
:109140003A4629464846FFF795FF98B9B8F1000F0F
:1091500008BF0124A9F8044000200BE02A46484635
:10916000FFF788FF30B9644224B2F3E7FFF739FF15
:109170000028EFD0BDE8F8830123FFF7CCBF4FF004
:10918000FF33FFF7C8BF2DE9F341CF880546884676
:1091900016463FB1D8F8003003EB870353F8043C80
:1091A0003BB146B90021284602B0BDE8F041FFF7C7
:1091B00011BE013FEDE7791C2846FFF766FD044626
:1091C00070B941462846FFF7D0FD044640B9013E3C
:1091D0000096D8F80020E98828683B46FFF7ABFBEB
:1091E000204602B0BDE8F08170B504460D46104639
:1091F00000211646FFF7DDFE002824DB2A46334611
:1092000021460020FBF72EFC054638B1284670BDEC
:10921000324621462046FFF7AFFF90B90021204695
:10922000FFF7C7FE0028F3DB31462046FFF779FE43
:109230000028EBDB324621462046FFF7A0FF00283E
:10924000F2D00546E2E76FF00905DFE72DE9F04FC0
:1092500089B0DDE9125806468B4628460021914622
:109260000593FFF7A6FE002805DC6FF003042046F7
:1092700009B0BDE8F08F2B681B68D907F5D5002130
:109280004846FFF796FE0028EFDB4846FFF7CEFD85
:10929000B0F5006FE9D82846FFF7C8FDB0F5006FBC
:1092A000E3D8B9F8061031B90121304609B0BDE85C
:1092B000F04FFFF78FBDE888FFF76FFC042182466F
:1092C000FBF756FF0746002800F0AA800022012382
:1092D000CDE906234FEA8A0AB8F1000F0DD12946DD
:1092E00006A8FFF740FC044600B35146384600F09C
:1092F000A4F806A8FFF7BBFCB9E7D8F80030002BAC
:109300006ED106AB18462946FFF72DFC06AB044686
:1093100040B15146384600F090F8D8F80030002BA4
:10932000A5D1E6E793E8030088E8030059463046F4
:10933000FFF71BFD0446002867D10123B3802946AF
:109340003046FFF7EEFD002857DAE9883046FFF790
:109350009CFC0446002858D12868FFF7A8FB069B10
:109360000090029701933168EB882A6804900846C0
:10937000FFF75CFC059B0698B9F806203168B3F14D
:109380002A3FEB880192CDE90207D9F8002000922C
:109390002A68084641D1FFF71BFC049B0197009304
:1093A0003168EB882A680846FFF74CFCBBF904B02B
:1093B000BBF1FF3F29D1D9F800301B68DB0724D56A
:1093C000F1883068FFF726FC01225946FBF73CFB89
:1093D0003246B08029463046FFF7CEFE044614E000
:1093E000E9884046FFF751FC0446002891D198E8EF
:1093F000030008AB03E9030098E72A4631463046EC
:10940000FFF7F2FE044600289FD05146384600F090
:1094100014F8B8F1000F80D16BE7FFF7C9FBBCE788
:109420006FF00F0423E713B5049CCDE900344FF02F
:109430002A33FFF70BFF02B010BD10B5044608B188
:10944000FBF78AFE2046BDE81040FBF797BE0020E0
:109450007047704770472DE9F8430446DDE9087608
:10946000914698460D4651B9B9F1000F10D1B8F1A7
:10947000000F15D1E7B91EBB55BB002006E0083030
:10948000FFF773FC0028EFD0A0F58140BDE8F8831A
:10949000494604F12000FFF768FC0028E7D0F3E715
:1094A000414604F12800FFF760FC0028E2D0EBE71A
:1094B000394604F11800FFF758FC0028DBD0E3E739
:1094C000314604F11000FFF750FC0028D4D0DBE750
:1094D00004F10800FFF7AEFC6060CEE710B578221B
:1094E00000210446FEF723FC0023C4E91C3310BD11
:1094F0004068704710B50446A0B36030FFF7B7FB73
:1095000004F16800FFF7B3FB04F14800FFF7AFFB7D
:1095100004F11800FFF7ABFB04F12800FFF7A7FBED
:1095200004F12000FFF7A3FB04F11000FFF79FFBFD
:1095300004F10800FFF79BFB04F15800FFF797FBCD
:1095400004F15000FFF793FB04F14000FFF78FFB9D
:1095500004F13800FFF78BFB04F13000BDE8104048
:10956000FFF785BB10BD00BA70476C220021FEF7E3
:10957000DEBB10B16C21FBF7EFBD70472DE9F04168
:1095800005460E4614467AB3036C03F03F079B185A
:10959000036422BF436C013343645FB3C7F14008E7
:1095A00042451CD342463844FEF7B6FB29462846BE
:1095B000FBF738FFC8B92744A7F140043F2C4644C5
:1095C0000BD90027F1192846FBF72CFF78B9403753
:1095D000E31B3F2BF6D83E441C462CB10027224605
:1095E0003146E819FEF798FB0020BDE8F0814FF006
:1095F000FF30FAE73F2AE4D8F1E773B5036C03F0D4
:109600003F035A1C0D46382A4FF08001C1540446CE
:10961000104400F28480C2F138020021FEF787FB7B
:10962000D4E91060730F43EAC000FFF79CFF0422E7
:109630000DEB0201019004F13800FEF76DFBF00024
:10964000FFF791FF04220DEB0201019004F13C00B1
:10965000FEF762FB21462046FBF7E4FE06460028A3
:1096600057D1A06CFFF77FFF04220DEB02010190A0
:109670002846FEF751FBE06CFFF775FF04220DEB67
:1096800002010190A818FEF747FB206DFFF76BFF62
:1096900004220DEB0201019005F10800FEF73CFBEE
:1096A000606DFFF760FF04220DEB0201019005F1F0
:1096B0000C00FEF731FBA06DFFF755FF04220DEB08
:1096C0000201019005F11000FEF726FBE06DFFF7A7
:1096D0004AFF04220DEB0201019005F11400FEF790
:1096E0001BFB206EFFF73FFF042201900DEB0201F0
:1096F00005F11800FEF710FBA36E53B9606EFFF77B
:1097000032FF042201900DEB020105F11C00FEF76F
:1097100003FB2046FFF72DFF304602B070BDC2F1BB
:1097200040020021FEF703FB21462046FBF77AFEAC
:1097300006460028EDD10146382220466EE700207B
:109740007047004700F0B8B9C00000F1804000F554
:10975000F830C0F81015C0F814257047FCF7C4BCE9
:10976000F7B5044618B1012824D003B0F0BD4FF07E
:1097700080430222C3F808230122DA60C3F80401FF
:10978000D3F80431064601238DF8073042F21075F4
:109790004FF08047DCB1012CE7D1D7F80C3403F44B
:1097A00080338EBB002BE0D00120FFF7CBFF013DC3
:1097B000F3D1DAE74FF080430022C3F80803586082
:1097C000C3F80021D3F800310DF10706DBE7D7F825
:1097D000183403F480333EB9002BC6D00120FFF7C4
:1097E000B1FF013DF3D1C0E7D7F8182402F003021E
:1097F0003260002BB9D09DF807000128B5D1FFF7E2
:10980000A1FF013DC6D1B0E7D7F80C2402F0010258
:109810003270EEE7FFF7A4BFF7B5019001A8DDE9CC
:10982000084716461D46FCF735F8019BB6F1000CBB
:1098300018BF4FF0010C00EB83000B1E18BF012373
:10984000002D43EA4C0314BF4FF00C0C4FF0000CFA
:10985000002C43EA0C0314BF4FF4E06C4FF0000CF3
:10986000002F43EA0C03D0F8002714BF4FF4403C0C
:109870004FF0000C43EA0C0322EA030301B109781C
:109880000EB13678760019430DB12D78AD00314315
:109890000CB12478240229430FB13F783F040C43D4
:1098A0003C43C0F8004703B0F0BD1FB50DF10F03F6
:1098B000019300238DF80F1000931A461946FFF705
:1098C000ABFF05B05DF804FB08B50146FCF734F8C2
:1098D00040B10846FCF718F800B2800000F580702F
:1098E00080B208BD4FF4BE70FBE738B505460846A8
:1098F0000C46FCF721F8B0B10846FCF711F890B916
:109900000846FCF701F82A6801238340C2F80833AF
:109910002A6803B202EB8303D3F8102522F0030276
:10992000C3F8102538BD20460021BDE83840FFF7B8
:10993000BCBFFCF787B8FFF7D8BF0846FFF7C4BF26
:109940004FF080531A695869504370474FF0805365
:10995000186970474FF080535869704770B5A2F589
:109960008074A408012606FA04F4054614EA0100EE
:1099700008D0A85830B10021A950AA581A6822432B
:109980001A60304670BD2DE9F341002304460D46B0
:109990000193904601AB4FF4A672FFF7DFFF4FF43F
:1099A000827229462046FFF7D9FF4FF48C72074692
:1099B00029462046FFF7D2FF064630B1B8F1000F26
:1099C0001DD017B1D4F83C353E4601AB4FF4887238
:1099D00029462046FFF7C2FF30B1B8F1000F03D08F
:1099E00016B90FB1D4F83C3501AB4FF4907229464B
:1099F0002046FFF7B3FF019802B0BDE8F08146466C
:109A0000E3E707B5019001A8FCF774FB019A012375
:109A10009340C0F8083503B05DF804FB07B501902A
:109A200001A8FCF767FB019A01239340C0F80C35AD
:109A300003B05DF804FB012370B504460D46436195
:109A40006426002202212046FFF79DFF20B9012055
:109A5000FFF778FE013EF4D100236B77C4F80035A0
:109A600070BD70B501F10C020C4640210546FFF7B0
:109A70008AFFC8B1206A421C04D0A37F9B0710D57F
:109A8000FFF7CCFF637F1BB121462846FFF7D3FFCA
:109A9000002320462372616850F8083BBDE87040FF
:109AA0001847FFF7AEFFEDE770BDFCF723BE08B522
:109AB000FFF7FBFF002008BD08B1F8F7F7BE7047BD
:109AC000704740B1C368587810F001001EBF187885
:109AD000B0FA80F040097047EFF31183202383F33D
:109AE0001288BFF36F8FFEE710B5D0E9003433B9A9
:109AF0000020E268537843F00103537010BD204604
:109B000098470028F4D00028B8BF4042E368FF28F7
:109B1000A8BFFF201870ECE7FEF709B9FEF7FCB804
:109B2000704708B52024EFF3118384F31288BFF344
:109B30006F8FFEF7AEF8F6E73AB18A4205D3C0E977
:109B40000212C0E90000002070476FF01500704756
:109B5000EFF30580003818BF0120704700207047E0
:109B6000FDF786B9D0E9003213605A600023C0E9DE
:109B70000033704708B5FFF7F5FF437B23F002037E
:109B800043730023836008BD38B504460D46FDF7D6
:109B90003DF8637B43F002036373E5B1A5602B6876
:109BA0009D4209D16B68C4E900531C606C6012E0EF
:109BB0006A689A42F6D01B68002BF3D094F90E2005
:109BC00093F90E108A42F3D09142F1DD5A68C4E94C
:109BD000003214605C6038BD10B5EFF311842023AF
:109BE00083F31288BFF36F8FFDF728F884F3118891
:109BF000BFF36F8F10BD10B50446183000F077F832
:109C0000EFF31181202383F31288BFF36F8F627B00
:109C100012F0100204D081F31188BFF36F8F10BDD2
:109C20002046BDE81040FDF73DB838B50446EFF3D7
:109C30001185202383F31288BFF36F8F437B13F0CA
:109C4000280F0BD183680BB1FFF794FF637B51B9E9
:109C500003F0FB0363732046FCF7F0FF85F31188E4
:109C6000BFF36F8F38BD03F0EB03F3E70121183822
:109C7000FFF7DBBF38B5EFF31185202383F312889C
:109C8000BFF36F8F0468A0420DD034B12046FFF7B8
:109C900071FF04F1180000F02AF885F31188BFF372
:109CA0006F8F204638BD0024F7E7EFF311812022A3
:109CB00082F31288BFF36F8F027BD2070CD581F33A
:109CC0001188BFF36F8F002383F31188BFF36F8F69
:109CD0000423184602DF7047437B1B0704D581F33A
:109CE0001188BFF36F8F70470122FCF7DBBF10B5FF
:109CF000EFF31184202282F31288BFF36F8F036881
:109D00003BB1FDF783FA002084F31188BFF36F8F16
:109D100010BD6FF01500F7E708B5FDF795FB08BD1E
:089D20001464FF7F0100000044
:109D28009D2800000000000069290000909D0000A7
:109D3800AF9A000000000000ED340000B89D00005C
:109D4800ED340000A49D000051390000CC9D0000B6
:109D5800ED2B00000000000035440000000000006A
:109D68003F97000000000000693A0000F49D0000E1
:109D78007D320000E09D0000693A0000089E000066
:089D88006D2D00001C9E00007F
:109D90008CB00000ECA0000004A1000038060020F8
:109DA000902C0020D1B3000074A10000A4A10000F9
:109DB0003E060020242D0020DFB300008CA100000F
:109DC000A4A1000040060020302D002019B400009E
:109DD000C8A1000010A20000420600203C2D002077
:109DE000ADB300000000000058A100003C060020B8
:109DF00000000000FCB600001CA2000004A300004C
:109E000044060020D404002009B7000090A20000FE
:109E100004A30000460600203C05002030B30000EB
:109E200020A100003CA100003A060020E42C002004
:109E30003158000043970000000000007D7C0000C6
:109E4000CC9D0000A9820000000000007D7C000085
:109E5000D566000043970000000000007D7C0000F4
:109E6000B95E000043970000000000007D7C000008
:109E7000000000007D7C0000000000007D7C0000F0
:109E8000000000007D7C0000000000007D7C0000E0
:109E9000000000007D7C0000000000007D7C0000D0
:109EA000000000007D7C0000000000007D7C0000C0
:109EB000000000007D7C000000000000C5440000A0
:109EC000000000007D7C0000000000007D7C0000A0
:109ED000000000007D7C0000000000007D7C000090
:109EE000000000007D7C0000000000007D7C000080
:109EF000000000007D7C0000000000007D7C000070
:109F0000000000007D7C0000000000007D7C00005F
:109F1000000000007D7C0000000000007D7C00004F
:109F2000000000007D7C0000000000007D7C00003F
:109F3000000000007D7C0000000000007D7C00002F
:109F4000000000007D7C0000000000007D7C00001F
:109F5000000000007D7C0000000000007D7C00000F
:109F6000000000007D7C0000000000007D7C0000FF
:109F7000000000007D7C0000000000007D7C0000EF
:109F8000000000007D7C0000000000007D7C0000DF
:109F9000000000007D7C0000000000007D7C0000CF
:109FA000000000007D7C0000E56600004397000093
:109FB0003FAA000004000000A7B000000400000059
:109FC00060AA000004000000C7B300000400000005
:109FD0004CA500000300000089AF00000400000051
:109FE00009B900000400000071B000000400000086
:109FF0003CB300000400000016B70000040000009D
:08A0000027B400000400000079
:10A010000338FDD870470000030000000100000075
:10A020000100000031A900003CA000000300000076
:10A030000100000003000000010000000E0100000C
:10A0400007000000000000000000000000C0000049
:10A05000E09D00000100000000000000004007003B
:10A060001C9E00000200000000C000000002000072
:10A07000E09D00000300000000C000000040070059
:10A08000E09D00000400000000C20000003E070048
:10A09000E09D00000500000000C20000003E070037
:10A0A000E09D0000060000000040070000C0F8002E
:10A0B0001C9E0000C00400200000000000000B06F1
:10A0C00002000000C8A000000000000062B0000014
:10A0D00024000202000000206AB0000020000B11E2
:10A0E000F1280000C128000000000000792A0000CB
:10A0F000352900009BB00000297E00002F7E000063
:10A10000A1B00000C1290000A97D0000097E000067
:10A1100000000000477D000000000000000000007B
:10A12000089E000000127A0000010000B89D0000A7
:10A130000800010000000000000000003D80000059
:10A14000837F0000452C00003D2C00003B7E00007A
:10A150000100000000FF000045320000293300002C
:10A16000A53200003D3200002D3200000400000046
:10A1700000FF0000FF03000000030050000000008B
:10A18000010000000060004000000000FFFFFFFF32
:10A1900000000050000000000000000000600040CF
:10A1A00000000000813500008581000093810000DF
:10A1B000AB810000B7810000C3810000ED330000D7
:10A1C000DD810000000000000020004001000000D0
:10A1D00000000000ECA100000000D601000000001B
:10A1E00000000000F2460020F14600200020004060
:10A1F000F8A100000100000000A20000040000001F
:10A200000A0000000500000209060001070600031D
:10A21000638200009D3800005582000000F002407B
:10A22000010000000048E8010000000000000000FC
:10A2300000000000FFFFFFFF0000FF000000000023
:10A2400000000000FFFFFFFF02000001010000000E
:10A25000F5820000FFFF000068A20000FFFFFFFF83
:10A26000000000000000000000F0024074A20000A6
:10A27000010000007CA200000300000017000004A1
:10A280001600000615000005B89D0000140001002E
:10A29000004000400000000000127A0000000000B2
:10A2A0000000000000000000FFFFFFFF0000FF00B3
:10A2B0000000000000000000FFFFFFFF00000001A1
:10A2C00001000000EB820000FFFF0000DCA20000A4
:10A2D000FFFFFFFF00000000000000000040004002
:10A2E000E8A2000001000000F0A20000030000004E
:10A2F000280000040C0000050B000006B89D0000BB
:10A3000008000100393D0000CB830000030000007D
:10A3100001000000982F8A4291443771CFFBC0B5ED
:10A32000A5DBB5E95BC25639F111F159A4823F9220
:10A33000D55E1CAB98AA07D8015B8312BE85312479
:10A34000C37D0C55745DBE72FEB1DE80A706DC9B3A
:10A3500074F19BC1C1699BE48647BEEFC69DC10FE6
:10A36000CCA10C246F2CE92DAA84744ADCA9B05C22
:10A37000DA88F97652513E986DC631A8C82703B0E5
:10A38000C77F59BFF30BE0C64791A7D55163CA06F3
:10A3900067292914850AB72738211B2EFC6D2C4DFF
:10A3A000130D385354730A65BB0A6A762EC9C281ED
:10A3B000852C7292A1E8BFA24B661AA8708B4BC283
:10A3C000A3516CC719E892D1240699D685350EF4AD
:10A3D00070A06A1016C1A419086C371E4C77482764
:10A3E000B5BCB034B30C1C394AAAD84E4FCA9C5BDA
:10A3F000F36F2E68EE828F746F63A5781478C8842B
:10A400000802C78CFAFFBE90EB6C50A4F7A3F9BE0C
:10A41000F27871C6BAB80000C8B80000DCB8000015
:10A42000EBB80000F7B80000289D0000289D000050
:10A43000609D0000689D0000909D0000909D0000C0
:10A440000100020010001100120020002100220073
:10A45000230024003000310032003300FFFF77C2B8
:10A4600095F360D2EF7F3552500F2CB6798025637B
:10A470003A205374617274696E6720626F6F746CF6
:10A480006F616465720A0025633A20556E61626CE3
:10A490006520746F2066696E6420626F6F746162FC
:10A4A0006C6520696D6167650A0025633A20426F1B
:10A4B0006F746C6F6164657220636861696E6C6F44
:10A4C00061642061646472657373206F666673658E
:10A4D000743A20307825780A0025633A204A756D51
:10A4E00070696E6720746F20746865206669727386
:10A4F0007420696D61676520736C6F740A00256351
:10A500003A2050726F74656374206D6375626F6F6B
:10A510007420666C617368206661696C65642C20C8
:10A5200063616E63656C20737461727475702E0A5A
:10A530000025633A204E657665722073686F756CEE
:10A54000642067657420686572650A006D637562D2
:10A550006F6F740025633A204469646E2774206627
:10A56000696E64204C454420646576696365207299
:10A570006566657272656420627920746865204C36
:10A580004544305F4E4F44450A0A0025633A20692E
:10A590006E76616C696420666C6173682049442042
:10A5A00025643B2065787065637465642025640AC2
:10A5B00000000000000000000025633A20556E6195
:10A5C000626C6520746F2064657465726D696E6578
:10A5D00020666C61736820736563746F72206F66A8
:10A5E0002074686520696D61676520747261696CAB
:10A5F00065720A007072696D617279007365636FCC
:10A600006E646172790025633A20496D6167652047
:10A61000696E2074686520257320736C6F742069DF
:10A6200073206E6F742076616C6964210A00256363
:10A630003A2025642073746174757320777269748D
:10A6400065206661696C7320706572666F726D69F2
:10A650006E672074686520737761700A0025633A1D
:10A66000204661696C656420746F206F70656E2090
:10A67000666C6173682061726561204944202564BD
:10A680002028696D61676520256420736C6F7420D4
:10A690002564293A2025642C2063616E6E6F742036
:10A6A000636F6E74696E75650A0025633A204661B2
:10A6B000696C65642072656164696E6720736563A7
:10A6C000746F72733B20424F4F545F4D41585F4946
:10A6D0004D475F534543544F52533D2564202D2031
:10A6E000746F6F20736D616C6C3F0A0025633A20B4
:10A6F0004661696C65642072656164696E67206992
:10A700006D61676520686561646572733B20496DA2
:10A710006167653D25750A0025633A204661696CCD
:10A7200065642072656164696E6720626F6F742072
:10A730007374617475733B20496D6167653D257560
:10A740000A0025633A2070616E6963210A0025635F
:10A750003A20446574656374656420696E636F6E46
:10A7600073697374656E7420737461747573210AF0
:10A770000025633A2043616E6E6F742075706772B6
:10A780006164653A206E6F74206120636F6D706143
:10A790007469626C6520616D6F756E74206F6620E0
:10A7A000736563746F72730A0025633A2043616EA8
:10A7B0006E6F7420757067726164653A206D6F7298
:10A7C0006520736563746F7273207468616E2061B5
:10A7D0006C6C6F7765640A0025633A2043616E6E86
:10A7E0006F7420757067726164653A206E6F7420B3
:10A7F00073616D6520736563746F72206C61796F2E
:10A8000075740A0062616400676F6F6400756E732F
:10A810006574005072696D61727920696D61676558
:10A820000025633A2025733A206D616769633D25F1
:10A83000732C20737761705F747970653D30782573
:10A84000782C20636F70795F646F6E653D3078257A
:10A85000782C20696D6167655F6F6B3D3078257876
:10A860000A005365636F6E6461727920696D616778
:10A87000650025633A20426F6F7420736F757263B1
:10A88000653A207072696D61727920736C6F740A19
:10A890000025633A20426F6F7420736F7572636591
:10A8A0003A206E6F6E650A0025633A205374617218
:10A8B00074696E672073776170207573696E6720A5
:10A8C0006D6F766520616C676F726974686D2E0AB2
:10A8D0000025633A204E6F7420656E6F756768209F
:10A8E0006672656520737061636520746F20727590
:10A8F0006E207377617020757067726164650A00FD
:10A9000025633A207265717569726564202564203B
:10A91000627974657320627574206F6E6C7920257E
:10A92000642061726520617661696C61626C650AA0
:10A93000003082010A0282010100D106081A18447F
:10A940002C18E8FBFDF70DA34F1FBBEE5EF9AAD252
:10A950004B18D35AE96D188019F9F09C341BCBF3CE
:10A96000BC74DB42E78C7F10537E435E0D572C4452
:10A97000D167080F0DBB5CEEECB399DFE04D840BA3
:10A98000AA774160ED152849A701B43C10E6698C0F
:10A990002F5FAC414D9E5C14DFF2F8CF3D1E6FE798
:10A9A0005BBAB4A9C8887E473C94C37767544BAA66
:10A9B0008D3835CA62617EB7E115DB7773D4BE7B13
:10A9C0007221896924FBF8656E643EC80ED785D56F
:10A9D0005C4AE4530D2FFFB7FDF31339833FA3AE59
:10A9E000D20FA76A9DF9FEB8CEFA2ABEAFB8E0FA38
:10A9F000823754F43EE12BD0D3085818F65E4CC889
:10AA0000888131AD5FB08217F28A692723F3AB8763
:10AA10003E931A1DFEE8F81A246659F81CABDCCEEA
:10AA2000681B666435ECFA0D119DAF5C3AA7D167DF
:10AA3000C647EFB14B2C62E1D1C9020301000163AB
:10AA4000627072696E74665F7061636B61676500E6
:10AA50002D002B00307800305800286E696C2900DA
:10AA6000666C617368002A2A2A20426F6F74696ECF
:10AA700067204D4355626F6F742076322E312E3031
:10AA80002D6465762D31326535656531303630336C
:10AA900034202A2A2A0A002A2A2A205573696E6736
:10AAA000206E524620436F6E6E6563742053444B94
:10AAB0002076322E392E302D373738376232363401
:10AAC00039383430202A2A2A0A002A2A2A205573A3
:10AAD000696E67205A6570687972204F532076330B
:10AAE0002E372E39392D3166386633646332393169
:10AAF0003432202A2A2A0A0025633A2072302F6134
:10AB0000313A2020307825303878202072312F617A
:10AB1000323A2020307825303878202072322F6168
:10AB2000333A20203078253038780A0025633A20DF
:10AB300072332F61343A20203078253038782072F3
:10AB400031322F69703A20203078253038782072E1
:10AB500031342F6C723A20203078253038780A0052
:10AB600025633A2020787073723A2020307825309F
:10AB700038780A0025633A204661756C74696E67FF
:10AB800020696E737472756374696F6E206164649A
:10AB90007265737320287231352F7063293A203023
:10ABA00078253038780A0025633A20556E68616E42
:10ABB000646C6564204952516E3A2025640A002570
:10ABC000633A202A2A2A2A2A204D505520464155E8
:10ABD0004C54202A2A2A2A2A0A0025633A202020B7
:10ABE000537461636B696E67206572726F7220289F
:10ABF000636F6E746578742061726561206D69673A
:10AC00006874206265206E6F742076616C696429B7
:10AC10000A0025633A202020556E737461636B69C6
:10AC20006E67206572726F720A0025633A202020D9
:10AC300044617461204163636573732056696F6C6E
:10AC40006174696F6E0A0025633A2020204D4D46DD
:10AC5000415220416464726573733A2030782578DC
:10AC60000A0025633A202020496E7374727563745C
:10AC7000696F6E204163636573732056696F6C6101
:10AC800074696F6E0A0025633A202020466C6F615C
:10AC900074696E672D706F696E74206C617A7920AB
:10ACA000737461746520707265736572766174691E
:10ACB0006F6E206572726F720A0025633A202A2A2D
:10ACC0002A2A2A205553414745204641554C5420B5
:10ACD0002A2A2A2A2A0A0025633A20202044697653
:10ACE0006973696F6E206279207A65726F0A002538
:10ACF000633A202020556E616C69676E6564206D33
:10AD0000656D6F7279206163636573730A002563F3
:10AD10003A2020204E6F20636F70726F63657373EB
:10AD20006F7220696E737472756374696F6E730AE3
:10AD30000025633A202020496C6C6567616C206CAB
:10AD40006F6164206F66204558435F5245545552E9
:10AD50004E20696E746F2050430A0025633A20200C
:10AD600020496C6C6567616C20757365206F662087
:10AD700074686520455053520A0025633A2020200C
:10AD8000417474656D707420746F206578656375A7
:10AD9000746520756E646566696E656420696E739E
:10ADA0007472756374696F6E0A0025633A202A2AEB
:10ADB0002A2A2A20425553204641554C54202A2AFB
:10ADC0002A2A2A0A0025633A202020537461636BE3
:10ADD000696E67206572726F720A0025633A2020DF
:10ADE00020507265636973652064617461206275C7
:10ADF00073206572726F720A0025633A2020204228
:10AE000046415220416464726573733A203078255C
:10AE1000780A0025633A202020496D7072656369C5
:10AE20007365206461746120627573206572726F4E
:10AE3000720A0025633A202020496E73747275638C
:10AE400074696F6E20627573206572726F720A008A
:10AE500052657365727665642045786365707469C0
:10AE60006F6E20280053707572696F757320696E5C
:10AE700074657272757074202849525120002563E0
:10AE80003A20535053454C20696E207468726561B6
:10AE900064206D6F646520646F6573206E6F74202D
:10AEA000696E646963617465205053500A002563BC
:10AEB0003A202A2A2A2A2A2048415244204641552B
:10AEC0004C54202A2A2A2A2A0A0025633A202020C4
:10AED000427573206661756C74206F6E20766563B1
:10AEE000746F72207461626C6520726561640A001F
:10AEF00025633A2020204465627567206576656E7B
:10AF0000740A0025633A2020204661756C74206520
:10AF10007363616C6174696F6E202873656520626C
:10AF2000656C6F77290A0025633A20415243485FD8
:10AF300045584345505420776974682072656173A1
:10AF40006F6E2025780A0A0025633A202A2A2A2AC9
:10AF50002A204465627567206D6F6E69746F722078
:10AF6000657863657074696F6E202A2A2A2A2A0A16
:10AF70000025633A202A2A2A2A2A202573202564BC
:10AF800029202A2A2A2A2A0A006D70750025633A88
:10AF9000205B25645D203078253038782030782596
:10AFA0003038780A0025633A204661696C65642070
:10AFB000746F20616C6C6F63617465206E657720BF
:10AFC0004D505520726567696F6E2025750A0A001D
:10AFD00025633A2050726F6772616D204D50552085
:10AFE000726567696F6E20617420696E6465782090
:10AFF000307825780A0025633A20506172746974AC
:10B00000696F6E2025753A2073616E6974792063CB
:10B010006865636B206661696C65642E0A00256350
:10B020003A20436F6E666967757265204D505520F2
:10B03000726567696F6E20617420696E646578203F
:10B04000307825780A0025633A20746F74616C208B
:10B05000726567696F6E20636F756E743A20256440
:10B060000A00464C4153485F30005352414D5F3017
:10B0700000736F630025633A2025733A20436C6F99
:10B08000636B20737461727465640A00636C6F6330
:10B090006B403430303030303030006866636C6B79
:10B0A000006C66636C6B00636C6F636B5F636F6EE9
:10B0B00074726F6C0025633A2043616E27742065BB
:10B0C0007261736520257A75206174203078256C53
:10B0D000780A0025633A2057616974696E672075A4
:10B0E0006E74696C20666C61736820697320726588
:10B0F0006164790A0025633A204661696C656420C1
:10B10000746F207761697420756E74696C20666C49
:10B1100061736820697320726561647920282564F1
:10B12000290A0025633A204A4544454320494420E2
:10B1300072656164206661696C65643A2025640A01
:10B140000025633A20425020636C6561722066617D
:10B15000696C65643A2025640A0A0025633A205325
:10B160004644502072656164206661696C65643A8A
:10B170002025640A0025633A2053464450206D611F
:10B18000676963202530387820696E76616C696460
:10B190000A0025633A2025733A205346445020760E
:10B1A0002025752E2575204150202578207769743B
:10B1B000682025752050480A0025633A205048250C
:10B1C000753A2025303478207265762025752E2535
:10B1D000753A20257520445720402025780A0025FF
:10B1E000633A2025733A202575202563694279202A
:10B1F000666C6173680A0025633A20457261736565
:10B20000202575207769746820253032780A00255A
:10B21000633A20506167652073697A65202575203F
:10B2200062797465730A0025633A20436865636B2D
:10B23000696E6720656E7465722D34627974652D50
:10B240006164647220253032780A0025633A205503
:10B250006E61626C6520746F20656E746572203457
:10B260002D62797465206D6F64653A2025640A0A41
:10B270000025633A205346445020424650206661E0
:10B28000696C65643A2025640A0025633A206C6184
:10B29000796F75742070616765202575206E6F74F5
:10B2A00020636F6D70617469626C65207769746882
:10B2B0002065726173652073697A652025750A00BF
:10B2C00025633A206C61796F757420706167652021
:10B2D00025752077617374657320737061636520D1
:10B2E00077697468206465766963652073697A6537
:10B2F00020257A750A0025633A206C61796F757490
:10B300002025752078202575204279207061676599
:10B31000730A0025633A206C61796F757420736538
:10B32000747570206661696C65643A2025640A0052
:10B33000733235666C3132386C4030007370695F3F
:10B340006E6F720025633A20696E76616C696420C5
:10B35000616464726573733A2030782530386C7894
:10B360003A257A750A0025633A20756E616C696723
:10B370006E656420616464726573733A2030782569
:10B3800030386C783A257A750A0025633A206E6F5A
:10B390007420776F72642D616C69676E65643A2002
:10B3A00030782530386C783A257A750A00666C61F9
:10B3B00073682D636F6E74726F6C6C65724034309D
:10B3C00030316530303000666C6173685F6E726674
:10B3D000006770696F40353030303033303000678F
:10B3E00070696F403530303030303030000001024D
:10B3F000030405060725633A204661696C656420ED
:10B40000746F20616C6C6F636174652050504920CB
:10B410004368616E6E656C0A007561727440343009
:10B4200030303230303000756172745F6E72667821
:10B430005F75617274650025633A204661696C65C9
:10B440006420746F20616C6C6F6361746520475079
:10B45000494F5445206368616E6E656C20666F725B
:10B460002057414B450A0025633A204661696C65C7
:10B470006420746F20636F6E66696775726520570C
:10B48000414B452070696E0A0025633A20435320E2
:10B490004750494F20706F72742025732070696E79
:10B4A000202564206973206E6F7420726561647951
:10B4B0000A0025633A205472616E73616374696F88
:10B4C0006E2066696E6973686564207769746820A8
:10B4D0007374617475732025640A0025633A2055DE
:10B4E0007064617465206578636565647320637555
:10B4F0007272656E74206275666665720A002563F5
:10B500003A207478206275662F6C656E2025702F46
:10B51000257A750A0025633A207278206275662FB5
:10B520006C656E2025702F257A750A0025633A20F8
:10B5300048616C662D6475706C6578206E6F742040
:10B54000737570706F727465640A0025633A2053D6
:10B550006C617665206D6F6465206973206E6F7411
:10B5600020737570706F72746564206F6E20257320
:10B570000A0025633A204C6F6F706261636B206D27
:10B580006F6465206973206E6F7420737570706FBF
:10B59000727465640A0025633A20576F72642073E1
:10B5A000697A6573206F74686572207468616E20B3
:10B5B00038206269747320617265206E6F74207325
:10B5C0007570706F727465640A0025633A20467264
:10B5D000657175656E63696573206C6F7765722040
:10B5E0007468616E20313235206B487A2061726553
:10B5F000206E6F7420737570706F727465640A00CA
:10B6000025633A204661696C656420746F20696E19
:10B61000697469616C697A65206E726678206472FB
:10B62000697665723A20253038780A0025633A2019
:10B6300057616974696E6720666F722057414B4588
:10B640002061636B6E6F776C6564676D656E7420E7
:10B6500074696D6564206F75740A0025633A2074FF
:10B66000785F62756673202570202D2072785F6286
:10B67000756673202570202D2025750A0025633AF4
:10B680002063757272656E745F747820257020284F
:10B69000257A75292C2063757272656E745F7278D5
:10B6A0002025702028257A75292C20747820627531
:10B6B000662F6C656E2025702F257A752C20727888
:10B6C000206275662F6C656E2025702F257A750AAD
:10B6D0000025633A2054696D656F75742077616940
:10B6E00074696E6720666F72207472616E7366652E
:10B6F0007220636F6D706C6574650A0073706940C9
:10B70000343030326630303000737069403430305D
:10B710003034303030007370695F6E7266785F73FA
:10B7200070696D007065726D0074657374004255C8
:10B73000473B2063616E27742068617070656E00FE
:10B740007265766572740025633A205365636F6E87
:10B750006461727920696D616765206F6620696D2B
:10B760006167652070616972202825642E2920692F
:10B770007320756E726561636861626C652E20541A
:10B780007265617420697420617320656D707479CD
:10B790000A0025633A20496D61676520696E64651A
:10B7A000783A2025642C2053776170207479706575
:10B7B0003A2025730A0025633A20496D61676520A8
:10B7C000696E6465783A2025642C20537761702077
:10B7D000747970653A206E6F6E650A000401040387
:10B7E0000402040104010403010303040104092009
:10B7F00040081C4000202A2A2A2A2A2A2A2A2A2AE1
:10B800002A2A2A2A00015465726D696E616C000053
:10B810000000000000545452205245474745530051
:10B8200025633A2048616C74696E6720737973747C
:10B83000656D0A00556E6B6E6F776E206572726F64
:10B840007200756E6B6E6F776E0025633A203E3E18
:10B850003E205A455048595220464154414C2045BB
:10B8600052524F522025643A202573206F6E204398
:10B8700050552025640A0025633A204661756C7492
:10B8800020647572696E6720696E74657272757076
:10B89000742068616E646C696E670A0A0025633AF9
:10B8A0002043757272656E74207468726561643AC3
:10B8B00020257020282573290A00435055206578DB
:10B8C00063657074696F6E00556E68616E646C6557
:10B8D0006420696E7465727275707400537461636C
:10B8E0006B206F766572666C6F77004B65726E6564
:10B8F0006C206F6F7073004B65726E656C207061A9
:10B900006E6963006D61696E006F730025633A2094
:10B91000737461636B20257020666F722074687287
:10B920006561642025703A206F626A5F73697A6589
:10B930003D257A75206275665F73746172743D256A
:10B940007020206275665F73697A6520257A75209C
:10B95000737461636B5F7074723D25700A002563B8
:10B960003A207363686564756C657220756E6C6FE0
:10B97000636B6564202825703A2564290A002563D5
:10B980003A2074687265616420257020666F7220A9
:0CB99000256C75207469636B730A00005D
:10B9A40001000000FFFFFFFF8579000044A00000B4
:10B9B400417D0000000000000000000088A200009B
:10B9C40001000000E4040020E40400200000000062
:10B9D40001000000F4040020F40400200000000032
:10B9E4000100000000000000000000000000000052
:10B9F4000000000000000000000000000000000043
:10BA04000000000000000000F49D000000000000A1
:10BA140000000000FB460020F34600200000000068
:10BA240000000000FCA20000010000004C05002002
:10BA34004C05002000000000010000005C0500200F
:10BA44005C05002000000000010000000000000070
:10BA540000000000000000000000000000000000E2
:10BA640000000000000000000000000000000000D2
:10BA7400089E000000000000000000000B470020AA
:10BA8400034700202F7D00005394000055940000CC
:10BA94004F940000000000000000000000000000BF
:10BAA4000000000000000000000000000000000092
:10BAB4000000000000000000000000000000000082
:10BAC4000000000000000000000000000000000072
:10BAD4000000000000000000000000000000000062
:10BAE4000000000000000000000000000000000052
:10BAF400000000000000000008000000FF0000003B
:10BB0400000000000300000000000000FFFF0F0021
:08BB140030060020300600207D
:10BB1C000000000000000000000000000000000019
:04BB2C0015E015E02B
:04000003000021E9EF
:00000001FF
