:020000040000FA
:1000000000790020E92100006F7C0000D52100006C
:10001000D5210000D5210000D521000000000000FE
:100020000000000000000000000000009523000018
:10003000D52100000000000061230000D521000050
:100040004125000041250000412500004125000018
:100050004125000041250000412500004125000008
:1000600041250000412500004125000041250000F8
:1000700041250000412500004125000041250000E8
:1000800041250000412500004125000041250000D8
:1000900041250000412500004125000041250000C8
:1000A00041250000412500004125000041250000B8
:1000B00041250000412500004125000041250000A8
:1000C0004125000041250000412500004125000098
:1000D0004125000041250000412500004125000088
:1000E0004125000041250000412500004125000078
:1000F0004125000041250000412500004125000068
:1001000053B94AB9002908BF00281CBF4FF0FF317E
:100110004FF0FF3000F00CB8ADF1080C6DE904CEE3
:1001200000F008F8DDF804E0DDE9022304B07047D0
:10013000704700BF2DE9F04786468C460846089E6A
:10014000154674461946002B40F0C2808542B2FA2B
:1001500082F245D94AB1C2F1200300FA02FC2EFA1C
:1001600003F3954043EA0C0C94404FEA154EA8B2B5
:10017000BCFBFEF8230C0EFB18CC08FB00F943EA8D
:100180000C43994528D9EB1808F1FF3704D299455B
:1001900002D9A8F102072B44A3EB0903A4B2B3FBD5
:1001A000FEFC0EFB1C330CFB00F044EA0344A042AF
:1001B00014D92C190CF1FF3304D2A04202D9ACF1AE
:1001C00002032C44241A43EA07401EB1D440002302
:1001D00034607360BDE8F0874746DDE76346F1E7CA
:1001E00092BB431B01214FEA154EAFB2B3FBFEFC9D
:1001F000200C0EFB1C330CFB07F840EA0343984528
:1002000062D9EB180CF1FF3004D2984502D9ACF159
:1002100002002B44A3EB0803A4B2B3FBFEFC0EFBCD
:100220001C330CFB07F744EA0344A7424ED92C19B0
:100230000CF1FF3304D2A74202D9ACF102032C44E3
:10024000E41B43EA0040C0E7C2F1200320FA03F1B7
:10025000954090402EFA03F303434FEA154EAFB298
:10026000B1FBFEFC0EFB1C10190C0CFB07F841EA5D
:100270000041884504FA02F422D969180CF1FF30D4
:1002800004D2884502D9ACF102002944A1EB08014F
:100290009BB2B1FBFEFC0EFB1C110CFB07F743EA03
:1002A00001439F420ED9EB180CF1FF3104D29F425B
:1002B00002D9ACF102012B44DB1B41EA004192E779
:1002C0006046E3E76146F7E76046A3E76346B7E7C2
:1002D000834206D916B9002108467BE7C6E900E04B
:1002E000F9E7B3FA83F78FB9834201D3724508D88F
:1002F000BEEB020460EB030301209C461EB9002103
:1003000068E73846FAE7C6E9004CF8E7C7F1200C81
:10031000BB4022FA0CF41C432EFA0CF120FA0CF329
:10032000B84001434FEA14490EFA07F5B3FBF9F858
:100330001FFA84FE09FB18300B0C08FB0EFA43EA87
:1003400000439A4502FA07F240D9E31808F1FF305A
:1003500004D29A4502D9A8F102002344A3EB0A0370
:1003600089B2B3FBF9F809FB183308FB0EFE41EA2A
:1003700003418E452CD9611808F1FF3304D28E4514
:1003800002D9A8F10203214443EA0040A0FB0298ED
:10039000A1EB0E014145CE46434602D306D14D4561
:1003A00004D2B9EB020E68EB04030138002EA6D08C
:1003B000B5EB0E0261EB030101FA0CFC22FA07F324
:1003C0004CEA0303F940C6E9003198E74046C5E727
:1003D0004346D9E7F0B52F4B2F4AC3F800262F48E4
:1003E000C3F8042685B0C3F808264921C3F80C26B3
:1003F000C3F81026C3F81426C3F81826C3F81C2621
:1004000007F0B1FB00F058F800F09CF801A800F0EC
:100410004BFD234B1B68834204D02248452107F043
:10042000A2FBFEE7039A2048492107F09CFB1F48E6
:10043000492107F098FB4FF44041002008F04EF8A6
:10044000044620B11A48452107F08DFBFEE76946B6
:100450009DF8080000F054F8009B039D1D44019B8B
:100460001E8904F0D1F8AF1901F042F801F016F836
:1004700001F0E4FEAB5983F3088884F31488BFF3DA
:100480006F8FBFF36F8F7B6898470A48452107F04D
:100490006AFBFEE7000001403546526E6EA4000084
:1004A0000808002087A40000AAA40000D9A4000026
:1004B000FEA4000031A5000010B50E4C204609F046
:1004C00000FB28B9BDE810400B48452107F04BBBA5
:1004D0002269A168136843F4804313600B68074ADC
:1004E0000E212046984720460022BDE810400E21EC
:1004F00006F0C3BFB89D000054A500000100020033
:1005000008B5024638B105480023452107F02BFB0A
:100510006FF0150008BD0860FCE700BF8BA5000068
:1005200021B1012906D06FF015007047044B53F834
:1005300030007047024B03EBC0035868704700BFA0
:1005400018A0000002484FF4C05104F0D1BD00BF14
:10055000F02D00202DE9F04FF9B0DDE9848ADFF8B5
:10056000F891869CD9F8006038A817461D4608F017
:10057000FCFF002138A804F0F1FEB8F1000F07D00D
:10058000BAF1000F04DD5246414638A808F0F6FFE4
:100590003B897A89D7F80CB013449B444FF000088C
:1005A000C34564D80DA938A809F027F838A808F081
:1005B000E0FF24B120220DA9204607F0ADFB002367
:1005C00000932A464FF6FF73394607A806F080FFCE
:1005D000804600285BD128460C9C00F0FDF984423F
:1005E00055D8DFF878B1DFF878A14FF0FF340DF17E
:1005F000160305AA06A907A806F0B8FF002846DBDF
:1006000040F0A280069907A806F0FCFF50B9BDF89B
:100610001600544A4FF6FF7132F8023B8B4236D037
:100620009842F9D1BDF81670102F3AD0202F6DD016
:10063000012FDCD1BDF81430202B28D8069938AA18
:10064000284607F09EFA044608BB9DF81430029332
:10065000202B09D8DAF80030434F0393039B9C42C8
:100660001DA836DB08F085FF4FF0FF34BFE7839B02
:10067000829AABEB080A9A4528BF9A4653464146F0
:10068000284607F07EFA28B138A808F072FFD9F89A
:1006900000605CE08299524638A808F06FFFD044B1
:1006A0007EE7BDF81470202FF1D106993B4638AA99
:1006B000284607F066FA0028E9D13A4638A90DA87D
:1006C00006F0AEFFDBF800308342E0D14FF00108C6
:1006D0008DE708F04AFF00211DA804F03FFE7A686C
:1006E00057F8081B12681DA808F048FF15A91DA897
:1006F00008F083FF029A38A915A807F0FDFA18B987
:100700001DA808F036FF72E70134A7E7631C3FF429
:100710006EAFDAF80030A342A6DDBDF81430B3F5B1
:10072000807FB4D1069938AA284607F02AFA002813
:10073000ADD1E4B2BDF81430009438AA39460DA802
:1007400000F014F806468FE7B8F1000F9FD030464E
:1007500079B0BDE8F08F00BFC40400200808002075
:1007600020A0000040A4000024A000002DE9F04FCC
:10077000DFF8E4A1ADF5417D07462AA89DF828B32E
:10078000DAF800501E468946904608F0A7FE092276
:1007900001212AA804F05EFD704B53F83B400594FC
:1007A00003EBCB0380AA5B681B681C442146302303
:1007B00005A807F07DFF002840F0C580059B809AC2
:1007C00013449C4240F0BF802CAA214605A807F0A4
:1007D00083FF002840F0B7800DF1B80B5A46214640
:1007E00005A807F079FF0390002840F0AC802CA802
:1007F00008F020FB059A2B90944240F0A480039BC4
:10080000CDF804B000931A462CA92AA808F023FEBC
:10081000002840F098802AA804F032FD002840F01B
:1008200092802CA808F006FB2B902AA808F060FE06
:10083000864240F08880B6F5807FDAF8005040F0BC
:100840008280B9F1200F7ED180AA41462AA804F007
:100850003DFD0446002876D19DF8FF32BC2B72D1B5
:1008600006900DF59079DF260FA808F07EFE002196
:100870000FA804F073FD20220DF2DF210FA808F06D
:100880007DFE042206A90FA808F078FE07A90FA88C
:1008900008F0B3FE202E9DF81B30B046A8BF4FF0E5
:1008A000200801334846424607A9A6EB08068DF802
:1008B0001B3007F031FA002EC144D5DC0FA808F038
:1008C00058FE48AB80AA184600219C46067812F8CC
:1008D00001EB013186EA0E06DF2900F8016BF5D144
:1008E0001A7802F07F021A7013F8016B5EBB0134B4
:1008F000BE2CF9D19CF8BE30012B24D10FA808F0F2
:1009000034FE31460FA804F029FD154908220FA82E
:1009100008F034FE394620220FA808F02FFE2022CE
:100920000DF2DF110FA808F029FE07A90FA808F0A3
:1009300064FE0FA808F01DFE20220DF2DF2107A89B
:1009400006F06EFE05462AA808F0D4FD28460DF5EF
:10095000417DBDE8F08F00BFC404002024A000004A
:10096000B1A50000094A0B78400052F820108B42D4
:1009700009D0013052F82000834214BF4FF0FF30FD
:100980004FF4C06070474FF4C06070472CA0000067
:100990001FB50F4B13F830000C4601F04BF950B95E
:1009A0002068816810236A46103907F0EAF828B1F8
:1009B000206807F0E5F84FF0FF3006E00549102207
:1009C000684607F099F90028F2D104B010BD00BFC5
:1009D0002CA000005EA4000013B5044606F027FE1C
:1009E0006A460146204606F05AFD30B104484521CA
:1009F00007F0B9F8002002B010BD0098FBE700BF77
:100A0000B9A500002DE9F041384F88B00646002016
:100A10000D463C68FFF784FD06A9C0B201F00AF953
:100A2000E0B92946FFF77CFD2C2407A9C0B204FBDE
:100A3000056401F0FFF8A8B12C2068433218069B2A
:100A4000116911F0100F1DD01DB10699304606F046
:100A5000D9FE274B1C68069807F092F8204608B08C
:100A6000BDE8F081079807F0D5F88046079807F0B1
:100A700087F8631EE21C13F8011F4145DCD1934245
:100A8000F9D1E1E736581B4886422AD1D668108949
:100A9000801926D25289121823D29868824220D215
:100AA00040F60C6211401CD14FF480720192124A40
:100AB0000092CDE90311224602910846FFF74AFD54
:100AC00004460E4B1B68A342C5D065B106980021B1
:100AD000826807F080F80A4A0A48452107F043F87F
:100AE000B7E73C68EDE7084AF6E700BFC40400201A
:100AF000C00400203DB8F396F0450020080800200F
:100B0000FCA5000006A60000F4A500007FB50D4678
:100B1000044600212846CDE9021106F032FE28B332
:100B20002368194EB34203D103AA204606F0BDFD47
:100B3000E36AB34204D102AA0121204606F0B5FDC2
:100B4000DDE90232934288BF0393039BAB60039AB3
:100B50002946204600F0AAFB0C4B1A68002A03DD48
:100B60000B48572106F0FFFF04B070BD01A9FFF745
:100B70000FFF019805F1080106F064FDAB680198CC
:100B8000039306F0FDFFE2E73DB8F3966C2C0020DE
:100B90002EA600002DE9F84FDFF870B01C4C1D4D5B
:100BA000884691469A4600260B9B9E4201D3002020
:100BB0000FE00B9B154A9F1BB7F5806F28BF4FF4C2
:100BC00080673B4606EB0A01404606F0DAFF10B1AB
:100BD0000120BDE8F88F0A993B465A4671184846ED
:100BE00006F0E4FF0028F3D1C4F800563E44C4F8F0
:100BF0000456C4F80856C4F80C56C4F81056C4F885
:100C00001456C4F81856C4F81C56CDE70C0800203A
:100C1000000001403546526EF0B59A4B43620E46D5
:100C200003F580530021036589B004460846FFF7A9
:100C300077FC04F120010546C0B200F0FBFF03463B
:100C4000E8B90121FFF76CFC04F14C010546C0B284
:100C500000F0F0FF0346E0B9204606F067FD0546C8
:100C6000C8B900221146204606F009FD054668B3C2
:100C700085480022572106F076FF01239DE00022DF
:100C8000CDE90023814800232A46452106F06BFF69
:100C9000FEE70122F4E77E484FF40072572106F088
:100CA00062FF01239D4284F85830DAD194F858301D
:100CB0008DF81730042B00F28380012B00F287801F
:100CC00000F09A80FF2384F8583095E0204600F029
:100CD000FFF90028D1D004A806F04AFD01462046BD
:100CE00006F0E5FD18B16B482A465721C3E704A872
:100CF00006F047FD80F0010104AAC9B2204606F0C3
:100D0000BEFC02460028B3D104A806F03AFD054611
:100D100060BB04A92046FFF7F9FE9DF8173084F860
:100D20005830033B012B06D8284600F0E3F810B1F9
:100D3000FF2384F858309DF81730023B022B0BD864
:100D4000002000F0C1F838B1FF2384F85830524831
:100D5000452106F008FFFEE794F85830FF2BF6D047
:100D600004AA0021204606F08AFC86E79DF8177049
:100D7000012F17D1104603F0F3FC831E022B05460A
:100D80000DD839462046FFF73DFE444B1B6898427C
:100D900005D0434B1D68A84214BF0525012584F8E2
:100DA000585083E701212046FFF72CFE3B4B1B6880
:100DB00098420CBF9DF81730052384F8583075E72A
:100DC000052B7FF47FAF002000F094F811E004A918
:100DD0002046FFF79BFE94F85830DA1E012A14D8FB
:100DE000002000F087F800287FF46CAF002000F0AE
:100DF0006BF800287FF466AF94F85830FF2B07D1CA
:100E00002548452106F0AFFEFEE7022BF4D1EDE7C1
:100E10000022012B234D039214D01146204606F0E8
:100E20002EFC78B12D68102200210DEB020006F097
:100E30007EFFE06C06F0A4FE206A06F0A1FE2846C4
:100E400009B0F0BD00212046FFF7DCFD134F3B68E1
:100E50009842E7D12B689842E4D0114B1B68984226
:100E6000E0D0039B01330393039B012B00D0FEE7EB
:100E7000206A06F012FB3071236A5B6834603D68BB
:100E8000B360D0E70C0C0020ECA600005DA60000CB
:100E9000AAA6000018A7000042A70000080800202A
:100EA000C0040020C404002038B5064D044660226A
:100EB0000021284606F03BFF21462846FFF7ACFEFE
:100EC00038BD00BF0C2C002013B5094B01A913F845
:100ED000300000F0AFFE48B9019807F0ADFB0446C2
:100EE000019806F04DFE204602B010BD0124FAE73D
:100EF00034A000001FB50F4B01A913F8300000F01B
:100F000099FEA8B9019802A903F0D4FB044668B978
:100F10009DF80B30032B03D1019807F05BFB0446CF
:100F2000019806F02DFE204604B010BD0124F7E71D
:100F30000124F8E734A000002DE9F34106460C46F1
:100F400017461D460BB9002628E0184606F019FC86
:100F50000028F8D16946FFF71BFD009838B9012435
:100F6000009806F00DFE204602B0BDE8F08101A910
:100F700006F068FB0028F2D1009806F001FE30462A
:100F8000019906F0E2FC736A5E686B79012B21D14E
:100F9000002CD8D12B68834298BF00262146002020
:100FA000FFF7BEFA6946C0B200F044FE0028D6D171
:100FB000009820233A46314606F0E3FD0446002817
:100FC000CDD1002DCCD03C680D4BE41A18BF4FF0AA
:100FD000FF34C5E7022BB6D12B68012B05D983421C
:100FE000B1D8B4FA84F46409ADE7ACD1002CD5D003
:100FF000012CA8D12C79023C18BF0124A3E700BF23
:101000003DB8F3962DE9F04F074685B00C460146F2
:1010100000201646FFF7A6FC051E52DB3846E46D9D
:1010200006F005FB5FFA84F96B1E09FB03084FF01D
:10103000000A4FF0010B4FF0FF34A5B9BAF1010FD0
:1010400003DD2248452106F08EFD631C07D0B4F570
:10105000007F2ADA013440F201133460B38028465D
:1010600005B0BDE8F08F6B1E00930DF10F02012358
:101070004146384606F085FD031E019323DB01221D
:101080000DF10F01384607F040FA019B40B15B4576
:1010900001D00AF1010A009DA8EB09089B46CCE7A4
:1010A000B4F1FF3F08BF2C46F5E70223A4F5007416
:1010B0007371631004F0010401330134336034713F
:1010C000CDE70725CBE70125C9E700BF4EA7000004
:1010D00070B5866A456D044606F026FCAE420AD01D
:1010E0006B1CB34207D0834205D01448572106F049
:1010F0003AFD002070BDB6F5007F1CD9104857217D
:10110000F5E7626A216D02EBC30201EBC30152688D
:101110004968914202D00B485721E8E701339D42CC
:10112000EFD1AE4205D9636A03EBC5035B68934216
:10113000F1D10120DEE700231A46F0E771A7000095
:10114000A9A70000D8A7000000B589B004A9032012
:1011500007F04DFA9DF81020012A41D0254B264971
:10116000032A08BF0B469DF8132002929DF8122017
:1011700001929DF81120214800924921204A06F051
:10118000F2FC06A9012007F032FA9DF81820012A86
:1011900028D0184B1849032A08BF0B469DF81B207E
:1011A00002929DF81A2001929DF81920009213488E
:1011B000144A492106F0D7FC9DF81030012B13D1B9
:1011C0009DF81230032B0FD19DF81830012B0BD056
:1011D0000D48492106F0C7FC022009B05DF804FB68
:1011E0000A4BC0E7094BD9E70948492106F0BBFC87
:1011F0000020F2E704A800000DA8000021A80000CC
:1012000013A8000062A8000072A8000008A800004F
:1012100091A8000070B54B6814461E4A03F0FF23E6
:10122000934286B006460D462FD10B68012B2CD178
:1012300004A9204603F03EFA9DF81020012A26D08A
:10124000154B1649032A08BF0B469DF8132002923E
:101250009DF8122001929DF8112000921048114A29
:10126000492106F080FC9DF81030032B0DD121465A
:10127000304606F0C7FA204607F0ACF9A9682046C8
:1012800006F0EEF9204603F0F5F906B070BD064B06
:10129000DBE700BF0001000404A800000DA8000067
:1012A00021A8000062A8000008A800002DE9F04F66
:1012B000164689B005460C467448492106F053FC91
:1012C0003146284606F041FB6B6A824620465E683E
:1012D00006F057FAE8B1E86D06F0A4F9AF6A00230A
:1012E000013F3344834201D2013FFAE7BA4510D3AC
:1012F0006748572106F037FC07FB06F365480AFBF1
:101300000662572106F02FFC0123E37109B0BDE806
:10131000F08F06A9032000F08DFC07A9012000F042
:1013200089FC079A21462846FFF774FF6379012B51
:101330004BD1DFF864B1574641E02268C2F10103A6
:1013400053449F423AD86B6A196853F8370003EB4D
:10135000C703012A53F8083CA3EB0103A0EB0109E2
:10136000049311D1079B0393E368022B08D04146F5
:10137000284606F047FA22464146284606F078FA03
:101380000399284606F03EFA32464946404606F0A2
:1013900037FA049B42464146CDE900962846FFF7BE
:1013A000F9FB2146284606F0F9F92368013323604A
:1013B00020B1DBF800300133CBF80030013FDDF81D
:1013C0001880002FB9D10123236002236371012704
:1013D000BA45DDF8189006D2484606F0D1FB0798CA
:1013E00006F0CEFB92E723689F424DD36A6ADDF890
:1013F0001CB052F837100491FB00083B11680391B0
:10140000D1582A6DD0581368A0EB03082379012B1B
:1014100038D1039B3246C91A4846059106F0F0F9C7
:101420000599009143464A46594601962846FFF7DA
:10143000B1FB2146284606F0B1F90223237118B109
:10144000154A13680133136032464146584606F088
:10145000D7F9DDE9032349469B1ACDE900865A46B0
:101460002846FFF797FB2146284606F097F92368A0
:10147000013323600123237130B1074A136801331C
:10148000136001E0022BDFD00137A1E7A8A800001C
:10149000D1A8000000A900006C2C0020BFF36F8FC2
:1014A00072B6124B4FF0FF32C3F88020C3F884208D
:1014B000C3F88820C3F88C20C3F89020C3F8942088
:1014C000C3F89820C3F89C20C3F88021C3F8842176
:1014D000C3F88821C3F88C21C3F89021C3F8942164
:1014E000C3F89821C3F89C21704700BF00E100E0D9
:1014F000F8B5254B254D4FF0FF3401275F60C3F849
:101500004843C3F8084303F5C04300265F60C3F8AF
:101510004843C3F8084303F5983302205F60C3F8DB
:101520004843C3F80843C5F8084300F051FF6F6013
:10153000C5F84C61D5F84C31C5F81061D5F81031BB
:10154000C5F84461D5F84431C5F8006505F518358E
:101550002820C5F8084300F03BFF6F60C5F84C61D8
:10156000D5F84C31C5F81061D5F81031C5F8446193
:10157000D5F84431064BC5F80065C3F808454FF06F
:101580008043C3F80843F8BD00B00040002000408D
:1015900000F00140014B1B68184700BFC804002041
:1015A000014B1860704700BFC804002007B50B4608
:1015B000002102460091034800F006F803B05DF8F0
:1015C00004FB00BF951500002DE9F04F8DB01D46BE
:1015D000531E8246019103934FF00009039B5878F4
:1015E000252803F1010419D11E4600204FF0FF38D1
:1015F000023603460290444631780396392954D87E
:101600001F2914D8002900F0EE8101992520D04728
:1016100001993078D04709F10209DFE7002800F08E
:10162000E2810199D04709F101090394D6E7A1F1BC
:101630002002192AE9D801A757F822F0A5160000C0
:101640000B1600000B160000A51600000B1600007C
:10165000251700000B1600000B1600000B160000EB
:101660000B16000071170000A51600000B160000F5
:1016700085170000311700000B1600003F1700000F
:101680005F1700005F1700005F1700005F17000082
:101690005F1700005F1700005F1700005F17000072
:1016A0005F17000008460136A6E7582900F0EB80D6
:1016B000A1F16302D7B2172FA7D8172AA5D801A77F
:1016C00057F822F02D190000AB1700000B16000090
:1016D0000B1600000B1600008B170000AB17000064
:1016E0000B1600000B1600008B1700000B160000F5
:1016F0000B1600000B160000611800000B1600000E
:101700000B160000011900000B160000AB170000BB
:101710000B1600000B160000611800000B160000ED
:101720008B17000001992520D04709F1010955E7E1
:10173000029A02F0FE0202924FF00008B3E7002C7A
:101740000DDAB8F1000F0DDA029A002A00F0438199
:1017500024EAE4740A2202FB0414303CA3E7B8F143
:10176000000FF5DB0A2202FB0812A2F130089AE70B
:10177000B8F1000F55F8042B80F22F81002A80F277
:101780002E815442022202928DE7682903D1682BF0
:1017900006D1482387E76C2902D16C2B00F0218108
:1017A000002B7FF432AF0B467DE77A2B06D17529EB
:1017B00055F8046B14D14FF0000B0CE06C2BF6D0F5
:1017C0004C2BF4D1073525F007037529D3E9006BBD
:1017D00003F1080506D120283BD1854F013C09E0E3
:1017E0004FEAE67BBBF1000FF5DA7642814F6BEBF7
:1017F0004B0B013C0DF12D03059300230493304660
:1018000059460A220023FEF77BFC059B303203F881
:10181000012DB4460593049B5A46BCF10A0F8B4632
:1018200072F1000203F1FF3106460491E7D2C3F1E1
:10183000010B30330DEB0306B8F1000FA6F10406DF
:101840006DDA029BD9077DD4A8EB0B03A4EB0B0444
:1018500013E02B280ABF684F684F04F1FF34C9E733
:1018600070290FD155F8042B0023FAB9634F644E49
:10187000053C6FF004034FF0050B029A920770D4F9
:10188000A04666E078216C2B03D155F8042B002389
:1018900008E04C2BF9D1073525F007031D465B689E
:1018A00055F8082B232825D1880621D5554F023C11
:1018B00001F06001A1F1390B0DF12D0E002602F0AF
:1018C0000F01092988BF594430310EF8011D102A33
:1018D0004FEA121141EA03714FEA131C73F100033E
:1018E00006F1FF3008D2C6F1010B06F13003A1E783
:1018F000454FDCE7414FDBE706460A466346DEE735
:1019000055F8046B304606F0F0F9B8F1000F834645
:1019100002DB4045A8BFC346384F4FF00008A8EB94
:101920000B03002B92DDA4EB0804A6E755F8043B5B
:101930008DF81830314F013C4FF0FF334FF0010B61
:1019400006AE9AE7A046EAE7029301992020D04725
:10195000029BB8F10108F7D524EAE472013C9144F6
:10196000A41AB84606E0049302920199D047029A5D
:10197000049B9046424612F8010B0028F3D11A4608
:10198000013A15D5002BACBFC7EB03077F425B467E
:10199000013B15D5BBF1000FA8BF5F444F4426465D
:1019A000013E14D5002CA8BF3F1907EB080915E626
:1019B0000493029201993020D047049B029ADFE7FA
:1019C0000293019916F8010BD047029BE0E70199B9
:1019D0002020D047E4E70122D5E6904663E614468E
:1019E00061E64C235FE648460DB0BDE8F08F00BFCE
:1019F0007CAE000050AA000052AA00008AA5000098
:101A00005AAA000054AA000057AA00002DE9F04786
:101A1000058B04462807904611D4022905F00705D6
:101A200040F0CC80204605F0C6FF78B10138218B0C
:101A3000042811D8DFE800F0C2106D859500012957
:101A40000CBF45F0100545F02005258388F311886B
:101A5000BFF36F8FBDE8F08701F0070AAA4500F0D9
:101A6000A5800027B9463E46A368002B00F0BC8045
:101A700041F00801218388F31188BFF36F8FA168BB
:101A8000002900F0BA800D68002900F0B680D1F876
:101A90000480334652462046C047002D76D02B683E
:101AA00029461D46F0E701F007035A1F012A1BD8FB
:101AB000002221F00701062B276889B2C4E9002221
:101AC00009D13B4603E0628B013262831B68002B25
:101AD000F9D141F002012183204605F06CFF002876
:101AE0007AD041F0200176E0042B0AD121F00701E1
:101AF00089B22183204605F05EFF10B141F020013C
:101B00002183218B01F0070AAA454FD00027B9464F
:101B1000AAE7236921F0070141F00601062DD3F859
:101B2000009021832DD1B9F1000F3FD041F0080181
:101B3000218388F31188BFF36F8F3A492046C84745
:101B400029E021F00701236941F0040189B2042D45
:101B5000D3F804902183E6D000273E464FF0040AD4
:101B600082E721F00701236941F0050189B2052DC3
:101B7000D3F808902183D6D000273E464FF0050ABF
:101B800072E700273E464FF0060A6DE72B4687E7CF
:101B9000B9F1000FD1D1EFF31188202383F312881C
:101BA000BFF36F8F238B23F008032383258BEA0673
:101BB0002ED525F01003238305F007056669218BD8
:101BC000002EBFF670AF00232768C4E9003321F070
:101BD000070141F001012183218B01F0070AAA4589
:101BE0004FF000097FF440AF002F9CD041F0080176
:101BF000218388F31188BFF36F8F002FC8D03D6811
:101C0000394633465246204605F001FF2F46F4E799
:101C1000AB067FF51BAF25F02003238305F00705F6
:101C200000E700BF3B7A0000014B036000207047D3
:101C300040A0000070B5114B1C680D46DCB1104B84
:101C4000196800238B4202DB6FF0010070BD224651
:101C500012F8106B864202D001331446F2E7E068B6
:101C600010B96FF01200F1E707F02BFF0028F8D051
:101C70002C600020EAE76FF00C00E7E7CC040020BE
:101C800040A0000070B588B005460C46C0B2694659
:101C90001646FFF7CFFF00281BDB0098C8B143684A
:101CA0000293836822680195CDE903360023CDE9CC
:101CB00006230593C56805F063FF6DB12846084902
:101CC00001AA06F020FA079808B9059B236008B01E
:101CD00070BD6FF01500FAE76FF01200F7E700BF74
:101CE000237C000008B5054805F04EFE044805F0C9
:101CF0004BFEBDE80840034805F046BE66AA00005A
:101D000097AA0000CAAA000037B505460C46C9B11B
:101D10008B680093D1E900231248452105F023FF89
:101D200063690093D4E903230F48452105F01BFFA5
:101D3000E2690E48452105F016FFA2690C484521CD
:101D400005F011FF012D06D1EFF305820948103A85
:101D5000452105F008FF2146284603B0BDE8304084
:101D600004F008BDF8AA00002CAB000060AB000036
:101D700074AB0000A7AB000030BFFFF7FDBF00BF92
:101D8000074A936893F90E10002907DB52699342C2
:101D90001FBF044A536843F080535360704700BF2D
:101DA000C02D002000ED00E02DE9F843364D8046BF
:101DB000894636484521174605F0D5FEAB6ADE0652
:101DC00026D53348452105F0CEFE1124AB6A1D0708
:101DD00004D53048452105F0C6FE12242A4DAB6AD1
:101DE000980717D545212C4805F0BDFE6E6BAB6AF0
:101DF000190645D529483246452105F0B4FEB9F10A
:101E0000000F03D0AB6A23F08003AB62132403E01E
:101E10001024DBE76FF015061B4DAB6ADA0704D51B
:101E20001F48452105F09FFE1424AB6A9B0604D58C
:101E30001C48452105F097FE1524134B9A6AD506D8
:101E400002D49A6A90070AD55B68190507D54146FE
:101E5000304600F02FFB10B180F3098802240A4BB2
:101E60009A6A920642BF5A6A22F400525A629A6AE9
:101E700042F0FF029A6200233B702046BDE8F883DF
:101E80006FF01506C2E700BF00ED00E0BFAB000039
:101E9000DAAB000012AC00002AAC000047AC000036
:101EA00062AC000086AC000010B5204C20484521F3
:101EB00005F059FEA36A990136D51E48452105F063
:101EC00052FE1E20A36ADA0104D51B48452105F005
:101ED0004AFE1F20154CA36A1B0304D51748452151
:101EE00005F041FE2120A36A590304D51448452179
:101EF00005F039FE22200D4CA36A9A0304D511483F
:101F0000452105F030FE2320A36ADB0304D50E48EB
:101F1000452105F028FE2420044A936A6FEA034312
:101F20006FEA1343936210BD1D20CBE700ED00E084
:101F3000BAAC0000D7AC0000EFAC00000EAD000062
:101F400031AD00005BAD00007AAD000070B5284CEB
:101F500006460D462748452105F005FEA36AD9042B
:101F60003BD52548452105F0FEFD1720A36A1A053B
:101F700004D52248452105F0F6FD18201C4CA36A23
:101F80009B0511D51E48452105F0EDFDA26BA36A06
:101F9000180408D51B48452105F0E5FD1EB1A36ACC
:101FA00023F40043A3621920114CA36A590504D5F8
:101FB0001548452105F0D7FD1A20A36ADA050ED58C
:101FC0001248452105F0CFFD1B20094A936A43F4CE
:101FD0007F43936200232B7070BD1620C6E7A36A6F
:101FE0009B04F2D50A48452105F0BDFD1C20ECE715
:101FF00000ED00E0AAAD0000C5AD000012AC00008D
:10200000DBAD0000F9AD000013AE000033AE000000
:1020100086AC00002DE9F0415D4B5F688AB0054653
:10202000C7F30804002686F31188BFF36F8F02F010
:102030007F43B3F17F4F07D102F00C03082B14D17B
:102040005448452105F08FFD002635464FF0000825
:10205000E31E8DF80780092B00F28780DFE803F08C
:102060000A7A7E7685858585858210074CBF0D4668
:102070000126EBE74848464C452105F074FD8DF8F4
:102080000780E36A9A0705D54448452105F06BFDB2
:10209000002433E0E36A002B02DA41484521F5E7EA
:1020A000E36A5B00F4D53F48452105F05CFD6369B8
:1020B000AA6943F480736361BFF34F8FBFF36F8FDF
:1020C000636932F8022C23F480736361BFF34F8F8E
:1020D000BFF36F8F4DF602739A4209D0A36ADBB249
:1020E00033B30DF1070201212846FFF75DFE2FE013
:1020F0002A682D48452105F036FD2C689DF80730EB
:102100009BB92022294602A805F006FE099B002E55
:1021100038D0C3F3080222B96FEA53236FEA43238E
:10212000099302A92046FFF7EFFD0AB0BDE8F08150
:10213000A36A13F47F4F05D00DF107010120FFF7CB
:1021400005FF05E0A36AB3F5803FA1D3FFF7ACFE1E
:102150000446D3E70DF107020021C5E70DF10701A1
:102160000020ECE71148452190E71149114A124837
:1021700017F4F87F08BF0A46A4F11003452105F0C3
:10218000F2FC85E723F4FF7323F00103C8E700BFE7
:1021900000ED00E07EAE0000AEAE0000CAAE000072
:1021A000F0AE000003AF000027AF000048AF000012
:1021B00050AE000065AE000071AF0000044B5A69DC
:1021C00042F010025A615A6922F008025A617047BF
:1021D00000ED00E0EFF30880EFF3098101B57246EE
:1021E000FFF718FF01BD00BF002080F31488BFF384
:1021F0006F8F03F0B7F900200D490860BFF34F8FD0
:102200000C4880F3088800F02BF8202080F3118818
:1022100009484FF40461401880F30988EFF31480F3
:102220000221084380F31488BFF36F8F00F00AF98E
:1022300094ED00E000790020404700200749D1F8E4
:1022400090200023C2F307221846934200DB704718
:10225000C1F89830C1F8A0000133F6E700ED00E0C6
:1022600008B572B6002383F31388FFF7E7FF144B1A
:102270004FF0FF32C3F88020C3F88420C3F88820D1
:10228000C3F88C20C3F89020C3F89420C3F898209A
:10229000C3F89C20C3F88021C3F88421C3F88821A7
:1022A000C3F88C21C3F89021C3F89421C3F8982176
:1022B000C3F89C2162B6BFF34F8FBFF36F8F08BD89
:1022C00000E100E0084B9B6883420BD1EFF30583EC
:1022D00043B1064B5A6842F080525A605A6A22F45F
:1022E00000425A6207F0E1BCC02D002000ED00E082
:1022F000094A93686FF00A019967084958674B6863
:1023000043F080534B60002383F31188BFF36F8F3A
:102310009368986F704700BFC02D002000ED00E06B
:1023200010B50446EFF31183202383F31288BFF323
:102330006F8F094B58699860084B4FF000625A60E4
:102340000022436F426783F31188BFF36F8F00F061
:1023500015F9204610BD00BFC02D002000ED00E0A3
:102360000B498A684FF030001044EFF3098C80E885
:10237000F01F74467046FFF7D3FFA64604498A68EB
:1023800002F1300090E8F01F8CF3098870470000DC
:10239000C02D00201EF0040F0CBFEFF30880EFF3F8
:1023A0000980816911F8021C0229FFD001B505F0EE
:1023B0005AFC01BD40B2002807DB044A4109012351
:1023C00000F01F00834042F82130704700E100E038
:1023D00040B200280CDB4309064900F01F002033FF
:1023E0000122824041F82320BFF34F8FBFF36F8F4C
:1023F000704700BF00E100E0054B420900F01F00FC
:1024000053F82220012303FA00F01040704700BF68
:1024100000E100E040B20028A8BF00F1604001F1F7
:102420000101B8BF064B4FEA4111ACBF00F5614056
:1024300000F00F00C9B2B4BF195480F80013704700
:1024400014ED00E00B4A08B50B4B22F07F029A60B6
:10245000BFF34F8FBFF36F8FD3F8882022F4700241
:10246000C3F8882004F04CFA04F0ACFE00F05CF8ED
:1024700004F08AFA0000000000ED00E042F8203C81
:10248000009B42F81C3C0A49019B42F8183C029B05
:1024900042F8143C21F001014FF0807342F8043CF3
:1024A00042F8081C0023203A02654367704700BFCA
:1024B000A3790000094A0346906870B113F1160F22
:1024C000406E05D0A0F140029A4205D8834203D263
:1024D000814228BF0020704700207047C02D002097
:1024E00008B50B4B0E461546986000F047F82C4691
:1024F00086F309884FF00000064B984720464FF0BE
:1025000000014FF000024FF00003034C204700BFD2
:10251000C02D0020857C0000A3790000014B102213
:102520001A61704700ED00E0044800232021C21822
:102530000133302B82F80013F9D1704700E100E03D
:1025400008B5EFF30583064A103B02EBC30152F8CE
:10255000330049688847BDE80840FFF711BC00BF59
:10256000309E0000024B034A0348012100F0B0B83E
:102570000000022000000020B4A00000426E054BC5
:10258000403A1A60044A4021C3E901121846012169
:1025900000F0A8B8702C002000000B1507B502460B
:1025A0000C48C0F898200B6823F01F03134343F036
:1025B0001003C0F89C308B6843F00103C0F8A030D2
:1025C0008B6800930B680448442105F0CCFA03B0F3
:1025D0005DF804FB00ED00E08DAF000038B50E4B58
:1025E000D3F89030C3F30723013B98420D460446CD
:1025F000024607D90948452105F0B5FA6FF01504E0
:10260000204638BD0648442105F0ADFA294620464B
:10261000FFF7C4FFF4E700BF00ED00E0A5AF000046
:10262000D0AF00002DE9F043DFF8708085B00E4692
:102630001F4605464FF00009B1450CDA6B684BB3F5
:1026400097B1591E0B420AD015484A46452105F05C
:102650008AFA6FF01502104605B0BDE8F0831F2B13
:10266000F2D92B681942EFD1D4B222464421404618
:1026700005F079FA2B680193D5E9010305F025FBF4
:1026800001A9034320460393FFF7A8FF10F1160F9B
:10269000DFD0421C09F101090C35CDE71EB0000066
:1026A000F6AF0000044B0522C3F89420BFF34F8F10
:1026B000BFF36F8F704700BF00ED00E0BFF35F8F87
:1026C000024B0022C3F89420704700BF00ED00E0E9
:1026D00010B5034C01232278FFF7A4FF207010BD32
:1026E000F046002008B50B4A00231278FFF79AFF46
:1026F00010F1160F07D0084A0021D2F89030C3F32A
:102700000723984200DB08BDC2F89800C2F8A01069
:102710000130F2E7F046002000ED00E02DE9F04343
:10272000544A554ED2F890303568C3F307239D4282
:1027300085B000F29C80D2F890205048C2F3072266
:10274000442105F010FAFFF7B9FF00240C27A54239
:102750001AD14B4C4B4F25706846FFF765FADFF8EE
:102760002881DFF8289106460025AE4214D123784F
:1027700040490020D1F89020C2F30722934270DB39
:10278000FFF790FF002041E07168204607FB04112D
:10279000FFF704FF0134DAE7009800EB05114FEA78
:1027A000051CCB683B40B3F5000F44D00AD8B3F505
:1027B000001F2ED0B3F5800F34D0B3F5801F10D09A
:1027C0000135D2E7B3F1807F3ED0B3F1007FF7D17E
:1027D00050F80C3088684A6805F077FA40F4802099
:1027E00009E050F80C3088684A6805F06EFA40F04D
:1027F000885040F43020039001A92078CDE90123CE
:10280000FFF7ECFE002828DA6FF0150005B0BDE8F0
:10281000F08350F80C3088684A6805F056FA40EAB0
:102820000800E8E750F80C3088684A6805F04DFA6F
:1028300040EA0900DFE750F80C3088684A6805F084
:1028400044FA40F08270D6E750F80C3088684A6845
:1028500005F03BFA40F08870CDE723780133237010
:10286000AEE7C1F89830C1F8A000013382E74FF01D
:10287000FF30CBE700ED00E0C0A0000046B0000054
:10288000F04600200000F0FF0000081100000202E6
:10289000014B1860704700BFD0040020024B01229A
:1028A000C3F840250020704700E0014020B1034BF1
:1028B000800143F001031847704700BF10A00000DB
:1028C000084B70B5C31A0D4607499B10044659437F
:1028D0000648402205F040FA2B4601462046BDE856
:1028E00070401847902C0020B76DDBB6909D00001B
:1028F00073B50C4C0C4A4023041B00930D460B4649
:102900000A49A41061430646094805F050FA011E21
:1029100005DA30462B4602B0BDE87040184702B0D9
:1029200070BD00BF902C0020177E0000B76DDBB695
:10293000909D000010B5EFF31184202383F31288DB
:10294000BFF36F8F074A136823F00201DB071160A2
:1029500002D4012006F05EFF84F31188BFF36F8F6D
:1029600010BD00BFE02C0020002270B501210446FC
:102970001046FFF74FFD0F4802F0E4FE0E4B984261
:1029800015D102F0EFFE26690C49304605F062F8D9
:1029900000280BDB012535642469084904F11C007B
:1029A00005F058F8002801DBE564002070BD6FF0E9
:1029B0000400FBE75D2A00000000AD0BE0A0000072
:1029C0001FB500220123CDE90223094ACDF800D02A
:1029D0006B46CDF804D005F017FA002805DB4FF45C
:1029E00080420023684604F061F805B05DF804FBFE
:1029F000357E000070B5154B0C2141430B4400227D
:102A0000D3E90E6504469A63EFF31180202282F326
:102A10001288BFF36F8F1A6C02F0C00242F00202FC
:102A20001A6480F31188BFF36F8F094B09480B4478
:102A300044219A6805F097F836B12A462146334674
:102A40000548BDE87040184770BD00BF902C0020BD
:102A5000ECA0000075B00000909D000010B10128AE
:102A600004D07047034B1B6C5B0701D1FFF7C2BF5B
:102A7000704700BF902C002010B4EFF31182202388
:102A800083F31288BFF36F8F1748016841F0020487
:102A90000460C80707D482F31188BFF36F8F012049
:102AA00010BC02F071BE4FF08041D1F80C04D1F897
:102AB0000C14C907EFD5EFF3118083F31288BFF32D
:102AC0006F8F0A490B6C03F0C00343F002030B64E1
:102AD00080F31188BFF36F8F82F31188BFF36F8F7C
:102AE000002010BCFFF786BFE02C0020902C0020B7
:102AF0002DE9F0413849BFF35B8F0746012251E8C9
:102B0000003F41E800200028F9D1BFF35B8F33B9C3
:102B1000324933484B60CB608A6004F0AEFF7B1EC5
:102B2000012B2BD8012F07D14FF08043D3F81C3451
:102B300003F00303012B21D007F00AF80546F8B98A
:102B4000284B1B78E3B14FF080430222C3F80823DF
:102B50000646DFF894804FF08044D4F81824D4F867
:102B60001834D20315D503F00303012B01D0012F34
:102B70000FD155B386F31188BFF36F8FBDE8F08195
:102B8000EFF31186202383F31288BFF36F8F0125A3
:102B9000DFE7ADB1304605F089F8D4F81835002BE1
:102BA000DBD1D4F80421002AD7D0C4F80431D4F8FA
:102BB00004310123C4F81835C8F88031A360CCE78C
:102BC0000021212004F054FAE7E74FF0804302226D
:102BD000C3F80423D2E700BF8C2C00207C2C0020FB
:102BE000AC2C00201347002000E100E008B50748A6
:102BF00006F067FF38B10648FFF74AFE0448FEF7C3
:102C0000CFFC002008BD6FF01200FBE7CC9D000058
:102C1000152C00000A2838B5074D044604D1AB68CE
:102C20000D215B6828469847AB6803485B68E1B2B2
:102C30009847204638BD00BFCC9D00000048704733
:102C400050A100002DE9F347054600690F1ED0F89A
:102C50001C901646C0F28580BB184B4500F281805F
:102C600047EA0204C4F30B04002C7AD105F0EDF816
:102C70002146284605F03AF94FF0FF3A0446002E67
:102C80004CD10121284605F031F9002C08BF04463B
:102C9000286905F0D8F8204602B0BDE8F087286919
:102CA000A04600F1110319305A7882B10AFA02F1F4
:102CB00037EA01010BD101219140B14207D8B8F1A7
:102CC000000F1CD098F80110914238BF984602338B
:102CD0008342E9D1B8F1000F13D0002398F8001017
:102CE0008122CDE9003328463B4605F0B4F898F838
:102CF00001200123934004461F44F61A27E098461A
:102D0000E5E719483B463246442104F02CFF6FF0BA
:102D100015040121284605F0E9F8B9E7002CF8D19F
:102D2000CDE90044234680220621284605F093F889
:102D300004460028EDD1B145B1D1CDE900000346EC
:102D40008022C721284605F086F800260446002C7C
:102D5000DFD140F267620023284605F0F5F804460B
:102D60008DE76FF0150496E7B5B000002DE9F04F40
:102D700091B0044604AF00694FF0FF32012106F024
:102D8000DBFE6668306806F09CFEC0B1F06890B962
:102D9000206905F05AF8204605F0C5F8051E15DC37
:102DA000206905F050F8002D15DA6E482A464521B5
:102DB00004F0D9FE03E006F084FE0028E8D16FF0AD
:102DC000120528463437BD46BDE8F08FE9071BD40D
:102DD000206905F038F8206905F037F803230193DE
:102DE00007F11003009300231A469F21204605F0A7
:102DF00032F88046206905F026F8B8F1000F0ED0B1
:102E0000594842464521D3E75848572104F0ABFEC4
:102E100000220023204605F097F80546C0E7337EE0
:102E2000A3B3206905F011F8204605F07CF8051ED3
:102E300027DD337E25EA03053D764346CDE900884C
:102E400080220621204605F006F8054630B12069AB
:102E500004F0F9FF46482A464521A9E7012107F178
:102E600018030093019103468022204604F0F3FFEB
:102E700005460028EBD100220023204605F064F827
:102E80000546206904F0DFFF002DE3D12069C7F873
:102E900008D004F0DAFF18230193FB1800930522F1
:102EA00000235A21204604F0D6FF0646206904F08C
:102EB000CAFF46B12F483246452104F054FE2D4842
:102EC0003246452174E7BA692B4B9A4206D02B480B
:102ED000452104F048FE6FF01506F0E7BA7F7B7FCE
:102EE000274801320292FA7F01923A7F00922268CB
:102EF000492104F038FEBB7F012B9CBF0133DBB2BC
:102F000007F1200B94BFDB0010235B447B605D4620
:102F10007B68AB423AD12669D7F808D0F5693346C9
:102F200006F108000022597C21B1997C0AB1914236
:102F300000D20A4602339842F5D1002A00F05581AA
:102F4000012393405A1ED20440F123814FF4805252
:102F50000C48452104F007FE6FF015020A48452190
:102F600026E700BFF5B0000023B10000D3B0000099
:102F700041B100005BB100005346445075B1000000
:102F800092B100008AB2000013B30000EB792E78F2
:102F9000A9799D4846EA03266B791B0243EA01435F
:102FA00029790B430393EB7802936B780193AB7809
:102FB0000093A5EB0B023346D210492104F0D3FD58
:102FC000B6F57F4F40F0E08095F803806E79C7F842
:102FD00000D0B8F1140F28BF4FF014084FEA88084A
:102FE0004346242B38BF2423073303F4FF63ADEBA0
:102FF000030DAB792069360246EA03462B790DF1C1
:1030000010091E4304F021FF3302CDE90098052288
:103010005A21204604F01FFF0646206904F013FFE2
:10302000002E40F091802369FB6003F1110AD9F86A
:103030000430002B80F2908023F000430122A3F1A2
:103040002006C3F1200102FA06F622FA01F10E432E
:1030500002FA03F3DB0843EA4676B6F5801F34BF75
:103060006B214D2122686948009134BFB30A330DAA
:10307000492104F078FD08220021504604F057FE53
:103080004FF0010852464146484605F068F850B9ED
:103090009AF801209AF800305D48012101FA02F205
:1030A000442104F060FD08F101085FFA88F8B8F1E6
:1030B000050F0AF1020AE5D1EB7856480A2B81BFC9
:1030C000D9F828300122C3F303139A40FB6898BF54
:1030D0004FF480725A83DE61442104F044FDD9F834
:1030E000003013F4C02F4DD007F114024946284692
:1030F00000F05CF90646002844D197F81480464851
:103100004246442104F02FFD08F1FF33DBB2FD2BD2
:1031100038D818F0030F39D0206904F096FE18F063
:10312000020F1BD10023CDE900338022B7212046B6
:1031300004F091FE0646E8B1206904F084FE3748A9
:103140003246452104F00FFD35483246492104F04E
:103150000AFDD7F808D0B2E601337BE7CDE9006677
:10316000334680220621204604F075FE06460028DC
:10317000D8D0E1E72269137C43F00103137420697E
:1031800004F061FED7F800D00835C1E66FF085067F
:10319000D5E7C5F30B0333B122482B464FF48052D9
:1031A000492104F0E0FC4FF480532A0B73621E485F
:1031B0003262442104F0D7FC206904F046FE6368C3
:1031C0005B7EDB0714D50023CDE900338022B921D3
:1031D000204604F040FE0546206904F034FE002D30
:1031E00009DA15F1860F06D0EBE56FF08502B5E63A
:1031F000206904F028FE206904F027FE206904F00D
:1032000022FE0025DDE500BFB9B10000DFB10000FE
:10321000F7B100000FB2000027B200004BB200006F
:1032200071B20000C0B20000F6B20000024B0B60A9
:1032300001231360704700BF0C2D00200048704729
:103240006CA1000070B50D462846194616461C466E
:1032500004F013FF40B9084823462A46452104F0EC
:1032600082FC6FF0150070BD24B12246294630461D
:1032700004F052FD0020F6E744B3000010B501222F
:1032800011460648064C06F057FC06F063FB20602A
:1032900006F05CFB6060002010BD00BF142D002014
:1032A0000C2D0020F8B50E46144606F04FFB2146C3
:1032B0000546304604F0E1FE374650B3B6FBF5F361
:1032C00005FB136323B9B4FBF5F305FB134343B1CB
:1032D000124823463246452104F045FC6FF01500A4
:1032E00002E0A54201D90020F8BD4FF0FF324FF0B7
:1032F000FF330B4803F0DAFB06F028FB054638469F
:1033000002F0C4FE641B2F44F9D1054803F0AAFB68
:10331000E9E70448234632464521DDE766B300006D
:10332000142D002044B30000F8B50E46304619466F
:1033300017461C4604F0A1FE40B918482346324601
:10334000452104F010FC6FF01500F8BD46EA0405B5
:1033500015F0030504D01248234632464521F0E714
:10336000A4B110484FF0FF324FF0FF3303F09EFB43
:1033700024F00304AC4206EB050009D10A4AD2F856
:103380000034DB07FBD5074803F06CFB0020DCE7CB
:10339000795902F09BFE0435ECE700BF44B300000E
:1033A0008AB30000142D002000E00140C3780F2BE9
:1033B00014D9C96B0B480B0E13708B0200EA9110E5
:1033C00003F47C030906034301F0FE4110680B433C
:1033D000054901400B431360002070476FF08500E2
:1033E000704700BF00FF0300FF000080F0B5406899
:1033F000057B01F01F0444EA4514056987B0002DE0
:1034000064D0B2F5001F00F1100506D12146284610
:1034100006F091FA002007B0F0BD01AE0027B2F52A
:10342000800F0197776039D1B3F1007F14BF052376
:1034300004238DF804300023CDE9046303938368EB
:1034400023FA01F111F001011AD1B2F1A07F17D1D5
:1034500004F01F03620903F5E0732AD0012A3BD16F
:103460001F4A52F82330DB070AD40DF10306324617
:103470002146284602F064FC1A4B98421CD0029662
:1034800003AA2146284602F01DFB174B984220D183
:1034900001222146284602F0B7FCBBE7B3F1C06F1A
:1034A00005D0B3F1007F14BF01230223C1E703233A
:1034B000BFE74FF0A042D4E73146284602F09EFC19
:1034C000094B9842DBD06FF00B00A4E76FF085004A
:1034D000A1E76FF015009EE751F82330FFDE00BF33
:1034E000000300500400AD0B0000AD0B38B545687B
:1034F0002B69B3B11035284602F070FC044680B940
:103500000146284602F036FC084B98420BD1084988
:103510002246284602F00EFC224605210620FEF730
:1035200079FF002038BD6FF00400FBE70000AD0B11
:1035300035350000420970B5034602D0012A17D084
:1035400070BD0D4E326951680029F9D003F01F0398
:1035500001250C689D400029F2D08A682A4002D0DB
:103560004B68304698472CB1236821461C46F2E749
:10357000024EE7E72346F8E7B89D0000A49D00004F
:103580002DE9F043466840F20635D006337B87B01C
:1035900002EA050554BFC2F34010032001F01F07E3
:1035A000B5F5837F144647EA43178DF8030045D0ED
:1035B0000FD8062D18D007D8B5B1022D40D06FF026
:1035C000150007B0BDE8F083B5F5807FF7D1012580
:1035D0000AE040F20222954234D0B5F5407F33D064
:1035E000B5F5007FEBD102250123220303FA01F197
:1035F0002CD57368C3F80815326982BB07F01F0326
:103600007F0929D0012F77D13E4A02EB830284F44F
:103610008033D2F80017C3F30043C4F3404444EAB4
:10362000430421F4E16144EA800421F0070144EA03
:1036300005230B43C2F800370020C2E70725D3E774
:103640000425D1E70525CFE70325CDE7630344BF74
:103650007368C3F80C15CFE74FF0A042D5E71036DA
:103660000DF102023946304602F06AFB14F4403F85
:1036700080460CD13946304606F05BF9224B98451E
:10368000DAD19DF80210304602F0B2FBD4E701AB6C
:103690004FF0000903AA39463046CDE90439CDE997
:1036A0000199CDF80C9002F00DFA174B984286D193
:1036B00014F4003315D09DF803308DF80E3084F4E7
:1036C0008034C4F300444B4603AA394630468DF893
:1036D0000C508DF80D4002F0AFFA0B4B9842CDD054
:1036E0006DE7CDE9043303AA0DF1030339463046F3
:1036F000039302F0E7F9F0E703F5E07352F82330A3
:10370000FFDE00BF000300500000AD0B036803F0B4
:103710001F025B09026004D0012B034818BF002080
:1037200070474FF0A0407047000300502DE9F04F64
:10373000DFF86091DFF860A185B01546834600EBA5
:10374000810140F2FF18594503D1002005B0BDE8C2
:10375000F08FDBF800305804C3F3C322C3F308042E
:1037600000F191801B0E19F80270444508BF4FF01C
:10377000FF34192B00F28A80DFE803F00D141A1DC4
:1037800020261D8888888836638888888888888865
:103790008888667C7F82C5F80C45621C5ED10BF17F
:1037A000040BD0E7C5F81445631CF8D000265FE091
:1037B000C5F80845F1E7C5F81045F5E7661CC5F8FA
:1037C0000845ECD0002604E0601CC5F80C45E6D0A6
:1037D000012603A80394FFF799FF039B012202FA35
:1037E00003F3C0F80C3508E0C5F80845002FDBD11D
:1037F000631CD4D0002632460627DBF80030019344
:1038000003F40040002818BF002203A8009218BF4C
:1038100001260394FFF77AFF039C019B009A00EBBB
:103820008400C3F3412CD0F800473B0243EA8C03E9
:10383000134304EA0A04234343EA4603C0F800376B
:10384000ADE7C5F80C45D1E7C5F86045621CDBF86B
:103850000030A4D0C3F30043002BB9D003A80394D5
:10386000FFF754FF039B012606FA03F3C0F808355F
:103870003246C2E7C5F86445E8E7C5F86845E5E7BC
:10388000C5F86C45E2E76FF015005FE76FF0850063
:103890005CE700BFEDB30000F0F8FCFF2DE9F0415C
:1038A000044647680D4606F053F94FF0200888B9E2
:1038B000264B1B7873B16426606804F0E5FCF0B910
:1038C000012005F03FFF013EF6D10021212003F049
:1038D000CFFBF0E7EFF31186314688F31288BFF390
:1038E0006F8F606804F0D0FCA8B986F31188BFF32D
:1038F0006F8FEFE786F31188BFF36F8FE5E7EFF384
:103900001186314688F31288BFF36F8F606804F028
:10391000BBFC0028EED0FB691D706368FA691B6868
:103920000020C3F844250122C3F84825C3F820012C
:10393000D3F82041C3F85801D3F858019A6081F3B5
:103940001188BFF36F8FBDE8F08100BF13470020DF
:10395000F7B50546002201210220FEF75BFD02209B
:10396000FEF728FD6B6818681A69C0F82425997D50
:103970005A7D0A43198B1B7D0B431343C0F86C35EA
:103980006E68D6E9004313F001034FD02F6907F1A9
:10399000080005F0E3FE324B984207D0314845213C
:1039A00004F0E1F86FF0040003B0F0BD387A04F1E0
:1039B0000C0204F5907105F0C7FE387A012707FA6A
:1039C00000F001F0B9FE0823C4F80035F369C4F82B
:1039D00044350023C4F84835A760D4F85831002B8B
:1039E000FBD00021C4F800156B68DC6801AA2046F2
:1039F00004F01DFC002805DB019B2268197918687A
:103A0000FFF794FE6A6813680821C3F80015117A5D
:103A100051B9126AC3F834250122C3F83825C3F816
:103A20001011D3F810111A600020BDE70822C4F865
:103A30000025F269C4F84425C4F848350123A36081
:103A4000D4F82031002BFBD00023C4F82031D4F867
:103A500020310123E3604FF48073C4F80433BCE7E2
:103A60000000AD0BF5B300002DE9F8434568076988
:103A700006460021E86B04F055FC041E10DB296C9F
:103A8000481C17D005F1440000F074FB10F1130F2F
:103A9000044608D12948452104F065F86FF0120466
:103AA0002046BDE8F883411D04D12548452104F096
:103AB0005AF8F5E76B6B9847BD684FF00108D7E9F6
:103AC000023203EBC2039D420AD3384604F06DFC78
:103AD00073680021D86B04F025FC00EAE074DFE78E
:103AE000286805F0EEFF38B92A682B791268154866
:103AF000452104F038F8D1E728682979EB88D0F817
:103B000010C0D0F80890DCF80040DA0754BF43F446
:103B1000B01383F4D01323F4801208FA01FEDB07FC
:103B20004CBF4EEA040424EA0E04CCF80040D9F855
:103B300000309847041EB3DB0835C0E737B40000F7
:103B400067B4000089B4000070B506690D460A46E6
:103B500004464421084804F006F8356306F12000C5
:103B600002F080FF002286F85C2020691146BDE843
:103B7000704004F0FABB00BFB2B400002DE9FF4171
:103B80000569D0F804802B6D0646A86C002835D155
:103B9000002B53D0B8F838406A6CEF6C9C4228BFB9
:103BA0001C46EB6C53B1296D41B107F06041B1F196
:103BB000005F03D0082C6F6E28BF082400926A6C47
:103BC000AC651AB1AA6C002A18BF2246CDE90127BC
:103BD0001BB12B6D002B18BF2346002269464046BF
:103BE000039302F0C1FC184B984229D06FF00401F6
:103BF000304604B0BDE8F041FFF7A6BF696CEF6C3A
:103C0000B8F838400A46ABB1834228BF03469C420D
:103C100028BF1C460029C4D001F06043B3F1005F07
:103C2000BFD0082C28BF08242246286E04F074F860
:103C30002A6EB6E7844228BF0446EBE71946D7E769
:103C400004B0BDE8F08100BF0000AD0B10B50278F4
:103C50000346002A69D10C69A26D32B9606D6FF01C
:103C60007301BDE81040FFF76FBFE06C40B1216DFC
:103C700031B1DB6823B1834202D0616E04F04CF8AD
:103C8000A36C33B1A26D9A4211D92848452103F0A3
:103C90006AFF236D33B1A26D9A4227D9234845218B
:103CA00003F061FF606DBDE81040FFF767BF9B1A2E
:103CB000A364ABB9636B08336363A36B013BA3637A
:103CC00004F1480204F1380104F1340004F017FB58
:103CD0006064D4E911231648442103F044FFD8E777
:103CE000636C002BF5D013446364F2E79B1A2365E1
:103CF000ABB9E36B0833E363236C013B236404F14A
:103D0000500204F1400104F13C0004F0F8FAE064D0
:103D1000D4E913230748442103F025FFC2E7E36CED
:103D2000002BF5D01344E364F2E710BDDBB40000D0
:103D3000FEB4000015B500002DE9F04F95B098468F
:103D4000436807938B8804690F4699040646914699
:103D500030D44FF0FF324FF0FF3304F1100002F087
:103D6000A5FE6760D6F804B0D6F810A0DBF80830DE
:103D700009939AF85D3023B1DAF800309F4200F0E1
:103D8000D180B7F804E01EF4006F1AD0B348452183
:103D900003F0E9FE6FF0850523689B8813F4005358
:103DA00004D1636004F1100002F05CFE284615B0F7
:103DB000BDE8F08FA369002BCBD163689F42C8D1C7
:103DC000D0E71EF0010F07D03268A548452103F067
:103DD000CAFE6FF01505DFE71EF0080F04D0A148FA
:103DE000452103F0C0FEF4E7CEF34513082B02D0C3
:103DF0009D484521F5E73B680893089A9B4B9A42FA
:103E000002D89B484521ECE70BF10C0CBCE80F00F5
:103E10000AAD0FC5BCE80F000FC5DDE908329A42B4
:103E200028BF1A469CE80300924B9A4285E803009B
:103E300017D2914B9A4214D2904B9A4211D2904B86
:103E40009A424ED88F4B9A424DD88F4B9A424CD8BB
:103E50008E4B9A424BD88E488E4B8F49824288BFF8
:103E60000B461EF0020F0F930EF0040341D0002BFF
:103E700014BF032302238DF84030CEF300138DF8D6
:103E80004130DBF80030D3F808251EF0020F4FEA6E
:103E90005213CEF3400102F01F0231D16BB3012B5C
:103EA00040F040817D4901239340C1F80C359AF8D8
:103EB0005D302BB1584602F00FFB00238AF85D30CD
:103EC000774A33460AA9584602F0D2FA754B98420F
:103ED000024622D07448452103F045FE6FF00405E8
:103EE0005AE7724BBDE7724BBBE7724BB9E7724BB7
:103EF000B7E7003B18BF0123BDE74FF0A041D2E771
:103F000043B1012B40F01181644901239340C1F872
:103F10000835CCE74FF0A041F7E701238AF85D3080
:103F2000CAF80070012384F85C30079B196C4A1CA6
:103F300009D003F1440004F05AFA743003D15F4809
:103F4000572103F010FE012300935D4843464A4683
:103F5000442103F008FEB9F1000F40F0B780C4F827
:103F600034900023A36304F1480204F1380104F102
:103F7000340004F0C4F907466064B8F1000F40F063
:103F8000AE80C4F83C800023236404F1500204F1A5
:103F9000400104F13C0004F0B2F9236DE064002517
:103FA0002563CDE90403A36C4648CDE90273236C75
:103FB0000193E36B0093D4E90D23442103F0D3FD77
:103FC0002A460121204604F0D0F93046FFF7D6FDFD
:103FD000A06B2A462B46834240F08A800023256C42
:103FE0001946A94240F08B809342274638BF1346BA
:103FF0004FF4FA5202FB03F557F8203B4FF000084C
:104000001B68B5FBF3F54FF4004CC835414640F250
:10401000E7304FF47A720023E5FB0C01FCF770F8EF
:1040200002460B46384602F041FD024600286DD09C
:104030002548452103F097FD0798C4F8588002F001
:104040004BFA84F85D806FF073013046FFF77CFD1A
:10405000384602F051FD6FF073059DE62CB5000067
:104060004BB5000072B5000096B5000047E80100AE
:10407000CAB500000048E8010024F40000127A00EC
:10408000FF083D007F841E003F420F001FA1070074
:104090008FD0030048E8010090D0030000030050D7
:1040A0004D3C00000000AD0B00B6000000093D00D3
:1040B00080841E0040420F0020A107002CB60000A3
:1040C0005BB600007DB60000D1B60000D9F8003024
:1040D0006363002B3FF445AFD9F8043042E7D8F8CA
:1040E0000030E363002B3FF44EAFD8F804304BE7C9
:1040F000616B01EBC301013349680A446BE7E06B74
:1041000000EBC1000131406803446AE7256B15F1FB
:10411000740F91D0002D3FF43FAE0146306904F09A
:1041200024F939E6C1F80C15FFDE0023C3F8083581
:10413000FAE700BF00F01F0240090DD001280ED1A0
:104140000A4B03EB82030A4AD3F80007024042EA13
:104150008102C3F8002770474FF0A043F1E702F552
:10416000E072002353F82230FFDE00BF000300504E
:10417000F0F8FCFFF0B587B001238DF80230022380
:104180008DF804306B4403930F4601AB0DF103012E
:104190000024049305460291059401F02FFE0C4B78
:1041A000984206460FD103AA3946284601F08AFCF8
:1041B000B0420BD09DF80310284601F019FE6FF0B5
:1041C000040007B0F0BD6FF01200FAE72046F8E7F0
:1041D0000000AD0B70B5012383400E4ABFF35B8F27
:1041E000DC4352E8001F01EA040542E80056002EB5
:1041F000F7D1BFF35B8F4FF4803282400648C0F89E
:104200000823BFF35F8FBFF36F8F0B4214BF0120F2
:10421000002070BD4C2D00200010014070B40E49EC
:10422000D1E90034D01AC31844F1000422F07F46CB
:10423000C1E90034A6F50013B3F5400F09D2074BCE
:104240001B681A0A1B069C19054B42F10005C3E9BD
:10425000004570BC03F090B858060020502D002097
:104260006006002011B3BFF35B8F0123104A834027
:1042700052E800CF4CEA030C42E800C10029F7D114
:10428000BFF35B8F0B4A4FF480338340C2F8043393
:10429000094BBFF35B8F1B68BFF35B8FC340DB072A
:1042A00042BF064B4FF40032C3F80021704700BFF5
:1042B0004C2D002000100140482D002000E100E0BE
:1042C0000D4B1868010A0006BFF35F8F0B4BD3F844
:1042D0000435181841F10001B3F5801F0AD2084BCC
:1042E000D3E90023904271EB030303D210F18070F5
:1042F00041F10001704700BF502D00200010014027
:10430000600600202DE9F04F85B016461F469DF847
:1043100040A00446FFF75EFF0190FFF7D1FFB042D7
:1043200071EB070354D23E4B301A67EB0101984200
:1043300071F100014FD23B4B03EB0413D3E902238D
:104340009F4208BF96425ED037494FF4803804F14F
:10435000500508FA04F8AD00C1F848832046ADB214
:1043600004F06DF826F07F4B05F1804504F5A87345
:1043700005F58835DC464FF003090293029A2CF0CC
:104380007F4341F82230C1F84483D1F80435274AED
:104390006FF00200C01A604420F07F40904232D992
:1043A000286868B1D1F804350393A3EB0B0020F023
:1043B0007F40B0F5000F26D9204604F040F8039B5B
:1043C000BAF1000F07D109EB030C09F10109D5E798
:1043D000BAF1000F09D06FF0150520460199FFF7DB
:1043E00041FF284605B0BDE8F08F0123104ABFF316
:1043F0005B8FA34052E8000F184342E800010029F8
:10440000F8D1BFF35B8F07490E98230101EB04122B
:10441000C8500F9B5360C2E902670025DDE700BF6B
:10442000010080004806002000100140FDFF7F00D1
:10443000482D00207FB51C4C1C4BC4F80833C4F831
:1044400048331B4B00254FF0FF304FF0FF31C4F8CD
:104450000855C3E902014FF48033C4F80433154B07
:1044600002264FF400320121C4F804631120C3F87E
:1044700080212A46FDF7CEFF1120FDF79BFF0E4A53
:104480000123A360236013600C4B0D4A0093CDE918
:10449000015500232846FFF735FF3046FEF728FB7D
:1044A000284604B070BD00BF0010014003000F009B
:1044B0004806002000E100E04C2D00201D420000D5
:1044C000FFFF7F002DE9F7432F4CD4F80433990701
:1044D0000BD5D4F8043143B12C4A0023C4F804317D
:1044E000D4F80431136801331360D4F80433DA03C9
:1044F00029D5BFF35B8F264B53E8002F22F0010133
:1045000043E800100028F7D1BFF35B8FD30702D434
:10451000D4F84031BBB10025C4F84051D4F8403143
:10452000FFF7CEFEEFF31182202383F31288BFF34F
:104530006F8F184BD3E90267B042B94106D282F3BC
:104540001188BFF36F8F03B0BDE8F0834FF0FF38E1
:104550004FF0FF39C3E90289D3E900101D604FF421
:104560008033C4F84833C4F84051D4F8403182F362
:104570001188BFF36F8F0029E5D0009032463B468B
:1045800028468847DFE700BF00100140502D00207B
:10459000482D00204806002030B5431C124C85B041
:1045A00005D08442A8BF0446012CB8BF0124FFF700
:1045B00087FE0E4B0C4DD3E90013401AB0F5000FE7
:1045C00010D22218AA4228BF2A4652184FF00000E3
:1045D00007490091CDE9010043F10003FFF792FE86
:1045E00005B030BD2A46F0E7FFFF7F0058060020E7
:1045F0001D42000008B5FFF763FE024B1B68C01A9E
:1046000008BD00BF5806002010B5084C01236360A8
:104610001120FDF7DDFE064BC4F80833C4F848331B
:10462000044B4FF40032C3F8802110BD001001404C
:1046300003000F0000E100E030B50C490C4D0B68A1
:104640000246002405EB0310D0F80808C0B218B9E0
:1046500004B10B60002007E00133072B4FF0010489
:10466000F0D90B606FF01B00136030BD542D00209B
:1046700000E0014030B5816885B0103921F00704B1
:10468000054603F0C7FA10220146684603F04FFBC7
:1046900007491022684603F03FFB10236A46214673
:1046A000284603F083FA003818BF012005B030BD5A
:1046B0005EA4000030B50D46816887B0102302AAC1
:1046C0001039044603F05DFA002802DA012007B031
:1046D00030BD102202A9204603F017FF00283AD16E
:1046E0001E49102202A803F007FB00280CBF01237B
:1046F00002232B70204603F0F4FE012301460DF146
:104700000702204603F03DFA0028DFDB9DF8073062
:1047100003F00F021B096A702B7101220DF10701D2
:10472000204603F0F2FE10B96B78042B03D9012365
:104730006B7000232B71A268183A22F00702083A26
:10474000A91C204603F0F4FE0028BFD1E91C204636
:1047500003F047FFBBE70323CBE700BF5EA40000E5
:10476000F0B5354F460085B00546694657F8260036
:1047700003F03DFF044610B1FF2005B0F0BD013647
:1047800002A957F8260003F032FF012837D12B4841
:104790002A46492103F0E7F9294B02938DF80C4092
:1047A0009DF800609DF80870264C00222078314664
:1047B00003F09DFE50B36078394603F098FE28B3AD
:1047C000A378042B03D09DF8031099421ED1E378FF
:1047D000042B03D09DF80B10994217D12379042B99
:1047E00010D16279022A1DD1174B18482A46492157
:1047F00003F0B9F96079831E022BBED9BCE700280B
:10480000CED0B9E79DF802109942EAD00132032ACE
:1048100004F10604CAD10E482A46492103F0A3F93F
:104820000120AAE7032A05D00A4B0B49042A08BF36
:104830000B46DAE7094BD8E70CA3000047B70000A6
:1048400003010303DCB7000029B7000092B70000A2
:10485000B6B700002EB7000040B7000024B7000034
:10486000044B1B68584043085B4240421843C01742
:10487000704700BF582D00208842F0B504D0094F82
:1048800004380025AA4200D1F0BD3E6850F8044F1C
:104890005E4024EA060451F825601E40344304605B
:1048A0000135EFE7582D00202DE9F04F8DB01D4662
:1048B000189B179F1A9E0592B3F12A3F83468A469A
:1048C00040F08D803946169803F019FF012838BF53
:1048D0000120470900F01F047B01502B4FF0010914
:1048E00034BF4B4603230A9309FA03F30B930A9B45
:1048F000059805FA03F306EB8303069303EB8503A0
:10490000079304F0D4F84FEA850808904246002146
:10491000304603F00CFA079BC6F800900393089BFF
:10492000199ACDE90153059B009331462B46304639
:1049300006EB080904F0CCF851464246484603F01D
:10494000EBF90223494609930B9B099A934248D1FC
:1049500042463146584603F0DFF94FF00009CA4697
:10496000079B0393089BCDE90153059B00935A468F
:104970002B465946584604F0ABF8002C47D1013F6E
:104980001F24169B53F82730E34003F0010343EA4A
:1049900049090A9B0AF1010A534503D0002CDFD1D3
:1049A000002FDDD1189BB3F12A3F32D10698424641
:1049B00009FB086103F0B0F9079B0393089B069A73
:1049C000CDE90153059B009359462B46584604F008
:1049D0007FF8002CC1D1BFB90DB0BDE8F08F002425
:1049E0007AE7079B0393089B01EB080ACDE9015383
:1049F000059B00934A462B46504604F069F8099BF4
:104A00000133099351469FE7A146A246A8E7013C1E
:104A1000B7E731464FF0000A0A4B18681B68584048
:104A200080EA090080EA0A00FFF71AFF2A46C3431A
:104A30000698FFF721FF099B0AF1010A53454144FB
:104A4000EAD1B9E7582D0020054B1B6801314340DE
:104A50000132084022EA03020243501E00B27047AE
:104A6000582D00202DE9F04F99B083460F46184687
:104A700000211646039304F09CFA002800F0898177
:104A8000784B14930024012515AB039913933046FA
:104A9000CDE90B45CDE90D45CDE90F45CDE91145F2
:104AA00004F010FAA04228DABBF1000F05D1E7B9F3
:104AB0000024204619B0BDE8F08F2146584604F086
:104AC00089F904460028F2D00BA804F0D0F80DA80C
:104AD00004F0CDF80FA804F0CAF811A804F0C7F844
:104AE0000C2115A800F038FBE3E73146384604F006
:104AF0003CF904460028E7D1DAE731460BA804F078
:104B000034F904460028DFD103990DA804F02DF9EB
:104B100004460028D8D1F188ADF8385002310FA8EA
:104B2000ADF8305004F0B1F804460028CCD101466D
:104B30000FA804F04FF904460028C5D1F18811A848
:104B4000023104F0A2F804460028BDD10DA804F0FB
:104B50006DF900F01F001F2873D0C0F11F03194624
:104B60000BA8019304F088F904460028ACD1019900
:104B70000DA804F081F904460028A5D1BDF83250F3
:104B8000BDF83A80A5EB080A4FEA4A1949460DA834
:104B900004F072F90446002896D14FEA8A0A0DA95A
:104BA0000BA804F0BEF900284DDA49460DA804F020
:104BB00080F90446002887D108F1FF3305939B0054
:104BC00005F1FF3A069305F1804508F18043023B69
:104BD000013D9B00A5EB08050893AB000293059BE4
:104BE0009A4541D8BBF1000F0DD00FA9584604F0EB
:104BF000BCF8002840F0C980039AB388928813FB60
:104C000002F3ABF80430002F3FF45EAF01990BA81C
:104C100004F04FF9002840F0B880B388ADF8303088
:104C20000BA9384604F0A1F80146002840F0AF80F7
:104C3000384604F0BEF900287FF446AF0123BB805C
:104C400042E701949AE70F9A52F80A300BA9013310
:104C500042F80A3008460DAA04F091FA04460028EA
:104C60009DD031E7010003000D9B069A0493134485
:104C7000DDF82C900793049B59F82A109A580F9D41
:104C80004FEA8A08A8F104030993029B91421D444C
:104C900076D2A8F10400002359F80000FBF730FA9F
:104CA000002914BF4FF0FF330346BAF1010F2B6008
:104CB00016BF09EB0803002353F8083C1593A8F12D
:104CC000040359F80330169359F8083017932B68EA
:104CD000DDF8108001332B60089B98442B68013B62
:104CE0002B60002111A804F075F800284DD1059B18
:104CF000002B48D0D8F80020119B1A60079A126840
:104D00005A6011A92A68084604F03DFA00283CD1EF
:104D100013A911A804F005F90028DFDC2A680DA901
:104D200011A804F030FA80BB029B4FEAC308414649
:104D300011A804F0A1F840BB0BA9084611AA04F081
:104D40001EFA014618BB0BA804F033F9002812DA4A
:104D50000DA911A804F009F8B8B9414611A804F04A
:104D60008BF890B90BA911AA084604F005FA60B9AE
:104D70002B68013B2B60029B0AF1FF3A043B2DE7B5
:104D80004FF0FF3391E7059AB6E704469CE60C46E0
:104D90009AE66FF00B048CE62DE9F74F90461F4A18
:104DA0001568454006460F46ED43002B14BF9A4652
:104DB0008A4600240C9B04F104094B4505D20C9B48
:104DC0009C4220D303B0BDE8F08F042208EB04011D
:104DD0000DEB020002F0A0FF019A06EA020B04228A
:104DE0000AEB04010DEB020002F096FF019A2A4043
:104DF00042EA0B020192042238190DEB020102F083
:104E00008BFF4C46D6E718F804301AF804203340DC
:104E10002A4013433B550134D1E700BF582D0020F1
:104E2000082804D00928034818BF0020704702480A
:104E3000704700BFEEB70000F1B7000001680E4AEE
:104E40009142034615D1C169A2F11022A2F1EF12DD
:104E500091420ED18268012A0BD8C26812B1016951
:104E60008A4206D0586928B19B691B1A584258419A
:104E700070470120704700BF55AA00FF70B50D4B69
:104E80009E68A6B13046FFF7D9FF044678B9F368AB
:104E90006BB935690DB9204670BD2846FFF7CEFFC6
:104EA00028B9EB68B34202D12E462D69F2E70124FE
:104EB000F1E700BF5C2D00202DE9F8433F4F3C682F
:104EC000D4B1BC68C4B100284AD0002948D001FB45
:104ED00000F5B5FBF0F0884242D1281D40D8A90763
:104EE0000DD025F003060436FC6803E06368B34286
:104EF00038D2A469002CF9D12046BDE8F8832E46AB
:104F0000F2E7FB6041E006F120016318203A5A60A5
:104F10000022C3E902242A4822691A616050294903
:104F2000D96102B1D36062695A61A1699961AAB17C
:104F300093619A6902B153614FF00109C4E90169B3
:104F400023610023C4E905333B69DB072ED5FFF756
:104F500095FF58B31C4B48461B6826E0FB60E8E70A
:104F60000024C9E7A3681BB1174B01201B689847B1
:104F70006268921B232A04F12008C4D80123A3608D
:104F8000D4E90523002ABCD09361A3690BB16269FF
:104F90005A610023C4E905333B69DA0706D5FFF7F8
:104FA0006DFF18B1084B1B68012098472A46002165
:104FB0004046444602F0BBFE9EE700BF5C2D002049
:104FC00055AA00FF669911EEA805002070B50546A8
:104FD000002800F08880444E3368002B00F0838066
:104FE000B268002A7FD0834203D872681344984283
:104FF00003D33E4B01201B689847A5F120042046AF
:10500000FFF71CFF18B1394B01201B68984755F872
:10501000183C012B03D0354B01201B689847002317
:1050200045F8183C55F8143C3BB39A682ABB55F830
:105030001C2C02F120015A680A445A6055E90532D5
:105040001A6155F8145C2B6903B1DD602022002140
:10505000204602F06CFE286910B18368002B2ED028
:1050600033699B073FD5FFF709FF00283BD01F4B53
:10507000BDE870401B680120184755F8100C002847
:105080002AD0836843BB426863681344203363605B
:1050900003692361D4E905239AB9CBB943696361F4
:1050A0008269A261B3B19C61A36903B15C612369A8
:1050B00003B1DC602022002102F039FED0E72C464B
:1050C000E1E79361A369002BE8D062695A61E5E7E3
:1050D000F360F7E7F460E7E7F36845F8083C03B1ED
:1050E0005C61F460BCE770BD5C2D0020A805002069
:1050F00038B514220C4605460021134802F017FE6D
:105100001249134800F040F8232C1CD915F0030372
:105110001FBF043CE418C3F10403ED18224600212C
:10512000284602F004FE084B0A499D60C3E900547A
:10513000203C6C609A6811609A68DA60A1F11021D5
:10514000A1F1EF11D16138BD5C2D0020CD4F0000E1
:10515000B94E000055AA00FF10B50A46044619B121
:10516000024B00211B68984710BD00BFA40500201A
:10517000014B1B68184700BFB0050020014B1B689E
:10518000184700BFAC050020024B1860024B0020FE
:1051900019607047B0050020AC050020F8B500F19B
:1051A00008064768044630460D4603F043FE874232
:1051B0004BD16368B3F5807F47D80021304603F0B8
:1051C000F8FE002841DD0021304603F01FFEE0B369
:1051D00045B9294604F1100003F0EBFE002834DD48
:1051E0000020F8BD04F120050021284603F0E1FE6F
:1051F00000282ADD0021284603F008FE28B304F128
:1052000028050021284603F0D4FE00281DDD0021DA
:10521000284603F0FBFDC0B1002104F1100003F0AB
:10522000C8FE002811DD002104F1300003F0C1FEAA
:1052300000280ADD002104F1380003F0BAFE00283E
:1052400003DD002104F14000C6E70148C9E700BFC3
:1052500080BFFFFF012938B50546144601D0074835
:1052600038BD22B90123C5E91C340020F8E71046F7
:10527000FFF7D6FD0028F5D1F1E700BF00BFFFFF23
:1052800070B500210446FFF789FF054610B10E4DA9
:10529000284670BD04F10806304603F0C7FD7F289C
:1052A000F5D910342946204603F0B0FD0028EED091
:1052B000204603F0BBFD0128E9D93146204603F022
:1052C00030FE0028E4DBE2E700BEFFFFF0B50C464D
:1052D00085B0002105461646FFF760FF002839D14A
:1052E00002A803F0BFFC21466A6802A803F0A8FDEB
:1052F000044618B102A803F0BAFC0CE005F108045A
:10530000214602A803F00DFE002807DB02A803F0E7
:10531000AEFC6FF00304A4F5854418E005F14803E2
:1053200002A96F68009305F110022346084604F0B5
:105330007AF804460028DDD13A46314602A803F047
:1053400095FD044602A803F092FC002CE3D1204610
:1053500005B0F0BD004CFAE780BFFFFF01292DE941
:10536000F041034641D8224A224F2348234E244D80
:10537000244C9966002918BF9046234A18BF9646C8
:1053800002F1794202F5740202F5016218BF9446F7
:105390001E4A18BF17461E4A18BF164602F1D142D0
:1053A00008BF804602F5C0121A4802F51E620CBF03
:1053B000864615461848194A0CBF844614461848B4
:1053C000A2F11162A2F50C22A2F28E2218BF0246AF
:1053D0000020C3E91000C3E9128EC3E914C7C3E972
:1053E0001665C3E91842BDE8F0816FF07300FAE773
:1053F000D89E05C13AF54FA567E6096A7F520E515E
:105400008C68059BABD9831F07D57C3639590EF7BD
:10541000310BC0FF85AE67BB72F36E3CA78FF9649A
:10542000A44FFABE2DE9F04FCFB000F1640300F1B4
:1054300044070DF58A79009301914A463B4653F89B
:10544000041F42F8041F00999942F8D104ADDFF817
:1054500000A14FF000082C46B8F10F0F61D8019B56
:10546000042203EB880103A802F056FC039804F021
:105470007AF8A860D4E94763D4F818C15AF8041B35
:1054800073404FEAFC22D4F8206182EABC1203EA9E
:105490000C0382EA7C6273401344D4F82421D4F8CC
:1054A000106113440B44D4E9421E034441EA0E0246
:1054B0004FEA713080EAB100324001EA0E0B80EA17
:1054C000B15042EA0B020244D4F81401626018445D
:1054D0001344D4F82021C4F8242108F10108D4F899
:1054E0001C212360B8F1400FC4E947C2C4E944E677
:1054F000C4E94231C4F8180105F10405ACD157F8EC
:10550000043F59F8042F13443B60009BBB42F6D183
:1055100004A84FF49471FFF71FFE00204FB0BDE8C0
:10552000F08F2B6855F8382C55F8341C4FEAF340AF
:1055300080EA734080EA932055F8143C13441844E1
:105540004FEAB14383EAF11383EAD103184490E7A9
:1055500014A30000024AD2F80034002BFBD070479D
:1055600000E0014010B54FF08053D3F830210D2AF0
:1055700055D14FF080410022C1F80C21C1F8102113
:10558000C1F83825464AD3F80404C2F82005D3F8F8
:105590000804C2F82405D3F80C04C2F82805D3F88F
:1055A0001004C2F82C05D3F81404C2F83005D3F85F
:1055B0001804C2F83405D3F81C04C2F84005D3F827
:1055C0002004C2F84405D3F82404C2F84805D3F8EF
:1055D0002804C2F84C05D3F82C04C2F85005D3F8BF
:1055E0003004C2F85405D3F83404C2F86005D3F887
:1055F0003804C2F86405D3F83C04C2F86805D3F84F
:105600004004C2F86C05D3F84434C2F87035D1F8C0
:105610000034DB0709D56FF00103C1F800344FF007
:105620008053D3F830310D2B0CD14FF08053D3F889
:1056300034313BB14FF01023D3F808224FF08043B0
:10564000C3F858254FF01023D3F80022002A03DBBB
:10565000D3F80432002B22DA124901234FF0102034
:10566000C1F804351224FFF775FFC0F80042FFF7B8
:1056700071FFC0F80442FFF76DFF0023C1F8043545
:10568000FFF768FFBFF34F8F0749084BCA6802F462
:10569000E0621343CB60BFF34F8F00BFFDE710BD47
:1056A00000C0004000E0014000ED00E00400FA0509
:1056B00030B50468CCB1BFF35B8FB4FA84F3C3F1A7
:1056C0001F03DBB201229A4024EA020250E8005F85
:1056D000A54204D140E8002CBCF1000FF6D1BFF385
:1056E0005B8FE6D102480B7030BD0248FCE700BF7B
:1056F0000000AD0B0200AD0B10B50368CB40DB071B
:1057000014D401238B400268BFF35B8F43EA02018C
:1057100050E8004F944204D140E8001CBCF1000F57
:10572000F6D1BFF35B8FEED1014810BD0148FCE715
:105730000000AD0B0400AD0B014BC3F8040570472E
:1057400000F00140044B1A7922B9012218601A7145
:105750000248704702487047702D00200000AD0BD2
:105760000C00AD0B08B5074B1B682BB10020FCF7F4
:1057700043FE08B9FCF71EFE4FF080430022C3F839
:10578000182508BD702D002010B510B1012843D098
:1057900010BD4FF08043D3F81814D3F81824C80371
:1057A00021D502F00303012B04D013B1002003F034
:1057B000D7FF00234FF080420220C2F8183508229C
:1057C0004FF4827303F180430021196002F180429B
:1057D0001C6801241460154A12680AB34FF0804314
:1057E000C3F80403D4E7D3F81424D107E1D5D3F8E0
:1057F0001C249207DAD40D4A12681AB10222C3F8A7
:105800000423C5E7D3F80421002AFBD00022C3F803
:105810000421D3F80431BBE700224FF48073D1E7B1
:105820001A68002AFCD019601B68B1E7702D0020AF
:1058300010B54FF08043D3F8002152B10020C3F8D7
:105840000001D3F800210122C3F80823104B1B6884
:1058500098474FF08043D3F8042172B10022C3F877
:105860000421D3F80421D3F81824D3F8182492077C
:1058700004D10122C3F818259A6010BD0222C3F892
:105880000823034BBDE810401B680120184700BFE8
:10589000702D0020036803F01F025B09026004D032
:1058A000012B034818BF002070474FF0A0407047FD
:1058B00000030050034A430900F01F00D35C184462
:1058C000C0B27047F4B7000070B50546FFF7F2FFAD
:1058D0000C4C08300E4634F81030DA0508D5C3F306
:1058E000432304EBC302284654F8333052689847E8
:1058F000A3682BB1E26831462846BDE870401847DE
:1059000070BD00BFB405002008B5FFF7D3FF034BFF
:10591000083033F81000400B08BD00BFB40500206C
:1059200008B5FFF7C7FF034B083033F81000C0F38A
:10593000400008BDB405002008B5FFF7BBFF034BCE
:10594000083033F81000C0F3401008BDB405002043
:10595000034611F0010010B5CCB20DD1A207C4F37B
:10596000400012D5094AD2F820055860C2F8200537
:10597000003818BF012008E04FF0A041D1F82025E1
:105980001A60C1F82025002AE8D010BD000300509D
:1059900010B5FFF78FFF124A083032F81030D905E2
:1059A0001CD5C3F3432123F4F85322F8103002F13D
:1059B0000E04002034F8023F13F4807F03D0C3F3B9
:1059C000432399420AD001302A28F3D1002342F818
:1059D00031300448BDE81040FFF78EBE10BD00BF57
:1059E000B405002020060020F0B50546002004463E
:1059F000012607468C420BD1114BD3F87C2132B1E2
:105A00000022C3F87C21D3F87C3140F00040F0BD87
:105A1000E3B29B0003F580729B0806FA03F31D4274
:105A20000BD002F1804202F5C042D2F800C0BCF1B6
:105A3000000F02D01760126818430134DAE700BF84
:105A400000600040F7B506460846FFF733FF194FE0
:105A500000F108050C4637F81530DB0727D530462E
:105A600003F043FF2046FFF767FF40B12046FFF7F2
:105A70004BFF316800F5A270002341F8203020462A
:105A8000FFF786FF002301A827F815300194FFF7E0
:105A900001FF019B00EB8300074BD0F80027134068
:105AA00043F00203C0F80037044803B0F0BD0448D7
:105AB000FBE700BFB4050020F0F8FCFF0000AD0BD1
:105AC0000400AD0B2DE9FF41164680460846FFF75E
:105AD000F1FE0D463168044609B32846FFF720FF62
:105AE00018B12846FFF728FF10BB0023CDE900338B
:105AF0008DF80E308DF80F300DF10F020B46284651
:105B00000DF10E0103F088FE474A04F1080132F856
:105B1000113023F0020343F0010322F811307368BF
:105B200063B328461F785968FFF7FAFE10B1D1B168
:105B30003E4826E03C4A04F1080032F8103023F0D9
:105B40002003DB04DB0C22F8103061B1032FEFD807
:105B50007168496891F800C0D8F80010A7B90CF531
:105B6000A27C41F82C70304A04F1080132F811305F
:105B700023F01C0343EA870322F81130B3684BBBC0
:105B80002B4804B0BDE8F08101EB8C0143EA4C33B3
:105B9000D1F810E52EF0030EC1F810E5D8F800108A
:105BA00001EB8C0E43F02003DEF8101522F81030C4
:105BB00021F44F3121F44071CEF810152902DEF89E
:105BC000108501F47C5141EA074141EA0801CEF811
:105BD0001015C8E7D3E900672846FFF7D9FE002E65
:105BE000CED0114DD5E90023964203D19F4201D179
:105BF000002209E00F480DF10F01FFF759FD0C4B92
:105C00009842BED19DF80F2045F8326005EBC203E3
:105C100008345F6035F8143043EA422343F480735C
:105C200025F81430ACE700BFB40500200400AD0B2C
:105C30000000AD0B200600202DE9F0430C4685B096
:105C40008046204611461E46FFF734FE054629B31E
:105C50002046FFF765FE18B92046FFF76DFE18BB1A
:105C6000314F05F1080937F8193013F01C0F02D035
:105C70004B78012B18D001238DF80F300023CDE98C
:105C800000134A1C8B1C20460DF10F0103F0C4FDCC
:105C900037F8193043F0030327F81930002E41D0AC
:105CA0002046FFF73DFE18B9204805B0BDE8F08357
:105CB00096F800C0D8F800301B4F0CF5A2720021F6
:105CC00043F8221005F1080237F8121021F02001E4
:105CD000C904C90C27F8121075781DB3D8F8000054
:105CE000B67800EB8C002D04D0F8103523F499130E
:105CF00023F4F853C0F81035230203F47C5305F461
:105D000040353605D0F810E52B4306F4801641EAFD
:105D10004C31334341F0200143EA0E0327F81210BF
:105D2000C0F810350248C0E7B40500200400AD0BF0
:105D30000000AD0B014BC3E902127047B40500200F
:105D400010B508461446FFF7F7FD50B10846FFF7B7
:105D5000B1FD054B083033F8103004485B0B23705D
:105D600010BD0348FCE700BFB40500200000AD0BE8
:105D70000400AD0B70B5164D95F8744006462CBB6B
:105D80002146542205F1100001F0D1FF30686E6EFB
:105D900021468E420ED10023C0F87C31D0F87C31F0
:105DA00040F30730FCF706FB01230A4885F87430FE
:105DB000EB6670BDCBB29B0003F580727C2B08BFF5
:105DC000845001F1010108BF8358E2E70248F0E77F
:105DD000B40500200000AD0B0C00AD0B034B93F895
:105DE0007400003818BF0120704700BFB4050020C0
:105DF0000148FFF781BC00BF1C0600200148FFF7E7
:105E000057BC00BF1C06002073B503681646D3F8C4
:105E10000423002AA8BF4FF000420546A8BFC3F8DC
:105E2000042308460C46FFF787FD00B30846FFF73A
:105E300077FD0146D8B92046FFF766FD04B2A400FD
:105E400004F58072034628688150296882582144ED
:105E5000D1F8102542F00102C1F810252EB12968B1
:105E6000012202FA03F3C1F8043302B070BD2046E8
:105E7000FFF720FD0F4B083033F81030C3F38203D7
:105E8000042B12D0052B12D001A80194FFF702FDBC
:105E9000019AD0F81035D34003F00103991C204635
:105EA00002B0BDE8704003F000BD0321F7E7022116
:105EB000F5E700BFB40500202DE9F04F694BDFF88E
:105EC000A881D3F80403D8F86410C0B289B040F0B8
:105ED0000040FFF789FD051E2FDAC24600235AF85D
:105EE000701F06A8CDE90633FFF732FD5F4B019323
:105EF0000DF118094FF0000B019A12F8013B0192C5
:105F0000DA0803F007031AF8022022FA03F3DA078B
:105F10001CD409F10409BBF1000F14D0D8F86410A7
:105F20004FF00040FFF760FDD8F8701006A8FFF7AB
:105F30000FFD0028DAD125F000450124002D79D18C
:105F400009B0BDE8F08F4FF0010BD5E7484B5B443B
:105F50000293D9F800100029DBD0029B91FAA1F13D
:105F60001C78B1FA81F141EA44142046FFF7A2FC03
:105F70000830059438F81070C808BB0819F80020DC
:105F8000039301F00701012303FA01F122EA010260
:105F900009F8002005A8FFF77DFC059A039B02F590
:105FA000E072C7F3820650F822205B073746C2F33F
:105FB000014224D520463946D6B2FFF785FC05A814
:105FC0000594FFF767FC059B03F5E07350F8233059
:105FD000C3F301439E4207D10021204603F065FC34
:105FE0003146204603F061FC05A80594FFF752FCFA
:105FF000059B012202FA03F3C0F82035A9E7022A23
:106000000CD10321204603F050FC06F00503012BC0
:10601000EAD139462046FFF757FCE5E70221204642
:10602000039203F042FC032EF3D0039A032ADBD140
:10603000022EEDE795FAA5F3B3FA83F304FA03F21F
:106040009B0003F1804303F5C04325EA0205D3F822
:106050001005D3F81015C0F30520C1F30141FFF777
:1060600033FC6BE700600040B405002004B800007A
:1060700004B80000044AD2F80034DB07FBD5016005
:10608000BFF35F8F704700BF00E001404FF08053C7
:106090001A69B0FBF2F302FB130373B9084B022237
:1060A000C3F80425C3F80805D3F80024D207FBD5AC
:1060B00000220448C3F8042570470348704700BF16
:1060C00000E001400000AD0B0A00AD0B10B5054C1F
:1060D0000123C4F80435FFF7CDFF0023C4F80435CD
:1060E00010BD00BF00E0014001460148FFF7E0BAE3
:1060F0002C060020036803F01F025B09026004D035
:10610000012B034818BF002070474FF0A040704794
:106110000003005073B51646421C1C460546069BFC
:1061200018D0012902D1BBB103F06BFC01A8019585
:10613000FFF7E0FF019B00EB83002402D0F800276B
:10614000074B44EA86040C4313401C4344EA4101D4
:10615000C0F8001702B070BD03F060FCE6E700BFB6
:10616000F0F8FCFF4B69184A934221D00DD8174A2A
:1061700093421DD007D8164A934219D0154A93422C
:1061800016D015487047154AF9E7154A934208D0CA
:1061900004D8144A93420BD0134AF0E7134A9342AF
:1061A000EFD10279124B1348002A08BF18467047F6
:1061B00091F8213013B1CB680133F2D1CB690133AF
:1061C000EFD10C48704700BF80841E0020A107005B
:1061D00048E8010090D003000400AD0B40420F00DE
:1061E0000024F40000093D0000127A000048E80194
:1061F0000300AD0B0000AD0B2DE9F04F874B4D694F
:1062000090F804909D4285B006460C4600F0CE8082
:1062100000F2BE80824B9D4200F0CB8000F2B08045
:10622000804B9D4200F0C8807F4B9D420CBF4FF0D9
:1062300080654FF080457D4F94F82300242202FBB7
:106240000973997F60F3000199773379217C02FB10
:1062500003739A7F61F341029A7794F82380B8F12F
:10626000000F34D16269724B9A420CBF4FF0030A9F
:106270004FF0000A237E012B94BF002301230093DB
:106280002068534642460121FFF744FFCDF80080C5
:106290006068534642460121FFF73CFFCDF800807D
:1062A000A27EA06853464146FFF734FF237C83F06B
:1062B00001030093E068534642460121FFF72AFF9D
:1062C00001210091E06953464246FFF723FF3379ED
:1062D000002B7AD094F82130002B76D0242303FBB6
:1062E00009734FF0FF321A62A3680293D4E900BA2F
:1062F000E36994F81290227E94F81980D4F80CE0A7
:1063000094F810C094F8220003933379002B7AD0CC
:1063100094F8201094F8244033687CB9029CC3F8A8
:1063200008B5C3F80CA5C3F81045039CC3F86C4529
:10633000C3F814E5C3F868C5C3F86405B8F10000F4
:1063400018BF0120022AC3F8C095C3F824555CD0B9
:10635000032A5DD0012A01D140F00200C3F85405A0
:10636000C3F86015337924225343FB58002B52D0D5
:10637000306840F3073005B0BDE8F04FFCF71AB8BD
:106380002C4B9D420CBF4FF080554FF0804552E79B
:10639000294B9D4213D0264B9D4213D0274B9D4243
:1063A0000CBF4FF000454FF0804544E74FF00055DB
:1063B00041E74FF000653EE74FF000753BE74FF0D7
:1063C000206538E74FF0A05535E7242202FB097914
:1063D000E368C9F82030227C99F81E3062F341034B
:1063E00089F81E30A3680293E36994F81290227E24
:1063F00094F819800393D4E900BA4FF0000C4FF0E1
:10640000FF3E022081E7022184E740F00400A5E777
:1064100040F00600A2E705B0BDE8F08F80841E00C2
:1064200020A1070048E8010090D00300782D00204B
:106430000048E80140420F000024F40000127A00F6
:10644000431C07B50ED0019001A8FFF753FE019B36
:1064500000EB8300054BD0F80027134043F0020304
:10646000C0F8003703B05DF804FB00BFF0F8FCFF94
:106470002DE9F04790F80490144C242505FB09F50C
:1064800004EB050A1F469AF81C3006469046D3B91D
:1064900061B96251CAF80470242303FB0944002344
:1064A00063770B4801232377BDE8F087FFF75AFE97
:1064B000074B9842F8D1304644F80580CAF804707A
:1064C000FFF79AFEE8E70348EEE700BF782D0020CB
:1064D0000000AD0B0C00AD0B2DE9F0410446067930
:1064E00000681F4D40F30730FBF772FF242373430E
:1064F000EB5853B123681B4AC3F8082306EBC601C7
:10650000206805EB810103F096FA2421236801FB42
:106510000651D3F80805D3F80C75D3F810858B7F96
:10652000DB0716D4FFF78CFF4046FFF789FF38469C
:10653000FFF786FF086AFFF783FF23794BB12368D3
:10654000D3F86C05D3F81415FFF77AFF0846FFF768
:1065500077FF242303FB065500232B77BDE8F0814A
:10656000782D0020520108002DE9F0430779554DA0
:1065700024237B439046EA180E46517F85B081461E
:10658000002940F09C80EB5823B118F0140F04BF91
:106590000123537796E80F00242404FB075404F1E9
:1065A0000C0C8CE80F00206A421C04D0A37F9B07D0
:1065B0001AD503F026FA3368D9F8004023B103F066
:1065C0006043B3F1005F06D1B36883B103F0604369
:1065D000B3F1005F0BD0242303FB075300223A489A
:1065E0005A7705B0BDE8F08303F018FAE3E718F036
:1065F000010318BF0123C4F8503518F0020318BF77
:106600000123C4F8403596E80F00EC468CE80F00F3
:10661000039BC4F84405C4F84815C4F83425C4F8ED
:1066200038350023C4F81831D4F818310723C4F8DA
:10663000003524237B4318F0080F05EB03021DD11E
:10664000E8580121216158B9D4F81831002BFBD04A
:1066500062464021204603F096F924237B43EA1842
:10666000EB5813BB106A461C13D107EBC70705EBA9
:106670008701204603F0DFF91448B2E7EB58A3B9CD
:10668000106A411CF8D0937F9A070BD503F0C6F926
:10669000F2E7937F9B0702D503F0C0F9E5E703F02B
:1066A000B0F9E2E703F0ADF9E6E718F0040F4FF0B8
:1066B000400314BFC4F80833C4F80433DCE70448CB
:1066C0008FE700BF782D00200A00AD0B0000AD0B56
:1066D0000B00AD0B02494FF0402003F0C2B900BFE0
:1066E000782D00200149024803F0BBB99C2D002001
:1066F00000F0024010B5144CA8220021204601F001
:1067000016FB03232361114A6361114BA261E3610C
:106710004FF4806323620023A3626362E362226614
:106720000C4A62661022A2662367E3666367BFF3C2
:106730005F8F094A12F8011DE1540133102BF9D182
:10674000BFF35F8F10BD00BF1004002006B800002B
:1067500010000020000000201FB8000010B54521E7
:106760000446034801F0FFF9204603F0B5F900BFE5
:1067700020B80000F7B504460D46EFF3118720233B
:1067800083F31288BFF36F8F1A4A042898BF1A4BFD
:106790009668127C94BF53F82030184B0092452124
:1067A0000246174801F0DFF93DB1EB69C3F3080376
:1067B0001BB11448452101F0D6F936B1304603F03B
:1067C000CDF9034608B1027802B90F4B0F483246A3
:1067D000452101F0C8F929462046FFF7BFFF87F39E
:1067E0001188BFF36F8F304603B0BDE8F040FBF770
:1067F00069BD00BFC02D002014A4000034B8000003
:106800004AB8000077B8000042B800009DB8000008
:1068100038B5094B53F82040013053F82050A542B9
:1068200000D838BD636823B1204603F05DF9083411
:10683000F5E723689847FAE728A4000070B52B4BCA
:106840002B4C2C4D012286B003201A70FFF7E0FF7D
:10685000FBF748FA03F064F90420FFF7D9FF264656
:10686000AE4204F1300410D300F034FB204C224E31
:10687000AC4226D300F042FBF9F7ACFD1F4A137B74
:1068800023F00103137306B070BD54F80C3C05935C
:1068900054F8103C049354F8143C039354F8183CF7
:1068A000029354F81C3C019354F8203C009354E9A3
:1068B0000A2354E90C0100F03BF954F8303C5E65C2
:1068C000CDE7D4E90A23B3F1FF3F08BFB2F1FF3FA0
:1068D00005D052EA0301206803D103F041F93034B6
:1068E000C6E73146183000F0CDFCF8E7134700202A
:1068F000B09F0000B09F00006D9C0000E8060020E3
:1069000008B50348034A0021121A03F005F908BD2F
:10691000480600201847002070B5002386B00122E9
:10692000CDE90423134E144D01930F22CDE9023219
:106930001249142303FB005506EBC01604464FF41E
:10694000C07000FB04110E4B00954FF4A07230464E
:1069500000F0EEF8737B0B4AEE6023F004037373D0
:106960004FF4046304FB033313442C746B6006B0D0
:1069700070BD00BF68060020C02D0020804F0020A1
:10698000239B000040470020BFB50020FFF740FFD9
:106990002C4B83F308882C4D2C4E6B692C4F43F401
:1069A00000736B610024E02385F82230EC772C76AD
:1069B0006C76AC7685F820406B6A43F4E0236B621A
:1069C00085F82340FBF7FAFBFBF7A8FD4FF0FF33F8
:1069D000AB62EB62FBF7A2FEFBF7C4FD1D4BB3609D
:1069E00040F201129A81C3E919441C6703F068F868
:1069F0000120FFF70DFF0220174DFFF709FF00F000
:106A0000A5FA164B75610593012315490094CDE94C
:106A100003434FF420523B46CDE90144284600F0A1
:106A200087F86A7B064622F0040228466A7303F060
:106A3000D3F82046FFF770FF3A4631462846FBF769
:106A40004FFD00BF804F002000ED00E0C02D002072
:106A50003D68000068070020E806002004B9000037
:106A60000051002038B50446EFF31185202383F34D
:106A70001288BFF36F8F03F0FDF848B100228267E0
:106A800003F0AAF829460848BDE8384000F0DEB90E
:106A9000D4E902329A4218BF0133A36085F311880A
:106AA000BFF36F8F38BD00BF1447002013B5EFF35D
:106AB0001181202484F31288BFF36F8F846844B15E
:106AC000013C846081F31188BFF36F8F002002B016
:106AD00010BD52EA030406D181F31188BFF36F8F12
:106AE0006FF00F00F3E7CDE900230246014800F004
:106AF00081F9ECE71447002070B50446EFF31185E7
:106B0000202383F31288BFF36F8F6FF00A062046AD
:106B100003F0B0F818B1866703F05EF8F7E7A060FD
:106B200029460248BDE8704000F090B914470020A3
:106B30002DE9FF47D51D25F007050E461F46109984
:106B4000017300F158037F35C0E916330446002372
:106B500025F03F050421836041733F2D0F98A073FA
:106B6000C4E90633E37306F1400AA5F1400905D8EC
:106B700083F31188BFF36F8F084602DF06EB050829
:106B8000CDE9005A1048234632464421CDE9029807
:106B900000F0E9FF00250E9BE566C4E919A9029300
:106BA0000D9B01930C9B009342463B463146204689
:106BB000FBF764FC054B65659B6803B11B6F23679E
:106BC000404604B0BDE8F0870CB90000C02D00209D
:106BD00038B50D4D2B4653F8184F9C4200D004B9E0
:106BE000EC68AB6838B95A7BD20604D1A26912B9F5
:106BF000DA897F2A05D89C4202D0204600F08AFA22
:106C000023466B6138BD00BFC02D002008B590F948
:106C10000D20437B002A014604DA03F07F0343730F
:106C200002F0A0FF044B9868431A58425841BDE84F
:106C30000840FFF7CDBF00BFC02D002070B490F911
:106C40000D30427B002B29DBD30627D183692BBB78
:106C5000134962F07F0242730A4652F8184F944279
:106C600018BF2346CC6923B9C0E900242060C8615D
:106C70000CE090F90E5093F90E60B5420AD0AE4286
:106C800008DD5A68C0E900321060586070BC00200E
:106C9000FFF79EBF9C42E7D01B68E4E770BC7047DB
:106CA000C02D00202DE9F041002A427B0E460CBF8A
:106CB00010210821114204460FD141EA0203D209F2
:106CC00018D1437308291BD00120FFF781FFBFF3C0
:106CD0005F8F637B23F060036373274B9B68A34242
:106CE00043D1EFF30583002B3FD13046BDE8F0419F
:106CF000FBF7FEBA03F07F03437302F033FFE1E7D3
:106D0000A36813B1204602F035FF04F1180002F029
:106D1000EEFFA56D04F15807AF4211D04FF0000807
:106D200075B1284602F026FF05F1180002F0DFFFDA
:106D3000C5F878802846FFF781FFA56DAF42EFD1F7
:106D40000D4DAB689C42BFD1EFF30583002BBBD048
:106D50000120FFF73DFF094BAB6040F201129A8121
:106D60000022C3E919221A67B1E786F31188BFF33D
:106D70006F8FBDE8F08100BFC02D002068070020A4
:106D800070B590F90D20437B002A014604DA03F028
:106D90007F03437302F0E6FE4B7B154A63F07F03EB
:106DA00010464B7350F8183FD469834208BF002344
:106DB00023B9C1E900042160D1610CE091F90E50C2
:106DC00093F90E60B5420ED0AE420CDD5868C1E9B1
:106DD0000030016059609068431A5842BDE8704025
:106DE0005841FFF7F5BE9C42E3D01B68E0E700BFC7
:106DF000C02D0020F8B5124B0C461146114A986878
:106E00001060DDE90676EFF31182202282F312880A
:106E1000BFF36F8F9D68284602F0B6FEB6F1FF3FC4
:106E200008BFB7F1FF3F06D007493A46334605F1A0
:106E3000180000F027FA2046BDE8F840FBF758BAE2
:106E4000C02D0020E02D00206D9C000049B9EFF31B
:106E5000058030B9054B5A699B689A4201D0FBF70F
:106E600047BA81F31188BFF36F8F7047C02D0020A0
:106E700010B5EFF31184202282F31288BFF36F8FD5
:106E8000427B510704D484F31188BFF36F8F10BD88
:106E900022F004024273FFF7D1FE21460248BDE80A
:106EA0001040FFF7D3BF00BF14470020034648B986
:106EB000EFF3058232B9064A51699268914201D0D6
:106EC000FBF716BA83F31188BFF36F8F704700BFCB
:106ED000C02D0020EFF31181202383F31288BFF32C
:106EE0006F8F054B9A68D37B013BD37381F3118875
:106EF000BFF36F8F704700BFC02D002070B5EFF358
:106F00001186202484F31288BFF36F8F0D4DAA6879
:106F1000D37B0133D3730020FFF75AFE86F3118829
:106F2000BFF36F8FAA680848D37B442100F01BFE93
:106F3000EFF3118084F31288BFF36F8FBDE87040C8
:106F4000FFF7B4BFC02D00205EB90000024B03F173
:106F50001802C3E906227047C02D0020F8B5EFF3F0
:106F60001185202383F31288BFF36F8F1949886836
:106F7000437B03F07F03437302F0F4FD8B685A7B7D
:106F8000084662F07F025A7350F8182FCC6982428B
:106F900008BF002222B9C3E900042360CB610CE0E2
:106FA00093F90E6092F90E70BE420ED0B7420CDD1E
:106FB0005168C3E900210B6053600120FFF708FE10
:106FC0002846BDE8F840FBF793B9A242E3D0126827
:106FD000E0E700BFC02D00202DE9F041204F03461F
:106FE00005460E46BA681F48442100F0BCFD55EA2C
:106FF000060303D1FFF7B2FF00202AE0AB1C76F1B5
:10700000FF3328DB02F088FE2C18EFF311882023D1
:1070100083F31288BFF36F8F134BB8681860FFF7C4
:10702000F5FDB86811492A463346183000F02AF9B0
:10703000BA68537B43F0100353734046FBF758F98B
:1070400002F06AFE201A63EB0303012873F10003C8
:10705000D2DBBDE8F0816FF00104641BD5E700BF0F
:10706000C02D00207EB90000E02D00206D9C0000A6
:10707000B1F1FF3F08BFB0F1FF3F08B506D10A4BA1
:10708000986802F0B8FD4FF0FF3008BDFFF7A4FF8D
:107090004FF47A7147F6FF730022C0FB0132D80B20
:1070A00040EA4240F1E700BFC02D0020014B986844
:1070B000704700BFC02D0020044BC01A044BC01005
:1070C0005843044B01221A54704700BFE8070020C0
:1070D000ABAAAAAA14470020C3897F2B12D80A4B57
:1070E0001B6863B1094B90F90E201B689A4209DBBB
:1070F000437BDB0606D1064BC31A18BF012303F0FE
:10710000010070470023FAE7E82D0020E42D00205D
:107110006806002070B50E4B0E4C1E7C06EB460335
:1071200004EBC3040546204602F0E1FD0A4B0022B1
:1071300028469A55FFF7D0FF48B1084B08491A680E
:10714000013A2046D317BDE8704000F09BB870BDEF
:10715000C02D0020E807002014470020E82D002063
:10716000B970000038B5EFF31185202383F312883E
:10717000BFF36F8F104B114A9C681068A04206D174
:10718000FFF7C8FF85F31188BFF36F8F38BD00216B
:107190001B7C11600A4AD35C002BF3D02046FFF71A
:1071A0009BFF0028EED0637BDB0602D12046FFF771
:1071B000E7FD2046E4E700BFC02D0020E02D0020C1
:1071C0001447002008B50648064A0749121A02F07B
:1071D000A5FCBDE80840054A0549064802F09EBCEA
:1071E000C004002048060020A4B9000000000000F0
:1071F0009CB90000C0040020034B1B680BB9FDF7CD
:10720000F9B90020704700BFEC2D002030B570B1F7
:107210000B4B5B6898420AD0036843B1D3E9042161
:10722000D0E90445121941EB0501C3E90421D0E975
:10723000003213605A600023C0E9003330BD00BF44
:107240003006002010B50E4B1C689C4204D1FFF79D
:10725000D3FF6FF0004010BDFFF7CEFF002CF8D039
:10726000D4E904321B1A62EBE072B3F1004F72F101
:107270000001EEDA002AACBF18460020EBE700BFA1
:1072800030060020B3F1FF3F08BFB2F1FF3FF8B571
:1072900004461D4616465ED08160EFF31187202319
:1072A00083F31288BFF36F8F013275F1FF3324DA55
:1072B0002E49D1E900206FF001039B1A4FF0FF32F5
:1072C00062EB00009E1B60EB0500012E70F10003D5
:1072D00001DA01260020C4E90460254ED6F800C07A
:1072E0007568B44508BF4FF0000CBCF1000F0DD11C
:1072F000C4E900652C6074601CE0FFF77DFF013677
:1073000045F10005361845EBE070E4E7DCE90420C0
:10731000D4E90431934271EB000E1DDAD21ADCF885
:10732000043060EB0100CCE90420C4E900C31C6018
:10733000CCF804403368B34209D09C4207D10D4BCE
:107340001C6824B9FFF77EFF2146FDF725F987F376
:107350001188BFF36F8FF8BD9B1A61EB0001AC453C
:10736000C4E90431C4D0DCF800C0BEE70008002046
:1073700030060020EC2D00202DE9F84FEFF3118CA2
:10738000202383F31288BFF36F8FDFF8B0A0DFF8FC
:10739000B0902C4FC9F80000DAF8000000245045E6
:1073A00008BF00200025D7E90021D9F80030E046C9
:1073B00078B3D0E9046C4FEAE37EB3427EEB0C0B6A
:1073C00005DAF61A6CEB0E04C0E9046421E0B21889
:1073D00041EBE671C0E90445C7E90021FFF716FF5C
:1073E00088F31188BFF36F8F83689847EFF3118894
:1073F000202383F31288BFF36F8FD9F80030DAF8B7
:1074000000009B1B5045C446C9F80030CBD1D7E9DA
:1074100000219A1841EBE3730024C7E90023C9F85F
:107420000040FFF70FFF2146FDF7B6F888F31188FB
:10743000BFF36F8FBDE8F84FFFF794BE3006002012
:10744000EC2D00200008002010B5EFF3118420235C
:1074500083F31288BFF36F8FFFF7CEFE054A034612
:10746000D2E90001181841EBE37184F31188BFF3EE
:107470006F8F10BD000800207047012303FA01F14F
:1074800003691B68194203D022B183681B6903E0BA
:10749000002AFAD08368DB6818470020704730B5AF
:1074A00083688B4285B0044615460ED96368C06870
:1074B000194401AA00F023FE28B96268019B9B1AB7
:1074C0002B60029B6B6005B030BD6FF02100FAE7C6
:1074D0002DE9F7430E4617469946044628B94FF062
:1074E000FF38404603B0BDE8F0830029F7D0002AFA
:1074F000F5D0CB680D891D4404230DEB030229460A
:10750000384600F03EFB80460028E8D1BDF8041064
:10751000738946F60812914225D1BDF806109942AA
:10752000DDD104230DEB03022944384600F029FB8A
:107530000028D4D1BDF8042046F607139A42CED1D4
:10754000C4E900679DF82830A4F80890A3727389F5
:10755000BDF806202B44E360738913442B440435A3
:1075600063612561BDE7002BE4D0B8E72DE9F34165
:107570000E4617461D46044620B94FF0FF3002B0B4
:10758000BDE8F0810368002BF7D04368002BF4D0EE
:107590004FF6FF78D4E904239A4216D223685B8918
:1075A00023B1E368934204BF0433236104232169B8
:1075B00060680DEB030200F0E4FA0028DDD1A37A45
:1075C0002BB1D4E903329A4201D30120D7E72389B2
:1075D000BDF80610434501F1040203D0BDF804C014
:1075E0009C450BD115B1BDF804302B8023690433C1
:1075F00033603980236913442361C0E7236913444E
:107600002361C7E748B103683BB143682BB1C06849
:10761000884294BF0020012070474FF0FF30704730
:1076200000F06ABB4FF4C06358433030704710B568
:10763000044600F0E8FAA3684FF4C062303B02FB56
:10764000103010BD70B50D46044600F04AFF2A46C2
:10765000A0F1080104232046BDE8704000F091BA73
:1076600013B50446019100F03CFF0423A0F108018A
:107670000DEB0302204600F077FF02B010BD70B59D
:1076800013460E461546002102460446F9F754FCFF
:1076900050B92B4604F12C0201212046F9F74CFC8D
:1076A00010B1002E08BF002070BD73B50446002045
:1076B0000D461646F8F734FF6946C0B2FAF7BAFA33
:1076C00030BB2C2303FB05440098E36825891D4447
:1076D00004230DEB0302294600F053FAC0B9BDF8AC
:1076E00004206489009846F608139A4215D1BDF823
:1076F00006309C420CD104230DEB0302611900F00B
:1077000040FA28B9BDF8042046F607139A4207D07C
:10771000009800F035FA02B070BD002CF2D0F7E707
:10772000BDF80610214429443160F1E737B504461D
:10773000426A4FF4007501A903200195FAF7A2FAF5
:1077400058B9019B226DA36201A901200195FAF7A6
:1077500099FA054628B1092500E00125284603B01D
:1077600030BD019B206A636500F04DFAE065F5E7E6
:107770000123036003F1012343600023C0E90233C6
:1077800070474379012B07D10368012B04D100799D
:10779000431E584258417047002070477FB5064647
:1077A0000D46032001A9FAF745FA38BB0198FFF707
:1077B0003EFFF16D0446284600F0D1F804440198DC
:1077C00000F021FA0646019800F024FA082201464A
:1077D0000DEB020000F0ABFA2B798DF80830214652
:1077E0000198334602AA00F0E1F9041E019818BF7F
:1077F000012400F0C5F9204604B070BD0124FAE769
:1078000000F0E9B92DE9F8430E4600210746084685
:10781000F8F786FE012104460020F8F781FE337850
:107820009C4221D0984221D101252C2303FB0575D0
:10783000F86DAC6AFFF7F6FE013C07464FF0000812
:107840006B6A03EBC40253F83410D2F804901B683F
:107850004A46C91A3046C844FFF7D2FFB84504F17A
:10786000FF34EDD3BDE8F8830025DEE70120F9E71A
:1078700037B515460C460120694600F0B8FEE97997
:10788000012903D00022204600F0C5FE9DF80330F8
:10789000012B02D1204600F09DFEA9682046FFF78B
:1078A000DFFE2046FCF7E6FE002003B030BD73B5D6
:1078B0000D460646F9F748FC0446E86058B302282E
:1078C0002ED101A90320FAF7B5F958BB01982A4631
:1078D0003146F9F797FB0446D0B9019800F001FE54
:1078E000012301460DF10302019800F04AF9044614
:1078F000A0B9019801220DF1030100F006FE10B1BC
:1079000001238DF803309DF8033003F00F03EB7172
:10791000019800F035F9204602B070BD0124F7E768
:107920000724F8E70124F6E738B5436A0446C06D3A
:107930005D68FFF777FE0246A06A002301382B44FA
:107940009A4201D90138FAE738BD436A00205A68E3
:10795000034613448B4200F10100FAD3704710B57F
:1079600043790279012B14BF4B02002302F1FF324D
:1079700001FB0233026814BF4C000C46013A04FBC1
:10798000023010BD002070470FB407B504A951F8AC
:10799000040B0191F9F70AFE03B05DF804EB04B0A3
:1079A0007047044608B5084611461A46A047FFF737
:1079B0007DFBFAF787FC038B13F0070305D10368FF
:1079C000002B0CBF002003207047022B05D1408BF9
:1079D000B0FA80F0400980007047012B05D10368A0
:1079E000002B0CBF0020052070470020704710B509
:1079F0000C4600B111B96FF0150010BD081D00F064
:107A000093F80028F9D1A368032BF6D9F3E72DE901
:107A1000F0410D4607461946281D90461E4600F0C7
:107A200094F8044638B13346424629463846A446BF
:107A3000BDE8F0416047BDE8F08110B4EFF311827A
:107A4000202484F31288BFF36F8F416110BC0121A1
:107A5000F9F7DCBF38B50C46054658B151B10B6893
:107A600043B14B6833B11C22002100F060F92C6156
:107A7000002038BD6FF01500FBE770B505460E46D7
:107A8000FFF7B5FF041E14DBEFF31182202383F30D
:107A90001288BFF36F8F6B8B2C8B4FF6FF718B426D
:107AA00004F0070407D182F31188BFF36F8F6FF0E2
:107AB0000A04204670BD022C0CD101336B8382F383
:107AC0001188BFF36F8F0023224631462846FFF707
:107AD0009EFFEEE7062C14D8DFE804F0041313131E
:107AE000041A0400002333606B683BB9C5E90066E3
:107AF000ACB902212846F9F789FFDAE71E606E600B
:107B0000F6E782F31188BFF36F8F6FF00404D0E7BC
:107B100082F31188BFF36F8F6FF08504C9E782F39A
:107B20001188BFF36F8FC4E7034658B1426802F073
:107B30000302012A03D0032A04D1026812B10020F3
:107B4000986070476FF0150070474268816002F0DE
:107B50000302032A4FF0000203460CBF00681046E0
:107B60005A60704770470FB407B504A951F8040B69
:107B70000191F9F71BFD03B05DF804EB04B0704709
:107B80007047002930B4044618460BDBA56808444A
:107B9000A84207D8E0686468214484682468A44641
:107BA00030BC60476FF0150030BC7047002930B41E
:107BB000044618460BDBA5680844A84207D8E068CD
:107BC0006468214484686468A44630BC60476FF0F0
:107BD000150030BC70470029034610B410460BDB7B
:107BE0009C680844A04207D8D8685B681944836839
:107BF0009B682BB110BC18476FF0150010BC704784
:107C00006FF05700FAE708B5C0688368DB689847EB
:107C1000006808BD08B5C0688368DB68984740798C
:107C200008BD70B54C680368A34201D2012070BD45
:107C30008A682244934201D30020F8E7D1E9032562
:107C40004E69B54203D36FF00B038B61F4E71B1B46
:107C500042F835304368086902EBC00253600B6993
:107C600001330B61E2E701460068FAF74DB808B549
:107C7000FAF782F8BDE80840FAF782B8002101203F
:107C8000FAF742B861B662B680F31188BFF36F8F1E
:107C9000704772B6002383F31188BFF36F8FBFF371
:107CA0004F8F30BF62B6BFF36F8F704772B600233D
:107CB00083F31188BFF36F8FBFF34F8F20BF80F323
:107CC0001188BFF36F8F62B67047202809D9B0F1D1
:107CD000004F08D80138B0FA80F0C0F11F00400012
:107CE0007047082070473E207047034600201A5C0A
:107CF00002B970470130FAE710B55AB1013984185A
:107D000010F8012B11F8013FA04201D09A42F7D0A0
:107D1000D01A10BD1046FCE710B5431E0A4491422C
:107D200000D110BD11F8014B03F8014FF7E7C9B2BC
:107D300002440346934200D1704703F8011BF9E760
:107D40004FF0FF3070470369C9B20C2201FB0233C8
:107D5000186C00F00700704770B5C9B20369EFF303
:107D60001185202484F31288BFF36F8F0C2606FB45
:107D70000134246C14F0C00408D0A24206D085F36C
:107D80001188BFF36F8F4FF0FF3070BD71430B440C
:107D900001221A6485F31188BFF36F8F43680B4487
:107DA0005B6898470020F0E78022FFF7D5BFF8B561
:107DB000069F0469C9B2EFF31186202585F3128866
:107DC000BFF36F8F0C2569430C44256C05F0070C3D
:107DD000BCF1010F0BD1276486F31188BFF36F8FBD
:107DE000C4E90E2343685B5898470020F8BD05F0AE
:107DF000C005AF4286F31188BFF36F8F0CBF6FF0E1
:107E000077004FF0FF30F1E713B580240094FFF7BF
:107E1000CEFF02B010BD10B40069CBB21C2403FB2E
:107E20000400002110BC10470020FDF7ADBC00206D
:107E300001F0F0BC1046FEF715BE036920330B605D
:107E4000012313607047FEF70DBE4FF0FF324FF075
:107E5000FF33FEF72BBEF0B58BB044680769119E67
:107E6000CDF818D0002000908DF804000120079074
:107E700010988DF80010D107CDE9080602F08005B2
:107E80000DD512F0040F1BBA1ED00493042204A9CE
:107E90000DF10100FFF740FF079B04330793002E0D
:107EA00006AB0CBF01220222CDE903230293214637
:107EB0000223059351F8040BA5B183681C680023C5
:107EC00002AAA0470BB0F0BD3A7C0493D307DDD4DF
:107ED00003220DF111010DF10100FFF71DFF079BBA
:107EE0000333DBE783681C6804ABE9E773B5002361
:107EF0000D1E466818BF0421CDE9003308BF0621D6
:107F000080220446FFF7A7FF737EDB0609D540B940
:107F10003DB9CDE900000346802298212046FFF7B5
:107F20009AFF02B070BD1FB5012301930DF10F033D
:107F3000009300231A460521FFF78DFF08B99DF82D
:107F40000F0005B05DF804FB2DE9FF41064615461C
:107F50001C4601270DF10F080023CDE900871A46C2
:107F600005213046FFF777FF40B99DF80F30DB075A
:107F700004D528462146FFF77BF8EDE704B0BDE8BD
:107F8000F0812DE9F74F054600690E1E1F46B0F837
:107F90001A80C36991464EDBF2199A424BD8FFF71B
:107FA00054FF00212846FFF7A1FF0446C0BB8246CC
:107FB0002FB901212846FFF799FF044634E0B84560
:107FC000C34628BFBB4606EB0B0396FBF8F2013B0A
:107FD000B3FBF8F393421CBF08FB1262A8EB020B41
:107FE000CDE900AA0023802206212846FFF733FFAF
:107FF0000446A8B9CDE9009B3346812202212846D8
:10800000FFF729FF044658B9012200232846FFF74D
:108010009BFFA7EB0B07D9445E4404460028C7D05A
:1080200001212846FFF762FF2869FFF70CFF204671
:1080300003B0BDE8F08F6FF01504F8E7F7B505461B
:1080400000690C1E1E461746C36913DBA2199A422B
:1080500010D8FFF7FAFE2346CDE90076012203216E
:108060002846FFF7F8FE04462869FFF7ECFE204695
:1080700003B0F0BD6FF01504F9E738B505460C46BE
:1080800001F05EFC002D07DBA84205D9401B8442AD
:108090008CBF0020012038BD0020FCE7F7B51C464E
:1080A0001646002382682360A36013690D4601AA67
:1080B00069469847019B5A1E01921BB96FF0150043
:1080C00003B0F0BD0098A26847682168676085B971
:1080D000B31AD0F800C0634528BF63461A4403FBB7
:1080E00007112160A26002689A4206D80830009009
:1080F000E0E76B1AB3FBF7F3EBE70020E0E713468A
:108100000022FFF7CBBF2DE9F047836886B01B69DB
:108110008846914601A902AA98470024A24625460E
:10812000029BAB4202D806B0BDE8F087019F07EB87
:10813000C50700267B6804933A68B2420AEB06033F
:1081400002D801359A46EBE703940593494603A804
:10815000C0470028E7D0049B01361C44ECE74B1EC7
:108160005B0800EB8300C907C36958BF1B0CC3F34E
:10817000072113F0FF031DBF0020117053706FF033
:108180001500704743685B68D3F810350B6000201A
:10819000704743685B6802EA010021EA0201C3F804
:1081A0000805C3F80C150020704743685B68002081
:1081B000C3F80815704743685B680020C3F80C15C6
:1081C000704743685A68D2F8043521EA03000B402F
:1081D000C2F80805C2F80C350020704710B50369D5
:1081E0005868F8B1884219D19C6808685860A14263
:1081F00000D19860002008602AB15A680A609A6825
:10820000596002B99960002010E0814206D10868E7
:10821000206098688142EDD19C60EBE704460068DD
:108220000028F2D1002AE8D16FF0150010BD30B55A
:1082300043681360057A446804EBC504A34202D383
:108240006FF0010030BD5C798C4201D00833F0E75B
:108250000020F7E743681B68D3F88004C3F8800464
:10826000704742681368D3F8100150B1126A0020B9
:1082700012780A70C3F81001D3F8102101221A6095
:1082800070474FF0FF30704702680346D2F858013C
:1082900040B95B68DB0706D4D2F82001003818BF6C
:1082A000012070470120704743681B68D3F80423FE
:1082B000D20517D5D3F82021A2B1EFF311822021E6
:1082C00081F31288BFF36F8FD3F8201131B10021F1
:1082D000C3F82011D3F820110121D96082F311884D
:1082E000BFF36F8FD3F8583170470022012104206B
:1082F000FAF790B8002201212F20FAF78BB810B5B9
:108300000B6813B91360184605E003685C681CB17C
:1083100014600368186810BD083303600B68013BE4
:108320000B60EDE713B501AA0446FFF780FF0028B4
:1083300005DB019B226819791868FBF7F7F902B091
:1083400010BD03460A4600681979012303FA01F1BA
:1083500003691B68194218BF82F0010212B18368D9
:10836000DB68184783681B69FBE710B504460068A3
:10837000D0B18368C3B149B101210830FFF7E1FFF3
:1083800023681869BDE8104001F096BB12B98388D4
:10839000DB0409D4006901F08FFB20680021BDE8EF
:1083A00010400830FFF7CDBF10BD10B501220021ED
:1083B0000446FFF7DAFFA36933B9636004F11000E4
:1083C000BDE81040FEF74EBB10BD10B50069036854
:1083D0008B4206D190F85C4034B9FFF7E6FF2046A7
:1083E00010BD6FF01500FBE76FF00F00F8E7F8B570
:1083F0000C46054601F0A1FA002221460646284611
:10840000FDF702FD03212046FBF794FE00F023F860
:1084100007462B689B5953B100262146284601F098
:108420008AFA20460121FBF785FE3046F8BD00F0B0
:1084300012F8C01B0628ECD96FF07306EDE700F1C7
:1084400050039B009BB203F1804303F58833002265
:108450001A601B68704708B5FBF732FF08BD73B59B
:10846000054601A80C461646FCF7E6F870BB4FF02F
:1084700080531969B5FBF1F201FB125242BB196935
:10848000B4FBF1F201FB124212BB1A695B69534360
:10849000A3421DD3E4B1019B1B0103F1804101F50F
:1084A000F031C1F80058C1F80448C1F80868D1F8A3
:1084B000002895420FD1D1F8042894420BD1D1F86D
:1084C0000838DBB2B34218BF6FF00D0002B070BDC8
:1084D0006FF01500FAE76FF00D00F7E70222FFF7E3
:1084E000BEBF8068183820F0070010387047042895
:1084F00009D0052803D1481E18BF01207047431A30
:108500005842584170470120704738B515460C460F
:1085100061B15AB1FFF77EFB2544214611F8013BBA
:10852000834203D1A942F9D1012038BD0020FCE7E4
:1085300038B50C460123114622460546FFF721FBBC
:1085400000280FDB012221462846FFF7DEFF38B95D
:108550002378012B14BF022301232370002038BD90
:108560000323FAE70120FAE72DE9F7431D46064603
:108570000F469046FFF747FB6C1E04444042044000
:10858000082C1AD83046FFF745FB2A46814641465B
:108590006846FFF7C1FB621B49460DEB0500FFF77C
:1085A000C6FB23466A4639463046FFF7FFFA0038D5
:1085B00018BF012003B0BDE8F0834FF0FF30F9E7AA
:1085C00007B501238DF8042001AAFFF7CDFF03B002
:1085D0005DF804FB81681839012221F00701FFF7DB
:1085E000EFBF8268183A22F00702FFF7A1BF13B568
:1085F0000C46C0B201A9F9F71DFB50B921460198FC
:10860000FCF758F804460198FFF7BAFA204602B082
:1086100010BD0124FAE713B541EA021104468DF8B2
:108620000710FFF75EFF012301460DF10702204608
:10863000FFF79AFF02B010BD8168183921F00701D9
:1086400001220839FFF7BCBF70B504680D1B002D6F
:1086500002DC6FF05F0070BD94F900602378002E9B
:108660000ADB631C0360237813600368C91A13686C
:108670008B42EED80020EEE703F07F035C1E032C54
:1086800013D89D42E5DD00241460046801340460C1
:1086900004681568247844EA052414600468013BE2
:1086A00004F101040460F3D1DFE76FF06300D2E767
:1086B00070B404680E1B002E07DD26789E4208D198
:1086C0000134046070BCFFF7BFBF6FF05F0070BC87
:1086D00070476FF06100FAE773B50223154601AAEF
:1086E0000446FFF7E5FF40B9019E2168324628465F
:1086F00000F0A6FB23683344236002B070BD01394B
:10870000002901DA0020704750F82130002BF6D004
:10871000B3FA83F00131C0EB4110704739B101F178
:108720008041013900EB81018142034600D270474C
:108730001B680A681BBA12BA40F8042B41F80439C6
:10874000F2E72DE9F0411C4613F0030318BF0123A3
:1087500003EB94038B4206460D46904613D879B13D
:108760008F003A460021FFF7E2FA2CB1381B22466F
:1087700041463044FFF7D0FA29463046FFF7CEFF96
:108780000020BDE8F0816FF00700FAE7B3EB810F3E
:1087900070B504464FEA8105104619D95A1B861850
:1087A0000021FFF7C4FA30462B46C21800218B4245
:1087B00010D1002070BD22F0030102F003066158C1
:1087C000F600F140C9B281B90132AA42F3D1ECE717
:1087D0001A46FAE721F0030001F003052058ED00E6
:1087E000E84002F8010D0131E1E76FF00700E1E731
:1087F00053098B42F0B402F01F0401D809D124B10F
:108800008A00F0BC0021FFF792BA1F2A03D8F0BCFF
:1088100070471F2A0AD900EB8302051F00EB81066F
:10882000B24216D1CB1A00228B4217D3002CEED0C5
:1088300000EB81010022C4F120068142E7D051F80B
:10884000045C25FA04F3134341F8043D05FA06F2EB
:10885000F3E752F8047B45F8047FE1E740F8232072
:108860000133E1E71F2AF0B54FEA521402F01F0569
:1088700012D96FF0030606FB04060B469C4203F177
:10888000FF3212D3631A8C4288BF00230B4400EBE3
:108890008303002283420ED135B100EB8400002215
:1088A000C5F120078C4209D3F0BD56F8223040F8BC
:1088B00022301346E2E743F8042DEBE7066806FA98
:1088C00005F3134340F8043B013426FA07F2E9E7C5
:1088D000F0B50024844620469C4200D1F0BD51F8FA
:1088E000245052F824702E182CBF01250025BF19E2
:1088F0004CF8247045F100000134EDE7F0B5002498
:10890000064620469C4200D1F0BD51F824C052F8E2
:108910002470ACEB0005AF4294BF4FF0000E4FF057
:10892000010EED1B46F8245084452CBF70460EF115
:1089300001000134E6E78B422DE9F04728BF0B46E2
:108940009646DE08089A0446C91A03F007087546D9
:108950000346B44600200CF1FF3CBCF1FF3F03F19D
:10896000200305F1200511D104EB46140EEB461649
:108970004FEA880C06EB880E2546764540F081804C
:108980006444013980F08B80BDE8F08755F8207C85
:10899000A2FB079710EB090953F8200C47F10007D9
:1089A00010EB090043F8200C55F81C0C47F10007A8
:1089B000A2FB00093F1853F81C0C49F10009C0192B
:1089C00043F81C0C55F8180C49F10009A2FB0007EC
:1089D00019EB000953F8180C47F1000710EB0900D8
:1089E00043F8180C55F8140C47F10007A2FB0009D6
:1089F0003F1853F8140C49F10009C01943F8140C3E
:108A000055F8100C49F10009A2FB000719EB000909
:108A100053F8100C47F1000710EB090043F8100C55
:108A200055F80C0C47F10007A2FB00093F1853F85A
:108A30000C0C49F10009C01943F80C0C55F8080C4E
:108A400049F10009A2FB000719EB000953F8080CD3
:108A500047F1000710EB090043F8080C55F8040C27
:108A600047F10007A2FB000A17EB000953F8047C4A
:108A70004AF1000017EB090740F1000043F8047CBD
:108A800069E756F8043BA2FB0337C318286847F18F
:108A90000007C31845F8043B47F100006DE7236861
:108AA0001B1844F8043B2CBF0120002069E7016833
:108AB000881C400000F008000844032300FB01F27A
:108AC000C2F10202013B02FB00F0F7D140427047C5
:108AD0002DE9F04F87B091460493109B0293DDE996
:108AE0001183139D05934FEAC80283468A460432D8
:108AF00000212846FFF71BF908F102032E46002447
:108B00000393444515D105EB84012346029A51F89D
:108B100024505846FFF7F2FE6840FBF7A1FEA6007E
:108B20000A4600235946109607B0BDE8F04FFCF7FF
:108B300033B95AF82430D9F80020376803990093E4
:108B400002FB0377059A049B574330464A46FFF7DA
:108B5000F2FE3046DDE9022100974346FFF7EBFEC7
:108B600004360134CDE738B50D460121044600F046
:108B700031F988B9E9882046890100F07DF958B9B2
:108B80002A462146204600F02FFB28B9E9882046D6
:108B9000BDE8384000F0B8B838BD4901502934BFAD
:108BA00001220322012393400333584301307047CD
:108BB00010B586B00B9C04940A9C03940024029484
:108BC000099C0194089C0094FBF76EFE06B010BD52
:108BD00010B586B00B9C04940A9C03944FF02A3481
:108BE0000294099C0194089C0094FBF75DFE06B07A
:108BF00010BD30B50546104600229A4200D130BD66
:108C000051F82240241A45F8224034BF01200020A8
:108C10000132F2E7034600EB810100208B4201D1D3
:108C2000FBF71EBE53F8042B1043F7E71FB5089C53
:108C30000394069C0092CDE90134079AFFF748FFA0
:108C400004B010BD30B587B01C460B9D03950A9D3E
:108C500000920123CDE9014505AA0593FFF738FFEE
:108C600007B030BD00220123C0E90023704710B5D2
:108C7000044648B1006818B1E188890000F0DDFBC6
:108C800000220123C4E9002310BD42F2107399426F
:108C900070B504460D4602D96FF00F0070BDC38851
:108CA0008B4201D30020F9E704212846FCF760FA43
:108CB00006460028F0D0216841B1E2889200FFF713
:108CC0002BF8E1882068890000F0B7FBE58026607A
:108CD000E8E738B504460D4619B9FFF7C8FF00208C
:108CE00038BDC2888A4207D1006892000021FFF790
:108CF0001EF80123A380F2E7FFF7B9FF29462046BB
:108D0000BDE83840FFF7C1BF42F21073994270B519
:108D10000A46054602D96FF00F0070BDC3888B422A
:108D200007D8BDE87040FFF7B0BF296851F823109D
:108D300011B9013B002BF8D15C1C944238BF14469A
:108D400004212046FCF714FA06460028E3D02968DF
:108D500039B1A200FEF7E0FFE9882868890000F039
:108D60006CFBEC802E600020D7E7884270B505468A
:108D70000E4609D0C988C28841B92AB1012383802F
:108D800092000068FEF7D3FF002070BD4C1E8CB926
:108D90000134B6F90430AB80A24212D221462846F3
:108DA000FFF773FF0028F0D131682868A200FEF7B2
:108DB000B3FFE9E7336853F82430002BE8D1013CD6
:108DC000E5E72868121B9200002100EB8400FEF703
:108DD000AEFFE9E770B50C4601210546FFF755FFE8
:108DE000064688B9EA88014692002868FEF79FFF88
:108DF00084EAE472A2EBE472E40FC4EBC4342B689F
:108E0000640001341A60AC80304670BDC388B1EB99
:108E1000431F3FBF03684A0901F01F0153F82200B6
:108E20003ABFC84000F0010000207047C1880068C8
:108E3000FFF765BC08B5FFF7F9FF0730C00808BDAC
:108E400070B50E4612F0030118BF012101EB92012B
:108E500005461446FFF73DFF38B9E98828682346E0
:108E60003246BDE87040FFF76CBC70BD13460A4641
:108E7000C1880068FFF78ABC38B504460D46FFF785
:108E8000D5FFE3882844B0EB431F06D82068E1886B
:108E90002A46FFF7E7FC002038BD10F01F0118BF7D
:108EA000012101EB50112046FFF7EFFE0028EDD025
:108EB000F2E708B50A46C18811B10068FFF798FCCF
:108EC000002008BD10B5C38823B9CA885AB9ABB110
:108ED000012017E0026802EB830252F8042C002AFA
:108EE000F3D1013BF0E70C6804EB820454F8044C26
:108EF0000CB9013AEAE79342EAD80FD3013B5A1C76
:108F000001D1002010BD026852F823400A6852F8CF
:108F100023209442DCD803F1FF33F0D24FF0FF302E
:108F2000F0E730B5C38823B9CA885AB9002B3DD1C0
:108F300036E0026802EB830252F8042C002AF3D1D7
:108F4000013BF0E70C6804EB820555F8045C4DBB6F
:108F5000013AEAE7B1F9045003D2B1F90400404202
:108F600026E0B0F90420002A03DD002D0CDA0120F0
:108F70001EE0002D08DD3AB14FF0FF3018E003F19C
:108F8000FF330BD2504213E0013B016851F82350EC
:108F900054F823108D42F2D9104609E0591CF4D13F
:108FA000002005E0002BD8D09342D3D9B0F90400BB
:108FB00030BD1FB581EAE173A3EBE173C90FC1EBCB
:108FC000C1314900019301310123ADF80C10ADF816
:108FD0000E3002A901AB0293FFF7A3FF05B05DF8C5
:108FE00004FB90422DE9F04105460F46144602D09D
:108FF000884206D127460123AB80FC883CB900207B
:1090000003E0FFF7B2FE0028F4D0BDE8F0813B6832
:1090100003EB84034FEA840853F8043C0BB9013C8A
:10902000ECE721462846FFF730FE0028EDD12E68F8
:109030003A68234631463046FFF74AFC06EB080300
:109040000746002FDBD0EA88A24204F1010608D8C7
:1090500031462846FFF719FE0028D6D12B6803EBCE
:1090600084031A68D21943F8042B2CBF0127002768
:109070003446E6E72DE9F041D48805460E46904691
:109080003CB9F188A1420ED26FF009073846BDE81D
:10909000F081D8F8003003EB840353F8043C002B34
:1090A000EFD1013CECE72846FFF7EFFD074600282B
:1090B000ECD1F28894420BD2AE4209D031682868D4
:1090C000121B920001EB840100EB8400FEF724FEEA
:1090D000EA88F088824207D92B68121A9200002190
:1090E00003EB8000FEF723FED8F8002031682868E3
:1090F0002346FFF703FC024610B90123AB80C5E706
:109100002968EB8801EB84011B1B0846FFF771FD02
:109110000028F2D0B8E72DE9F843B1F90440B2F8DD
:1091200004C01CFB04FC6646734381460D4617468B
:109130001CD511462846FFF7C5FEB0F100080DDB2F
:109140003A4629464846FFF795FF98B9B8F1000F0F
:1091500008BF0124A9F8044000200BE02A46484635
:10916000FFF788FF30B9644224B2F3E7FFF739FF15
:109170000028EFD0BDE8F8830123FFF7CCBF4FF004
:10918000FF33FFF7C8BF2DE9F341CF880546884676
:1091900016463FB1D8F8003003EB870353F8043C80
:1091A0003BB146B90021284602B0BDE8F041FFF7C7
:1091B00011BE013FEDE7791C2846FFF766FD044626
:1091C00070B941462846FFF7D0FD044640B9013E3C
:1091D0000096D8F80020E98828683B46FFF7ABFBEB
:1091E000204602B0BDE8F08170B504460D46104639
:1091F00000211646FFF7DDFE002824DB2A46334611
:1092000021460020FBF72EFC054638B1284670BDEC
:10921000324621462046FFF7AFFF90B90021204695
:10922000FFF7C7FE0028F3DB31462046FFF779FE43
:109230000028EBDB324621462046FFF7A0FF00283E
:10924000F2D00546E2E76FF00905DFE72DE9F04FC0
:1092500089B0DDE9125806468B4628460021914622
:109260000593FFF7A6FE002805DC6FF003042046F7
:1092700009B0BDE8F08F2B681B68D907F5D5002130
:109280004846FFF796FE0028EFDB4846FFF7CEFD85
:10929000B0F5006FE9D82846FFF7C8FDB0F5006FBC
:1092A000E3D8B9F8061031B90121304609B0BDE85C
:1092B000F04FFFF78FBDE888FFF76FFC042182466F
:1092C000FBF756FF0746002800F0AA800022012382
:1092D000CDE906234FEA8A0AB8F1000F0DD12946DD
:1092E00006A8FFF740FC044600B35146384600F09C
:1092F000A4F806A8FFF7BBFCB9E7D8F80030002BAC
:109300006ED106AB18462946FFF72DFC06AB044686
:1093100040B15146384600F090F8D8F80030002BA4
:10932000A5D1E6E793E8030088E8030059463046F4
:10933000FFF71BFD0446002867D10123B3802946AF
:109340003046FFF7EEFD002857DAE9883046FFF790
:109350009CFC0446002858D12868FFF7A8FB069B10
:109360000090029701933168EB882A6804900846C0
:10937000FFF75CFC059B0698B9F806203168B3F14D
:109380002A3FEB880192CDE90207D9F8002000922C
:109390002A68084641D1FFF71BFC049B0197009304
:1093A0003168EB882A680846FFF74CFCBBF904B02B
:1093B000BBF1FF3F29D1D9F800301B68DB0724D56A
:1093C000F1883068FFF726FC01225946FBF73CFB89
:1093D0003246B08029463046FFF7CEFE044614E000
:1093E000E9884046FFF751FC0446002891D198E8EF
:1093F000030008AB03E9030098E72A4631463046EC
:10940000FFF7F2FE044600289FD05146384600F090
:1094100014F8B8F1000F80D16BE7FFF7C9FBBCE788
:109420006FF00F0423E713B5049CCDE900344FF02F
:109430002A33FFF70BFF02B010BD10B5044608B188
:10944000FBF78AFE2046BDE81040FBF797BE0020E0
:109450007047704770472DE9F8430446DDE9087608
:10946000914698460D4651B9B9F1000F10D1B8F1A7
:10947000000F15D1E7B91EBB55BB002006E0083030
:10948000FFF773FC0028EFD0A0F58140BDE8F8831A
:10949000494604F12000FFF768FC0028E7D0F3E715
:1094A000414604F12800FFF760FC0028E2D0EBE71A
:1094B000394604F11800FFF758FC0028DBD0E3E739
:1094C000314604F11000FFF750FC0028D4D0DBE750
:1094D00004F10800FFF7AEFC6060CEE710B578221B
:1094E00000210446FEF723FC0023C4E91C3310BD11
:1094F0004068704710B50446A0B36030FFF7B7FB73
:1095000004F16800FFF7B3FB04F14800FFF7AFFB7D
:1095100004F11800FFF7ABFB04F12800FFF7A7FBED
:1095200004F12000FFF7A3FB04F11000FFF79FFBFD
:1095300004F10800FFF79BFB04F15800FFF797FBCD
:1095400004F15000FFF793FB04F14000FFF78FFB9D
:1095500004F13800FFF78BFB04F13000BDE8104048
:10956000FFF785BB10BD00BA70476C220021FEF7E3
:10957000DEBB10B16C21FBF7EFBD70472DE9F04168
:1095800005460E4614467AB3036C03F03F079B185A
:10959000036422BF436C013343645FB3C7F14008E7
:1095A00042451CD342463844FEF7B6FB29462846BE
:1095B000FBF738FFC8B92744A7F140043F2C4644C5
:1095C0000BD90027F1192846FBF72CFF78B9403753
:1095D000E31B3F2BF6D83E441C462CB10027224605
:1095E0003146E819FEF798FB0020BDE8F0814FF006
:1095F000FF30FAE73F2AE4D8F1E773B5036C03F0D4
:109600003F035A1C0D46382A4FF08001C1540446CE
:10961000104400F28480C2F138020021FEF787FB7B
:10962000D4E91060730F43EAC000FFF79CFF0422E7
:109630000DEB0201019004F13800FEF76DFBF00024
:10964000FFF791FF04220DEB0201019004F13C00B1
:10965000FEF762FB21462046FBF7E4FE06460028A3
:1096600057D1A06CFFF77FFF04220DEB02010190A0
:109670002846FEF751FBE06CFFF775FF04220DEB67
:1096800002010190A818FEF747FB206DFFF76BFF62
:1096900004220DEB0201019005F10800FEF73CFBEE
:1096A000606DFFF760FF04220DEB0201019005F1F0
:1096B0000C00FEF731FBA06DFFF755FF04220DEB08
:1096C0000201019005F11000FEF726FBE06DFFF7A7
:1096D0004AFF04220DEB0201019005F11400FEF790
:1096E0001BFB206EFFF73FFF042201900DEB0201F0
:1096F00005F11800FEF710FBA36E53B9606EFFF77B
:1097000032FF042201900DEB020105F11C00FEF76F
:1097100003FB2046FFF72DFF304602B070BDC2F1BB
:1097200040020021FEF703FB21462046FBF77AFEAC
:1097300006460028EDD10146382220466EE700207B
:109740007047004700F0B8B9C00000F1804000F554
:10975000F830C0F81015C0F814257047FCF7C4BCE9
:10976000F7B5044618B1012824D003B0F0BD4FF07E
:1097700080430222C3F808230122DA60C3F80401FF
:10978000D3F80431064601238DF8073042F21075F4
:109790004FF08047DCB1012CE7D1D7F80C3403F44B
:1097A00080338EBB002BE0D00120FFF7CBFF013DC3
:1097B000F3D1DAE74FF080430022C3F80803586082
:1097C000C3F80021D3F800310DF10706DBE7D7F825
:1097D000183403F480333EB9002BC6D00120FFF7C4
:1097E000B1FF013DF3D1C0E7D7F8182402F003021E
:1097F0003260002BB9D09DF807000128B5D1FFF7E2
:10980000A1FF013DC6D1B0E7D7F80C2402F0010258
:109810003270EEE7FFF7A4BFF7B5019001A8DDE9CC
:10982000084716461D46FCF735F8019BB6F1000CBB
:1098300018BF4FF0010C00EB83000B1E18BF012373
:10984000002D43EA4C0314BF4FF00C0C4FF0000CFA
:10985000002C43EA0C0314BF4FF4E06C4FF0000CF3
:10986000002F43EA0C03D0F8002714BF4FF4403C0C
:109870004FF0000C43EA0C0322EA030301B109781C
:109880000EB13678760019430DB12D78AD00314315
:109890000CB12478240229430FB13F783F040C43D4
:1098A0003C43C0F8004703B0F0BD1FB50DF10F03F6
:1098B000019300238DF80F1000931A461946FFF705
:1098C000ABFF05B05DF804FB08B50146FCF734F8C2
:1098D00040B10846FCF718F800B2800000F580702F
:1098E00080B208BD4FF4BE70FBE738B505460846A8
:1098F0000C46FCF721F8B0B10846FCF711F890B916
:109900000846FCF701F82A6801238340C2F80833AF
:109910002A6803B202EB8303D3F8102522F0030276
:10992000C3F8102538BD20460021BDE83840FFF7B8
:10993000BCBFFCF787B8FFF7D8BF0846FFF7C4BF26
:109940004FF080531A695869504370474FF0805365
:10995000186970474FF080535869704770B5A2F589
:109960008074A408012606FA04F4054614EA0100EE
:1099700008D0A85830B10021A950AA581A6822432B
:109980001A60304670BD2DE9F341002304460D46B0
:109990000193904601AB4FF4A672FFF7DFFF4FF43F
:1099A000827229462046FFF7D9FF4FF48C72074692
:1099B00029462046FFF7D2FF064630B1B8F1000F26
:1099C0001DD017B1D4F83C353E4601AB4FF4887238
:1099D00029462046FFF7C2FF30B1B8F1000F03D08F
:1099E00016B90FB1D4F83C3501AB4FF4907229464B
:1099F0002046FFF7B3FF019802B0BDE8F08146466C
:109A0000E3E707B5019001A8FCF774FB019A012375
:109A10009340C0F8083503B05DF804FB07B501902A
:109A200001A8FCF767FB019A01239340C0F80C35AD
:109A300003B05DF804FB012370B504460D46436195
:109A40006426002202212046FFF79DFF20B9012055
:109A5000FFF778FE013EF4D100236B77C4F80035A0
:109A600070BD70B501F10C020C4640210546FFF7B0
:109A70008AFFC8B1206A421C04D0A37F9B0710D57F
:109A8000FFF7CCFF637F1BB121462846FFF7D3FFCA
:109A9000002320462372616850F8083BBDE87040FF
:109AA0001847FFF7AEFFEDE770BDFCF723BE08B522
:109AB000FFF7FBFF002008BD08B1F8F7F7BE7047BD
:109AC000704740B1C368587810F001001EBF187885
:109AD000B0FA80F040097047EFF31183202383F33D
:109AE0001288BFF36F8FFEE710B5D0E9003433B9A9
:109AF0000020E268537843F00103537010BD204604
:109B000098470028F4D00028B8BF4042E368FF28F7
:109B1000A8BFFF201870ECE7FEF709B9FEF7FCB804
:109B2000704708B52024EFF3118384F31288BFF344
:109B30006F8FFEF7AEF8F6E73AB18A4205D3C0E977
:109B40000212C0E90000002070476FF01500704756
:109B5000EFF30580003818BF0120704700207047E0
:109B6000FDF786B9D0E9003213605A600023C0E9DE
:109B70000033704708B5FFF7F5FF437B23F002037E
:109B800043730023836008BD38B504460D46FDF7D6
:109B90003DF8637B43F002036373E5B1A5602B6876
:109BA0009D4209D16B68C4E900531C606C6012E0EF
:109BB0006A689A42F6D01B68002BF3D094F90E2005
:109BC00093F90E108A42F3D09142F1DD5A68C4E94C
:109BD000003214605C6038BD10B5EFF311842023AF
:109BE00083F31288BFF36F8FFDF728F884F3118891
:109BF000BFF36F8F10BD10B50446183000F077F832
:109C0000EFF31181202383F31288BFF36F8F627B00
:109C100012F0100204D081F31188BFF36F8F10BDD2
:109C20002046BDE81040FDF73DB838B50446EFF3D7
:109C30001185202383F31288BFF36F8F437B13F0CA
:109C4000280F0BD183680BB1FFF794FF637B51B9E9
:109C500003F0FB0363732046FCF7F0FF85F31188E4
:109C6000BFF36F8F38BD03F0EB03F3E70121183822
:109C7000FFF7DBBF38B5EFF31185202383F312889C
:109C8000BFF36F8F0468A0420DD034B12046FFF7B8
:109C900071FF04F1180000F02AF885F31188BFF372
:109CA0006F8F204638BD0024F7E7EFF311812022A3
:109CB00082F31288BFF36F8F027BD2070CD581F33A
:109CC0001188BFF36F8F002383F31188BFF36F8F69
:109CD0000423184602DF7047437B1B0704D581F33A
:109CE0001188BFF36F8F70470122FCF7DBBF10B5FF
:109CF000EFF31184202282F31288BFF36F8F036881
:109D00003BB1FDF783FA002084F31188BFF36F8F16
:109D100010BD6FF01500F7E708B5FDF795FB08BD1E
:109D20001464FF7F010000009D2800000000000077
:109D300069290000909D0000AF9A0000000000001B
:109D4000ED340000B89D0000ED340000A49D00003B
:109D500051390000CC9D0000ED2B000000000000F8
:109D600035440000000000003F97000000000000A4
:109D7000693A0000F49D00007D320000E09D000083
:109D8000693A0000089E00006D2D00001C9E000036
:109D90008CB00000ECA0000004A1000038060020F8
:109DA000902C0020D1B3000074A10000A4A10000F9
:109DB0003E060020242D0020DFB300008CA100000F
:109DC000A4A1000040060020302D002019B400009E
:109DD000C8A1000010A20000420600203C2D002077
:109DE000ADB300000000000058A100003C060020B8
:109DF00000000000FCB600001CA2000004A300004C
:109E000044060020D404002009B7000090A20000FE
:109E100004A30000460600203C05002030B30000EB
:109E200020A100003CA100003A060020E42C002004
:109E30003158000043970000000000007D7C0000C6
:109E4000CC9D0000A9820000000000007D7C000085
:109E5000D566000043970000000000007D7C0000F4
:109E6000B95E000043970000000000007D7C000008
:109E7000000000007D7C0000000000007D7C0000F0
:109E8000000000007D7C0000000000007D7C0000E0
:109E9000000000007D7C0000000000007D7C0000D0
:109EA000000000007D7C0000000000007D7C0000C0
:109EB000000000007D7C000000000000C5440000A0
:109EC000000000007D7C0000000000007D7C0000A0
:109ED000000000007D7C0000000000007D7C000090
:109EE000000000007D7C0000000000007D7C000080
:109EF000000000007D7C0000000000007D7C000070
:109F0000000000007D7C0000000000007D7C00005F
:109F1000000000007D7C0000000000007D7C00004F
:109F2000000000007D7C0000000000007D7C00003F
:109F3000000000007D7C0000000000007D7C00002F
:109F4000000000007D7C0000000000007D7C00001F
:109F5000000000007D7C0000000000007D7C00000F
:109F6000000000007D7C0000000000007D7C0000FF
:109F7000000000007D7C0000000000007D7C0000EF
:109F8000000000007D7C0000000000007D7C0000DF
:109F9000000000007D7C0000000000007D7C0000CF
:109FA000000000007D7C0000E56600004397000093
:109FB0003FAA000004000000A7B000000400000059
:109FC00060AA000004000000C7B300000400000005
:109FD0004CA500000300000089AF00000400000051
:109FE00009B900000400000071B000000400000086
:109FF0003CB300000400000016B70000040000009D
:08A0000027B400000400000079
:10A010000338FDD870470000030000000100000075
:10A020000100000031A900003CA000000300000076
:10A030000100000003000000010000000E0100000C
:10A0400007000000000000000000000000C0000049
:10A05000E09D00000100000000000000004007003B
:10A060001C9E00000200000000C000000002000072
:10A07000E09D00000300000000C000000040070059
:10A08000E09D00000400000000C20000003E070048
:10A09000E09D00000500000000C20000003E070037
:10A0A000E09D0000060000000040070000C0F8002E
:10A0B0001C9E0000C00400200000000000000B06F1
:10A0C00002000000C8A000000000000062B0000014
:10A0D00024000202000000206AB0000020000B11E2
:10A0E000F1280000C128000000000000792A0000CB
:10A0F000352900009BB00000297E00002F7E000063
:10A10000A1B00000C1290000A97D0000097E000067
:10A1100000000000477D000000000000000000007B
:10A12000089E000000127A0000010000B89D0000A7
:10A130000800010000000000000000003D80000059
:10A14000837F0000452C00003D2C00003B7E00007A
:10A150000100000000FF000045320000293300002C
:10A16000A53200003D3200002D3200000400000046
:10A1700000FF0000FF03000000030050000000008B
:10A18000010000000060004000000000FFFFFFFF32
:10A1900000000050000000000000000000600040CF
:10A1A00000000000813500008581000093810000DF
:10A1B000AB810000B7810000C3810000ED330000D7
:10A1C000DD810000000000000020004001000000D0
:10A1D00000000000ECA100000000D601000000001B
:10A1E00000000000F2460020F14600200020004060
:10A1F000F8A100000100000000A20000040000001F
:10A200000A0000000500000209060001070600031D
:10A21000638200009D3800005582000000F002407B
:10A22000010000000048E8010000000000000000FC
:10A2300000000000FFFFFFFF0000FF000000000023
:10A2400000000000FFFFFFFF02000001010000000E
:10A25000F5820000FFFF000068A20000FFFFFFFF83
:10A26000000000000000000000F0024074A20000A6
:10A27000010000007CA200000300000017000004A1
:10A280001600000615000005B89D0000140001002E
:10A29000004000400000000000127A0000000000B2
:10A2A0000000000000000000FFFFFFFF0000FF00B3
:10A2B0000000000000000000FFFFFFFF00000001A1
:10A2C00001000000EB820000FFFF0000DCA20000A4
:10A2D000FFFFFFFF00000000000000000040004002
:10A2E000E8A2000001000000F0A20000030000004E
:10A2F000280000040C0000050B000006B89D0000BB
:10A3000008000100393D0000CB830000030000007D
:10A3100001000000982F8A4291443771CFFBC0B5ED
:10A32000A5DBB5E95BC25639F111F159A4823F9220
:10A33000D55E1CAB98AA07D8015B8312BE85312479
:10A34000C37D0C55745DBE72FEB1DE80A706DC9B3A
:10A3500074F19BC1C1699BE48647BEEFC69DC10FE6
:10A36000CCA10C246F2CE92DAA84744ADCA9B05C22
:10A37000DA88F97652513E986DC631A8C82703B0E5
:10A38000C77F59BFF30BE0C64791A7D55163CA06F3
:10A3900067292914850AB72738211B2EFC6D2C4DFF
:10A3A000130D385354730A65BB0A6A762EC9C281ED
:10A3B000852C7292A1E8BFA24B661AA8708B4BC283
:10A3C000A3516CC719E892D1240699D685350EF4AD
:10A3D00070A06A1016C1A419086C371E4C77482764
:10A3E000B5BCB034B30C1C394AAAD84E4FCA9C5BDA
:10A3F000F36F2E68EE828F746F63A5781478C8842B
:10A400000802C78CFAFFBE90EB6C50A4F7A3F9BE0C
:10A41000F27871C6BAB80000C8B80000DCB8000015
:10A42000EBB80000F7B80000289D0000289D000050
:10A43000609D0000689D0000909D0000909D0000C0
:10A440000100020010001100120020002100220073
:10A45000230024003000310032003300FFFF77C2B8
:10A4600095F360D2EF7F3552500F2CB6798025637B
:10A470003A205374617274696E6720626F6F746CF6
:10A480006F616465720A0025633A20556E61626CE3
:10A490006520746F2066696E6420626F6F746162FC
:10A4A0006C6520696D6167650A0025633A20426F1B
:10A4B0006F746C6F6164657220636861696E6C6F44
:10A4C00061642061646472657373206F666673658E
:10A4D000743A20307825780A0025633A204A756D51
:10A4E00070696E6720746F20746865206669727386
:10A4F0007420696D61676520736C6F740A00256351
:10A500003A2050726F74656374206D6375626F6F6B
:10A510007420666C617368206661696C65642C20C8
:10A5200063616E63656C20737461727475702E0A5A
:10A530000025633A204E657665722073686F756CEE
:10A54000642067657420686572650A006D637562D2
:10A550006F6F740025633A204469646E2774206627
:10A56000696E64204C454420646576696365207299
:10A570006566657272656420627920746865204C36
:10A580004544305F4E4F44450A0A0025633A20692E
:10A590006E76616C696420666C6173682049442042
:10A5A00025643B2065787065637465642025640AC2
:10A5B00000000000000000000025633A20556E6195
:10A5C000626C6520746F2064657465726D696E6578
:10A5D00020666C61736820736563746F72206F66A8
:10A5E0002074686520696D61676520747261696CAB
:10A5F00065720A007072696D617279007365636FCC
:10A600006E646172790025633A20496D6167652047
:10A61000696E2074686520257320736C6F742069DF
:10A6200073206E6F742076616C6964210A00256363
:10A630003A2025642073746174757320777269748D
:10A6400065206661696C7320706572666F726D69F2
:10A650006E672074686520737761700A0025633A1D
:10A66000204661696C656420746F206F70656E2090
:10A67000666C6173682061726561204944202564BD
:10A680002028696D61676520256420736C6F7420D4
:10A690002564293A2025642C2063616E6E6F742036
:10A6A000636F6E74696E75650A0025633A204661B2
:10A6B000696C65642072656164696E6720736563A7
:10A6C000746F72733B20424F4F545F4D41585F4946
:10A6D0004D475F534543544F52533D2564202D2031
:10A6E000746F6F20736D616C6C3F0A0025633A20B4
:10A6F0004661696C65642072656164696E67206992
:10A700006D61676520686561646572733B20496DA2
:10A710006167653D25750A0025633A204661696CCD
:10A7200065642072656164696E6720626F6F742072
:10A730007374617475733B20496D6167653D257560
:10A740000A0025633A2070616E6963210A0025635F
:10A750003A20446574656374656420696E636F6E46
:10A7600073697374656E7420737461747573210AF0
:10A770000025633A2043616E6E6F742075706772B6
:10A780006164653A206E6F74206120636F6D706143
:10A790007469626C6520616D6F756E74206F6620E0
:10A7A000736563746F72730A0025633A2043616EA8
:10A7B0006E6F7420757067726164653A206D6F7298
:10A7C0006520736563746F7273207468616E2061B5
:10A7D0006C6C6F7765640A0025633A2043616E6E86
:10A7E0006F7420757067726164653A206E6F7420B3
:10A7F00073616D6520736563746F72206C61796F2E
:10A8000075740A0062616400676F6F6400756E732F
:10A810006574005072696D61727920696D61676558
:10A820000025633A2025733A206D616769633D25F1
:10A83000732C20737761705F747970653D30782573
:10A84000782C20636F70795F646F6E653D3078257A
:10A85000782C20696D6167655F6F6B3D3078257876
:10A860000A005365636F6E6461727920696D616778
:10A87000650025633A20426F6F7420736F757263B1
:10A88000653A207072696D61727920736C6F740A19
:10A890000025633A20426F6F7420736F7572636591
:10A8A0003A206E6F6E650A0025633A205374617218
:10A8B00074696E672073776170207573696E6720A5
:10A8C0006D6F766520616C676F726974686D2E0AB2
:10A8D0000025633A204E6F7420656E6F756768209F
:10A8E0006672656520737061636520746F20727590
:10A8F0006E207377617020757067726164650A00FD
:10A9000025633A207265717569726564202564203B
:10A91000627974657320627574206F6E6C7920257E
:10A92000642061726520617661696C61626C650AA0
:10A93000003082010A0282010100D106081A18447F
:10A940002C18E8FBFDF70DA34F1FBBEE5EF9AAD252
:10A950004B18D35AE96D188019F9F09C341BCBF3CE
:10A96000BC74DB42E78C7F10537E435E0D572C4452
:10A97000D167080F0DBB5CEEECB399DFE04D840BA3
:10A98000AA774160ED152849A701B43C10E6698C0F
:10A990002F5FAC414D9E5C14DFF2F8CF3D1E6FE798
:10A9A0005BBAB4A9C8887E473C94C37767544BAA66
:10A9B0008D3835CA62617EB7E115DB7773D4BE7B13
:10A9C0007221896924FBF8656E643EC80ED785D56F
:10A9D0005C4AE4530D2FFFB7FDF31339833FA3AE59
:10A9E000D20FA76A9DF9FEB8CEFA2ABEAFB8E0FA38
:10A9F000823754F43EE12BD0D3085818F65E4CC889
:10AA0000888131AD5FB08217F28A692723F3AB8763
:10AA10003E931A1DFEE8F81A246659F81CABDCCEEA
:10AA2000681B666435ECFA0D119DAF5C3AA7D167DF
:10AA3000C647EFB14B2C62E1D1C9020301000163AB
:10AA4000627072696E74665F7061636B61676500E6
:10AA50002D002B00307800305800286E696C2900DA
:10AA6000666C617368002A2A2A20426F6F74696ECF
:10AA700067204D4355626F6F742076322E312E3031
:10AA80002D6465762D31326535656531303630336C
:10AA900034202A2A2A0A002A2A2A205573696E6736
:10AAA000206E524620436F6E6E6563742053444B94
:10AAB0002076322E392E302D373738376232363401
:10AAC00039383430202A2A2A0A002A2A2A205573A3
:10AAD000696E67205A6570687972204F532076330B
:10AAE0002E372E39392D3166386633646332393169
:10AAF0003432202A2A2A0A0025633A2072302F6134
:10AB0000313A2020307825303878202072312F617A
:10AB1000323A2020307825303878202072322F6168
:10AB2000333A20203078253038780A0025633A20DF
:10AB300072332F61343A20203078253038782072F3
:10AB400031322F69703A20203078253038782072E1
:10AB500031342F6C723A20203078253038780A0052
:10AB600025633A2020787073723A2020307825309F
:10AB700038780A0025633A204661756C74696E67FF
:10AB800020696E737472756374696F6E206164649A
:10AB90007265737320287231352F7063293A203023
:10ABA00078253038780A0025633A20556E68616E42
:10ABB000646C6564204952516E3A2025640A002570
:10ABC000633A202A2A2A2A2A204D505520464155E8
:10ABD0004C54202A2A2A2A2A0A0025633A202020B7
:10ABE000537461636B696E67206572726F7220289F
:10ABF000636F6E746578742061726561206D69673A
:10AC00006874206265206E6F742076616C696429B7
:10AC10000A0025633A202020556E737461636B69C6
:10AC20006E67206572726F720A0025633A202020D9
:10AC300044617461204163636573732056696F6C6E
:10AC40006174696F6E0A0025633A2020204D4D46DD
:10AC5000415220416464726573733A2030782578DC
:10AC60000A0025633A202020496E7374727563745C
:10AC7000696F6E204163636573732056696F6C6101
:10AC800074696F6E0A0025633A202020466C6F615C
:10AC900074696E672D706F696E74206C617A7920AB
:10ACA000737461746520707265736572766174691E
:10ACB0006F6E206572726F720A0025633A202A2A2D
:10ACC0002A2A2A205553414745204641554C5420B5
:10ACD0002A2A2A2A2A0A0025633A20202044697653
:10ACE0006973696F6E206279207A65726F0A002538
:10ACF000633A202020556E616C69676E6564206D33
:10AD0000656D6F7279206163636573730A002563F3
:10AD10003A2020204E6F20636F70726F63657373EB
:10AD20006F7220696E737472756374696F6E730AE3
:10AD30000025633A202020496C6C6567616C206CAB
:10AD40006F6164206F66204558435F5245545552E9
:10AD50004E20696E746F2050430A0025633A20200C
:10AD600020496C6C6567616C20757365206F662087
:10AD700074686520455053520A0025633A2020200C
:10AD8000417474656D707420746F206578656375A7
:10AD9000746520756E646566696E656420696E739E
:10ADA0007472756374696F6E0A0025633A202A2AEB
:10ADB0002A2A2A20425553204641554C54202A2AFB
:10ADC0002A2A2A0A0025633A202020537461636BE3
:10ADD000696E67206572726F720A0025633A2020DF
:10ADE00020507265636973652064617461206275C7
:10ADF00073206572726F720A0025633A2020204228
:10AE000046415220416464726573733A203078255C
:10AE1000780A0025633A202020496D7072656369C5
:10AE20007365206461746120627573206572726F4E
:10AE3000720A0025633A202020496E73747275638C
:10AE400074696F6E20627573206572726F720A008A
:10AE500052657365727665642045786365707469C0
:10AE60006F6E20280053707572696F757320696E5C
:10AE700074657272757074202849525120002563E0
:10AE80003A20535053454C20696E207468726561B6
:10AE900064206D6F646520646F6573206E6F74202D
:10AEA000696E646963617465205053500A002563BC
:10AEB0003A202A2A2A2A2A2048415244204641552B
:10AEC0004C54202A2A2A2A2A0A0025633A202020C4
:10AED000427573206661756C74206F6E20766563B1
:10AEE000746F72207461626C6520726561640A001F
:10AEF00025633A2020204465627567206576656E7B
:10AF0000740A0025633A2020204661756C74206520
:10AF10007363616C6174696F6E202873656520626C
:10AF2000656C6F77290A0025633A20415243485FD8
:10AF300045584345505420776974682072656173A1
:10AF40006F6E2025780A0A0025633A202A2A2A2AC9
:10AF50002A204465627567206D6F6E69746F722078
:10AF6000657863657074696F6E202A2A2A2A2A0A16
:10AF70000025633A202A2A2A2A2A202573202564BC
:10AF800029202A2A2A2A2A0A006D70750025633A88
:10AF9000205B25645D203078253038782030782596
:10AFA0003038780A0025633A204661696C65642070
:10AFB000746F20616C6C6F63617465206E657720BF
:10AFC0004D505520726567696F6E2025750A0A001D
:10AFD00025633A2050726F6772616D204D50552085
:10AFE000726567696F6E20617420696E6465782090
:10AFF000307825780A0025633A20506172746974AC
:10B00000696F6E2025753A2073616E6974792063CB
:10B010006865636B206661696C65642E0A00256350
:10B020003A20436F6E666967757265204D505520F2
:10B03000726567696F6E20617420696E646578203F
:10B04000307825780A0025633A20746F74616C208B
:10B05000726567696F6E20636F756E743A20256440
:10B060000A00464C4153485F30005352414D5F3017
:10B0700000736F630025633A2025733A20436C6F99
:10B08000636B20737461727465640A00636C6F6330
:10B090006B403430303030303030006866636C6B79
:10B0A000006C66636C6B00636C6F636B5F636F6EE9
:10B0B00074726F6C0025633A2043616E27742065BB
:10B0C0007261736520257A75206174203078256C53
:10B0D000780A0025633A2057616974696E672075A4
:10B0E0006E74696C20666C61736820697320726588
:10B0F0006164790A0025633A204661696C656420C1
:10B10000746F207761697420756E74696C20666C49
:10B1100061736820697320726561647920282564F1
:10B12000290A0025633A204A4544454320494420E2
:10B1300072656164206661696C65643A2025640A01
:10B140000025633A20425020636C6561722066617D
:10B15000696C65643A2025640A0A0025633A205325
:10B160004644502072656164206661696C65643A8A
:10B170002025640A0025633A2053464450206D611F
:10B18000676963202530387820696E76616C696460
:10B190000A0025633A2025733A205346445020760E
:10B1A0002025752E2575204150202578207769743B
:10B1B000682025752050480A0025633A205048250C
:10B1C000753A2025303478207265762025752E2535
:10B1D000753A20257520445720402025780A0025FF
:10B1E000633A2025733A202575202563694279202A
:10B1F000666C6173680A0025633A20457261736565
:10B20000202575207769746820253032780A00255A
:10B21000633A20506167652073697A65202575203F
:10B2200062797465730A0025633A20436865636B2D
:10B23000696E6720656E7465722D34627974652D50
:10B240006164647220253032780A0025633A205503
:10B250006E61626C6520746F20656E746572203457
:10B260002D62797465206D6F64653A2025640A0A41
:10B270000025633A205346445020424650206661E0
:10B28000696C65643A2025640A0025633A206C6184
:10B29000796F75742070616765202575206E6F74F5
:10B2A00020636F6D70617469626C65207769746882
:10B2B0002065726173652073697A652025750A00BF
:10B2C00025633A206C61796F757420706167652021
:10B2D00025752077617374657320737061636520D1
:10B2E00077697468206465766963652073697A6537
:10B2F00020257A750A0025633A206C61796F757490
:10B300002025752078202575204279207061676599
:10B31000730A0025633A206C61796F757420736538
:10B32000747570206661696C65643A2025640A0052
:10B33000733235666C3132386C4030007370695F3F
:10B340006E6F720025633A20696E76616C696420C5
:10B35000616464726573733A2030782530386C7894
:10B360003A257A750A0025633A20756E616C696723
:10B370006E656420616464726573733A2030782569
:10B3800030386C783A257A750A0025633A206E6F5A
:10B390007420776F72642D616C69676E65643A2002
:10B3A00030782530386C783A257A750A00666C61F9
:10B3B00073682D636F6E74726F6C6C65724034309D
:10B3C00030316530303000666C6173685F6E726674
:10B3D000006770696F40353030303033303000678F
:10B3E00070696F403530303030303030000001024D
:10B3F000030405060725633A204661696C656420ED
:10B40000746F20616C6C6F636174652050504920CB
:10B410004368616E6E656C0A007561727440343009
:10B4200030303230303000756172745F6E72667821
:10B430005F75617274650025633A204661696C65C9
:10B440006420746F20616C6C6F6361746520475079
:10B45000494F5445206368616E6E656C20666F725B
:10B460002057414B450A0025633A204661696C65C7
:10B470006420746F20636F6E66696775726520570C
:10B48000414B452070696E0A0025633A20435320E2
:10B490004750494F20706F72742025732070696E79
:10B4A000202564206973206E6F7420726561647951
:10B4B0000A0025633A205472616E73616374696F88
:10B4C0006E2066696E6973686564207769746820A8
:10B4D0007374617475732025640A0025633A2055DE
:10B4E0007064617465206578636565647320637555
:10B4F0007272656E74206275666665720A002563F5
:10B500003A207478206275662F6C656E2025702F46
:10B51000257A750A0025633A207278206275662FB5
:10B520006C656E2025702F257A750A0025633A20F8
:10B5300048616C662D6475706C6578206E6F742040
:10B54000737570706F727465640A0025633A2053D6
:10B550006C617665206D6F6465206973206E6F7411
:10B5600020737570706F72746564206F6E20257320
:10B570000A0025633A204C6F6F706261636B206D27
:10B580006F6465206973206E6F7420737570706FBF
:10B59000727465640A0025633A20576F72642073E1
:10B5A000697A6573206F74686572207468616E20B3
:10B5B00038206269747320617265206E6F74207325
:10B5C0007570706F727465640A0025633A20467264
:10B5D000657175656E63696573206C6F7765722040
:10B5E0007468616E20313235206B487A2061726553
:10B5F000206E6F7420737570706F727465640A00CA
:10B6000025633A204661696C656420746F20696E19
:10B61000697469616C697A65206E726678206472FB
:10B62000697665723A20253038780A0025633A2019
:10B6300057616974696E6720666F722057414B4588
:10B640002061636B6E6F776C6564676D656E7420E7
:10B6500074696D6564206F75740A0025633A2074FF
:10B66000785F62756673202570202D2072785F6286
:10B67000756673202570202D2025750A0025633AF4
:10B680002063757272656E745F747820257020284F
:10B69000257A75292C2063757272656E745F7278D5
:10B6A0002025702028257A75292C20747820627531
:10B6B000662F6C656E2025702F257A752C20727888
:10B6C000206275662F6C656E2025702F257A750AAD
:10B6D0000025633A2054696D656F75742077616940
:10B6E00074696E6720666F72207472616E7366652E
:10B6F0007220636F6D706C6574650A0073706940C9
:10B70000343030326630303000737069403430305D
:10B710003034303030007370695F6E7266785F73FA
:10B7200070696D007065726D0074657374004255C8
:10B73000473B2063616E27742068617070656E00FE
:10B740007265766572740025633A205365636F6E87
:10B750006461727920696D616765206F6620696D2B
:10B760006167652070616972202825642E2920692F
:10B770007320756E726561636861626C652E20541A
:10B780007265617420697420617320656D707479CD
:10B790000A0025633A20496D61676520696E64651A
:10B7A000783A2025642C2053776170207479706575
:10B7B0003A2025730A0025633A20496D61676520A8
:10B7C000696E6465783A2025642C20537761702077
:10B7D000747970653A206E6F6E650A000401040387
:10B7E0000402040104010403010303040104092009
:10B7F00040081C4000202A2A2A2A2A2A2A2A2A2AE1
:10B800002A2A2A2A00015465726D696E616C000053
:10B810000000000000545452205245474745530051
:10B8200025633A2048616C74696E6720737973747C
:10B83000656D0A00556E6B6E6F776E206572726F64
:10B840007200756E6B6E6F776E0025633A203E3E18
:10B850003E205A455048595220464154414C2045BB
:10B8600052524F522025643A202573206F6E204398
:10B8700050552025640A0025633A204661756C7492
:10B8800020647572696E6720696E74657272757076
:10B89000742068616E646C696E670A0A0025633AF9
:10B8A0002043757272656E74207468726561643AC3
:10B8B00020257020282573290A00435055206578DB
:10B8C00063657074696F6E00556E68616E646C6557
:10B8D0006420696E7465727275707400537461636C
:10B8E0006B206F766572666C6F77004B65726E6564
:10B8F0006C206F6F7073004B65726E656C207061A9
:10B900006E6963006D61696E006F730025633A2094
:10B91000737461636B20257020666F722074687287
:10B920006561642025703A206F626A5F73697A6589
:10B930003D257A75206275665F73746172743D256A
:10B940007020206275665F73697A6520257A75209C
:10B95000737461636B5F7074723D25700A002563B8
:10B960003A207363686564756C657220756E6C6FE0
:10B97000636B6564202825703A2564290A002563D5
:10B980003A2074687265616420257020666F7220A9
:0CB99000256C75207469636B730A00005D
:10B9A40001000000FFFFFFFF8579000044A00000B4
:10B9B400417D0000000000000000000088A200009B
:10B9C40001000000E4040020E40400200000000062
:10B9D40001000000F4040020F40400200000000032
:10B9E4000100000000000000000000000000000052
:10B9F4000000000000000000000000000000000043
:10BA04000000000000000000F49D000000000000A1
:10BA140000000000FB460020F34600200000000068
:10BA240000000000FCA20000010000004C05002002
:10BA34004C05002000000000010000005C0500200F
:10BA44005C05002000000000010000000000000070
:10BA540000000000000000000000000000000000E2
:10BA640000000000000000000000000000000000D2
:10BA7400089E000000000000000000000B470020AA
:10BA8400034700202F7D00005394000055940000CC
:10BA94004F940000000000000000000000000000BF
:10BAA4000000000000000000000000000000000092
:10BAB4000000000000000000000000000000000082
:10BAC4000000000000000000000000000000000072
:10BAD4000000000000000000000000000000000062
:10BAE4000000000000000000000000000000000052
:10BAF400000000000000000008000000FF0000003B
:10BB0400000000000300000000000000FFFF0F0021
:10BB14003006002030060020000000000000000075
:0CBB2400000000000000000015E015E02B
:10C000003DB8F39600000000000200006CA900009B
:10C010000000000000000000000000000000000020
:10C02000FFFFFFFFFFFFFFFFFFFFFFFFFFFFFFFF20
:10C03000FFFFFFFFFFFFFFFFFFFFFFFFFFFFFFFF10
:10C04000FFFFFFFFFFFFFFFFFFFFFFFFFFFFFFFF00
:10C05000FFFFFFFFFFFFFFFFFFFFFFFFFFFFFFFFF0
:10C06000FFFFFFFFFFFFFFFFFFFFFFFFFFFFFFFFE0
:10C07000FFFFFFFFFFFFFFFFFFFFFFFFFFFFFFFFD0
:10C08000FFFFFFFFFFFFFFFFFFFFFFFFFFFFFFFFC0
:10C09000FFFFFFFFFFFFFFFFFFFFFFFFFFFFFFFFB0
:10C0A000FFFFFFFFFFFFFFFFFFFFFFFFFFFFFFFFA0
:10C0B000FFFFFFFFFFFFFFFFFFFFFFFFFFFFFFFF90
:10C0C000FFFFFFFFFFFFFFFFFFFFFFFFFFFFFFFF80
:10C0D000FFFFFFFFFFFFFFFFFFFFFFFFFFFFFFFF70
:10C0E000FFFFFFFFFFFFFFFFFFFFFFFFFFFFFFFF60
:10C0F000FFFFFFFFFFFFFFFFFFFFFFFFFFFFFFFF50
:10C10000FFFFFFFFFFFFFFFFFFFFFFFFFFFFFFFF3F
:10C11000FFFFFFFFFFFFFFFFFFFFFFFFFFFFFFFF2F
:10C12000FFFFFFFFFFFFFFFFFFFFFFFFFFFFFFFF1F
:10C13000FFFFFFFFFFFFFFFFFFFFFFFFFFFFFFFF0F
:10C14000FFFFFFFFFFFFFFFFFFFFFFFFFFFFFFFFFF
:10C15000FFFFFFFFFFFFFFFFFFFFFFFFFFFFFFFFEF
:10C16000FFFFFFFFFFFFFFFFFFFFFFFFFFFFFFFFDF
:10C17000FFFFFFFFFFFFFFFFFFFFFFFFFFFFFFFFCF
:10C18000FFFFFFFFFFFFFFFFFFFFFFFFFFFFFFFFBF
:10C19000FFFFFFFFFFFFFFFFFFFFFFFFFFFFFFFFAF
:10C1A000FFFFFFFFFFFFFFFFFFFFFFFFFFFFFFFF9F
:10C1B000FFFFFFFFFFFFFFFFFFFFFFFFFFFFFFFF8F
:10C1C000FFFFFFFFFFFFFFFFFFFFFFFFFFFFFFFF7F
:10C1D000FFFFFFFFFFFFFFFFFFFFFFFFFFFFFFFF6F
:10C1E000FFFFFFFFFFFFFFFFFFFFFFFFFFFFFFFF5F
:10C1F000FFFFFFFFFFFFFFFFFFFFFFFFFFFFFFFF4F
:10C20000802400202DD00000B337010019D0000099
:10C2100019D0000019D0000019D000000000000063
:10C2200000000000000000000000000005D2000037
:10C2300019D0000000000000D1D1000019D000008A
:10C24000B9D30000B9D30000B9D30000B9D30000BE
:10C25000B9D30000B9D30000B9D30000B9D30000AE
:10C26000B9D30000B9D30000B9D30000B9D300009E
:10C27000B9D30000B9D30000B9D30000B9D300008E
:10C28000B9D30000B9D30000B9D30000B9D300007E
:10C29000B9D30000B9D30000B9D30000B9D300006E
:10C2A000B9D30000B9D30000B9D30000B9D300005E
:10C2B000B9D30000B9D30000B9D30000B9D300004E
:10C2C000B9D30000B9D30000B9D30000B9D300003E
:10C2D000B9D30000B9D30000B9D30000B9D300002E
:10C2E000B9D30000B9D30000B9D30000B9D300001E
:10C2F000B9D30000B9D30000B9D30000B9D300000E
:10C3000053B94AB9002908BF00281CBF4FF0FF31BC
:10C310004FF0FF3000F00CB8ADF1080C6DE904CE21
:10C3200000F008F8DDF804E0DDE9022304B070470E
:10C33000704700BF2DE9F04786468C460846089EA8
:10C34000154674461946002B40F0C2808542B2FA69
:10C3500082F245D94AB1C2F1200300FA02FC2EFA5A
:10C3600003F3954043EA0C0C94404FEA154EA8B2F3
:10C37000BCFBFEF8230C0EFB18CC08FB00F943EACB
:10C380000C43994528D9EB1808F1FF3704D2994599
:10C3900002D9A8F102072B44A3EB0903A4B2B3FB13
:10C3A000FEFC0EFB1C330CFB00F044EA0344A042ED
:10C3B00014D92C190CF1FF3304D2A04202D9ACF1EC
:10C3C00002032C44241A43EA07401EB1D440002340
:10C3D00034607360BDE8F0874746DDE76346F1E708
:10C3E00092BB431B01214FEA154EAFB2B3FBFEFCDB
:10C3F000200C0EFB1C330CFB07F840EA0343984566
:10C4000062D9EB180CF1FF3004D2984502D9ACF197
:10C4100002002B44A3EB0803A4B2B3FBFEFC0EFB0B
:10C420001C330CFB07F744EA0344A7424ED92C19EE
:10C430000CF1FF3304D2A74202D9ACF102032C4421
:10C44000E41B43EA0040C0E7C2F1200320FA03F1F5
:10C45000954090402EFA03F303434FEA154EAFB2D6
:10C46000B1FBFEFC0EFB1C10190C0CFB07F841EA9B
:10C470000041884504FA02F422D969180CF1FF3012
:10C4800004D2884502D9ACF102002944A1EB08018D
:10C490009BB2B1FBFEFC0EFB1C110CFB07F743EA41
:10C4A00001439F420ED9EB180CF1FF3104D29F4299
:10C4B00002D9ACF102012B44DB1B41EA004192E7B7
:10C4C0006046E3E76146F7E76046A3E76346B7E700
:10C4D000834206D916B9002108467BE7C6E900E089
:10C4E000F9E7B3FA83F78FB9834201D3724508D8CD
:10C4F000BEEB020460EB030301209C461EB9002141
:10C5000068E73846FAE7C6E9004CF8E7C7F1200CBF
:10C51000BB4022FA0CF41C432EFA0CF120FA0CF367
:10C52000B84001434FEA14490EFA07F5B3FBF9F896
:10C530001FFA84FE09FB18300B0C08FB0EFA43EAC5
:10C5400000439A4502FA07F240D9E31808F1FF3098
:10C5500004D29A4502D9A8F102002344A3EB0A03AE
:10C5600089B2B3FBF9F809FB183308FB0EFE41EA68
:10C5700003418E452CD9611808F1FF3304D28E4552
:10C5800002D9A8F10203214443EA0040A0FB02982B
:10C59000A1EB0E014145CE46434602D306D14D459F
:10C5A00004D2B9EB020E68EB04030138002EA6D0CA
:10C5B000B5EB0E0261EB030101FA0CFC22FA07F362
:10C5C0004CEA0303F940C6E9003198E74046C5E765
:10C5D0004346D9E72DE9F0413A4809F057F830B918
:10C5E000394806F0BBFE4FF0FF30BDE8F081374818
:10C5F00006F0B3FB0028F3DB354806F0AEFB00285D
:10C6000001DA3448EDE7344806F0A7FB002801DAE8
:10C610003248E6E732482D4C06F0A0FE314806F0DD
:10C620009DFE03250121204606F0B1FB642006F0A3
:10C63000C2FB0021204606F0AAFB642006F0BBFBEB
:10C64000013DEFD1214E224FDFF88C800324B5FB52
:10C65000F4F404EB44042C1B012C16D0022C22D041
:10C660000121304606F093FB0021384606F08FFB8F
:10C670004046002106F08BFB1B4806F06FFE4FF48E
:10C68000FA60013506F097FBE0E70021304606F03E
:10C690007EFB2146384606F07AFB4046002106F034
:10C6A00076FB1248E9E70021304606F070FB0021D6
:10C6B000384606F06CFB4046012106F068FB0C484A
:10C6C000DBE700BF5C5F010040650100886101009D
:10C6D0008061010058650100786101007165010009
:10C6E00089650100C3650100E9650100F465010089
:10C6F00000660100014B1B68184700BFF0040020D2
:10C70000014B1860704700BFF004002030B585B0C1
:10C7100004460D4610220021684609F03DFB022325
:10C720008DF802302A46044B01932146684606F0F4
:10C73000B7F805B030BD00BFF5C6000080B50546AE
:10C740000E461746984605F067FE034609F09CFB27
:10C75000DFF81890044649F8003042463046394622
:10C76000A84754F8090000F0E1FC00BF08000000F1
:10C7700008B50446EFF31183202383F31288BFF337
:10C780006F8F03F08DFD204600F07AFC024806F022
:10C79000E5FD07F020F8FCE70B6601002DE9F0430A
:10C7A000079D15B91560002012E00324B5FBF4F4D1
:10C7B00004EB4407BD4218BF0134B4F1804F09D2E5
:10C7C000A40001348C4200D838B914606FF00B001B
:10C7D000BDE8F0834FF0FF34F7E7DFF8BCE0044634
:10C7E0000021B94203F1030C04F104062CD3A94241
:10C7F000274624D21F7801F1010CAC45264938BFE9
:10C800005B784FEAA70E28BF002311F80EE084F8EA
:10C8100000E0AC4501EB131E3CBF9B0003F03C0362
:10C820004FEA071707F0300738BFCB5C1EF80770D8
:10C83000677028BF3D23A3703D23E3703746381A45
:10C84000002310603B70AEE71CF8034C1CF8023C60
:10C850001CF8018C4FEAA40924011EF8099006F87F
:10C86000049C04F030040EEB13199B0019F80440EB
:10C8700006F8034C03F03C030EEB981408F03F0855
:10C88000E35C06F8023C1EF8083006F8013C033170
:10C8900034466346A5E700BFB46601002DE9F043C6
:10C8A000DDF81CE0DFF82C8100273C463D4675454D
:10C8B0001FD3E4BB14600020BDE8F0830136764549
:10C8C00033D013F806C0BCF1200FF7D0AEEB060949
:10C8D000B9F1010FA6EB05050DD0BCF10D0F0AD182
:10C8E00003EB060999F80190B9F10A0F6ED1751C96
:10C8F000DDE72E46E3E7BCF10A0FF8D02DB9BCF115
:10C900003D0F05D10137022F0DD96FF01500D3E788
:10C910001CF0800FF9D118F80C507F2DF5D03F2D69
:10C9200001D8002FF1D10134E1E73546C1E704F029
:10C9300007064FF0060CE4080CFB06F60CFB04F4AB
:10C940000736E41B04EBD60470B18C420CD80027E8
:10C95000DFF880E0DFF880801D44014603263C4676
:10C960009D4205D10C1AA5E714606FF00B00A3E7F8
:10C9700013F8019BA9F10A0C5FFA8CFCBCF1160FAD
:10C9800004D848FA0CFC1CF0010FE9D01EF809C0CD
:10C990000134BCF1400F08BF013E0CF03F0C042CE9
:10C9A0004CEA8717DCD17EB13C0C012E0C7002D111
:10C9B00001310024D4E7022E4FEA17244C7016BF31
:10C9C0008F7002310331F4E73446C9E7002DA2D05D
:10C9D0009BE700BF34660100F6FFBFFF2DE9F0477B
:10C9E000058B04462807904611D4022905F0070557
:10C9F00040F0CC80204606F0BEFC78B10138218B97
:10CA0000042811D8DFE800F0C2106D8595000129D7
:10CA10000CBF45F0100545F02005258388F31188EB
:10CA2000BFF36F8FBDE8F08701F0070AAA4500F059
:10CA3000A5800027B9463E46A368002B00F0BC80C5
:10CA400041F00801218388F31188BFF36F8FA1683B
:10CA5000002900F0BA800D68002900F0B680D1F8F6
:10CA60000480334652462046C047002D76D02B68BE
:10CA700029461D46F0E701F007035A1F012A1BD87B
:10CA8000002221F00701062B276889B2C4E90022A1
:10CA900009D13B4603E0628B013262831B68002BA5
:10CAA000F9D141F002012183204606F064FC002800
:10CAB0007AD041F0200176E0042B0AD121F0070161
:10CAC00089B22183204606F056FC10B141F02001C6
:10CAD0002183218B01F0070AAA454FD00027B946D0
:10CAE000AAE7236921F0070141F00601062DD3F8DA
:10CAF000009021832DD1B9F1000F3FD041F0080102
:10CB0000218388F31188BFF36F8F3A492046C847C5
:10CB100029E021F00701236941F0040189B2042DC5
:10CB2000D3F804902183E6D000273E464FF0040A54
:10CB300082E721F00701236941F0050189B2052D43
:10CB4000D3F808902183D6D000273E464FF0050A3F
:10CB500072E700273E464FF0060A6DE72B4687E74F
:10CB6000B9F1000FD1D1EFF31188202383F312889C
:10CB7000BFF36F8F238B23F008032383258BEA06F3
:10CB80002ED525F01003238305F007056669218B58
:10CB9000002EBFF670AF00232768C4E9003321F0F0
:10CBA000070141F001012183218B01F0070AAA4509
:10CBB0004FF000097FF440AF002F9CD041F00801F6
:10CBC000218388F31188BFF36F8F002FC8D03D6891
:10CBD000394633465246204606F0F9FB2F46F4E725
:10CBE000AB067FF51BAF25F02003238305F0070577
:10CBF00000E700BFFB330100014B036000207047DA
:10CC00009061010070B5114B1C680D46DCB1104BF2
:10CC1000196800238B4202DB6FF0010070BD2246D1
:10CC200012F8106B864202D001331446F2E7E06836
:10CC300010B96FF01200F1E708F028FD0028F8D0D5
:10CC40002C600020EAE76FF00C00E7E7F404002016
:10CC5000906101002DE9F3470D46DDE90A78914620
:10CC60001E46044620B96FF00D0002B0BDE8F08703
:10CC70000029F8D0002AF6D00093002301938B6896
:10CC80000846DB6898470268B6FBF2F302FB1363C1
:10CC900082462262002BE6D16A461349284607F0F5
:10CCA000F0FA019A002ADED007EB08039A42DAD3A1
:10CCB000216AB7FBF1F301FB1373002BD3D1C4E955
:10CCC0000096E5602361A3606761B8F1000F01D1B0
:10CCD000A2EB07080C9BC4F81880E3619AF80530B2
:10CCE00084F824300020C0E7F335010008B504487B
:10CCF00006F034FBBDE80840024806F02FBB00BF39
:10CD0000F46601002967010030BFFFF7FDBF00BFD7
:10CD10002DE9F0410B4EDFF8308006EB0807CC1B05
:10CD2000054632460949204609F00EF8A019424648
:10CD30000021083C09F030F82C6707F10800BDE835
:10CD4000F08100BF00000000040000005C610100F1
:10CD5000074A936893F90E10002907DB5269934242
:10CD60001FBF044A536843F080535360704700BFAD
:10CD7000F40D002000ED00E070B5264B15469A6AD0
:10CD800012F0100F9A6A14BF1124102412F0080F29
:10CD90009A6A18BF1224920706460AD5586B9A6AF7
:10CDA000140634D519B19A6A22F080029A621324CB
:10CDB00001E06FF01500174B9A6A12F0010F9A6AA2
:10CDC00018BF142412F0200F9A6A18BF1524D20637
:10CDD00002D49B6A9B070AD50E4B5B68190506D5E2
:10CDE000314600F09FFA10B180F309880224094B04
:10CDF0009A6A920642BF5A6A22F400525A629A6AAA
:10CE000042F0FF029A6200232B70204670BD6FF043
:10CE10001500CCE700ED00E0134B9A6A12F0007F9A
:10CE20009A6A14BF1E201D2012F0807F9A6A18BFD4
:10CE30001F2012F4002F9A6A18BF212012F4802FAD
:10CE40009A6A18BF222012F4003F9A6A18BF232062
:10CE500012F4803F9A6A6FEA02426FEA12429A62C3
:10CE600018BF2420704700BF00ED00E010B5194B3B
:10CE70000246986A9C6A10F4805F14BF172016203F
:10CE800014F4006F9C6A18BF1820A40509D5986B8C
:10CE9000986A000404D51AB19A6A22F400429A6290
:10CEA00019200C4B9A6A12F4806F9A6A18BF1A20E4
:10CEB000D2050CD49B6A13F4005F18BF1C20054AEE
:10CEC000936A43F47F43936200230B7010BD1B20D1
:10CED000F5E700BF00ED00E0F0B5484B5B688BB0B4
:10CEE0000446C3F30803002585F31188BFF36F8F51
:10CEF00002F07F40B0F17F4F11D102F00C00082802
:10CF00000DD010074CBF0C4601250022033B8DF8C5
:10CF10000720032B05D8DFE803F0246367602C4665
:10CF2000F3E700239DF80720CAB902AE04F12007F9
:10CF300020686168324603C20834BC421646F7D105
:10CF4000099A002D54D0C2F3080121B96FEA522288
:10CF50006FEA4222099202A9184606F020FC0BB0A3
:10CF6000F0BD264BDA6A9107DBD4DA6A002AD8DBF7
:10CF7000DA6A5200D5D55A69A16942F480725A61C1
:10CF8000BFF34F8FBFF36F8F5A6931F8021C22F441
:10CF900080725A61BFF34F8FBFF36F8F4DF60272ED
:10CFA00091420AD09A6AD2B24AB10DF10702012128
:10CFB0002046FFF7E1FE0346B4E72368B2E79A6A2A
:10CFC00012F47F4F05D00DF107010120FFF74EFF4E
:10CFD000F1E79B6AB3F5803FA3D3FFF71DFFEAE7B4
:10CFE0000DF107020021E3E70DF107010020EDE755
:10CFF00022F4FF7222F00102ACE700BF00ED00E076
:10D00000044B5A6942F010025A615A6922F0080230
:10D010005A61704700ED00E0EFF30880EFF30981FB
:10D0200001B57246FFF758FF01BD00BF002080F335
:10D030001488BFF36F8F03F02FFA00200D490860AA
:10D04000BFF34F8F0C4880F3088800F03DF8202094
:10D0500080F3118809484FF40461401880F309886F
:10D06000EFF314800221084380F31488BFF36F8F1D
:10D0700000F020F994ED00E080240020C01600208C
:10D08000BFF34F8F0549064BCA6802F4E0621343B1
:10D09000CB60BFF34F8F00BFFDE700BF00ED00E0A6
:10D0A0000400FA050749D1F890200023C2F30722B3
:10D0B0001846934200DB7047C1F89830C1F8A000D1
:10D0C0000133F6E700ED00E008B572B6002383F304
:10D0D0001388FFF7E7FF144B4FF0FF32C3F88020AF
:10D0E000C3F88420C3F88820C3F88C20C3F89020AC
:10D0F000C3F89420C3F89820C3F89C20C3F880217B
:10D10000C3F88421C3F88821C3F88C21C3F8902187
:10D11000C3F89421C3F89821C3F89C2162B6BFF3E9
:10D120004F8FBFF36F8F08BD00E100E0084B9B6895
:10D1300083420BD1EFF3058343B1064B5A6842F0AB
:10D1400080525A605A6A22F400425A6208F053BD73
:10D15000F40D002000ED00E0094A93686FF00A0129
:10D160009967084958674B6843F080534B60002328
:10D1700083F31188BFF36F8F9368986F704700BF78
:10D18000F40D002000ED00E010B50446EFF311832C
:10D19000202383F31288BFF36F8F0A4B586998607E
:10D1A000094B4FF000625A60084B026F1A60002270
:10D1B000436F426783F31188BFF36F8F00F01AF952
:10D1C000204610BDF40D002000ED00E0100A002004
:10D1D0000B498A684FF030001044EFF3098C80E867
:10D1E000F01F74467046FFF7CFFFA64604498A68D1
:10D1F00002F1300090E8F01F8CF3098870470000BE
:10D20000F40D00201EF0040F0CBFEFF30880EFF3C5
:10D210000980816911F8021C0229FFD001B506F0CE
:10D22000C4FA01BD40B2002807DB044A41090123CA
:10D2300000F01F00834042F82130704700E100E019
:10D2400040B200280CDB4309064900F01F002033E0
:10D250000122824041F82320BFF34F8FBFF36F8F2D
:10D26000704700BF00E100E0054B420900F01F00DD
:10D2700053F82220012303FA00F01040704700BF4A
:10D2800000E100E040B20028A8BF00F1604001F1D9
:10D290000101B8BF064B4FEA4111ACBF00F5614038
:10D2A00000F00F00C9B2B4BF195480F800137047E2
:10D2B00014ED00E00B4A08B50B4B22F07F029A6098
:10D2C000BFF34F8FBFF36F8FD3F8882022F4700223
:10D2D000C3F8882004F0A4FA05F03CF900F060F8E7
:10D2E00004F0E2FA00C2000000ED00E042F8203C49
:10D2F000009B42F81C3C0A49019B42F8183C029BE7
:10D3000042F8143C21F001014FF0807342F8043CD4
:10D3100042F8081C0023203A02654367704700BFAB
:10D320003DC70000094A0346906870B113F1160F1B
:10D33000006E05D0A0F140029A4205D8834203D284
:10D34000814228BF0020704700207047F40D002064
:10D3500008B515460B4A0C4B9060026F1A600E46DA
:10D3600000F048F82C4686F309884FF00000074B80
:10D37000984720464FF000014FF000024FF00003A5
:10D38000034C2047F40D0020100A0020C93701008B
:10D390003DC70000014B10221A61704700ED00E00C
:10D3A000044800232021C2180133302B82F80013D7
:10D3B000F9D1704700E100E008B5EFF30583064AB4
:10D3C000103B02EBC30152F8330049688847BDE8BF
:10D3D0000840FFF7BDBC00BFD45F0100024B034A09
:10D3E0000348012100F076B8000002200000002070
:10D3F00004620100026E054B403A1A60044A402163
:10D40000C3E901121846012100F06EB8140A002089
:10D4100000000B15084AC2F898000B6823F01F03A0
:10D42000034343F01003C2F89C308B6843F00103C0
:10D43000C2F8A030704700BF00ED00E02DE9F043D6
:10D44000DFF8608085B00E461F4604464FF00009A5
:10D45000B14523DA6068D8B13FB1411E08421BD103
:10D460001F2819D92368194216D12368019306F0A1
:10D47000CEF9A36803430393D8F89050C5F307256A
:10D48000D0B2013DA84207D801A9FFF7C3FF421C53
:10D4900009F101090C34DBE76FF01502104605B005
:10D4A000BDE8F08300ED00E0044B0522C3F89420B2
:10D4B000BFF34F8FBFF36F8F704700BF00ED00E0E9
:10D4C000BFF35F8F024B0022C3F89420704700BF68
:10D4D00000ED00E010B5034C01232278FFF7AEFF0A
:10D4E000207010BD2C0E002008B50B4A00231278C6
:10D4F000FFF7A4FF10F1160F07D0084A0021D2F859
:10D500009030C3F30723984200DB08BDC2F89800AF
:10D51000C2F8A0100130F2E72C0E002000ED00E070
:10D520002DE9F043534B544CD3F890302568C3F3A6
:10D5300007239D4285B000F29A80FFF7C1FF0020CB
:10D540000C2685421AD14D4C4D4F25706846FFF789
:10D5500053FBDFF82081DFF82C9106460025AE4210
:10D5600013D1237843490020D1F89020C2F3072239
:10D57000934276DBFFF798FF002042E0616806FBEC
:10D580000011FFF747FF0130DBE7009800EB0511C2
:10D590004FEA051CCB683B40B3F5000F48D00AD8D2
:10D5A000B3F5001F30D0B3F5800F36D0B3F5801F30
:10D5B00010D00135D3E7B3F1807F42D0B3F1007FC3
:10D5C000F7D150F80C3088684A6806F020F940F42A
:10D5D000802009E050F80C3088684A6806F017F996
:10D5E00040F0885040F43020CDE901230390D8F872
:10D5F00090302078C3F30723013B98422AD96FF07B
:10D60000150005B0BDE8F08350F80C3088684A6812
:10D6100006F0FDF840EA0900E6E750F80C308868AB
:10D620004A6806F0F4F840F0007040F40030DBE7A0
:10D6300050F80C3088684A6806F0E9F840F08270CB
:10D64000D2E750F80C3088684A6806F0E0F840F0FD
:10D650008870C9E701A9FFF7DDFE23780133237045
:10D66000A7E7C1F89830C1F8A00001337CE74FF07C
:10D67000FF30C6E700ED00E0106201002C0E002034
:10D680000000F0FF0000081108B5024B1B68984726
:10D69000002008BD200A0020034B044A186093783C
:10D6A00043F0020393707047200A0020F804002022
:10D6B00008B50649064821F00701C1F1005202F5FC
:10D6C000003205F0F1FD002008BD00BF87300020CA
:10D6D000240A002070B54169857A0C4E044659B180
:10D6E000437ADB0706D4242303FB0563DB691B684D
:10D6F0009B6898470023636105EBC505214606EB4F
:10D700008500BDE8704008F023B900BFEC0600209A
:10D71000827A064B242101FB02331A6A1B7D1B33DC
:10D72000801A23F00303B0FBF3F07047EC060020EF
:10D7300038B5074B827A242404FB0233DB69D3E932
:10D7400001240C601568FFF7E3FF04FB005038BDAF
:10D75000EC0600202DE9F04F85B0054668460391A0
:10D7600091461C4690469A4608F0A2FADDE9006709
:10D77000EFF3118B202383F31288BFF36F8F698A35
:10D78000002942D02B8A8B4226D90022002328462A
:10D7900004F04AF90446F8B18BF31188BFF36F8F98
:10D7A000039B002B4FD032463B46684608F0A4FA54
:10D7B000A27A2D4B242101FB02332046DB691B6832
:10D7C00003A91D68DDE90023A847606100283BD15B
:10D7D0002046FFF77FFF31E0698A4B1E6B828BF397
:10D7E0001188BFF36F8F2B7D2A8A2C6A1B3323F09D
:10D7F0000303521A02FB03441B4B1C4AEB1A9B10F7
:10D800005343A3722B7DE372CAE78BF31188BFF3F6
:10D810006F8F54EA090409D008F036FB144A154BFF
:10D8200012589A420ABF8846C846C24642465346E4
:10D83000284604F0F9F804460028B1D10024204617
:10D8400005B0BDE8F08F6361012300252381039BB0
:10D850006382E27A6560294604F1180008F09CFAB8
:10D8600063692582E360EAE7EC060020398EE3383D
:10D8700008000000D008002070B50C4C242500B929
:10D8800070BD037A4668013BDBB20372002BF7D10F
:10D89000C3604360837A05FB03439B6913B19847D8
:10D8A0003046ECE7FFF716FFFAE700BFEC06002072
:10D8B000024B0122C3F840250020704700E00140E0
:10D8C00020B1034B800143F001031847704700BFAC
:10D8D0007061010038B5064C064DAC4201D3002002
:10D8E00038BD54F8043B002BF7D09847F5E700BF4C
:10D8F000546101005C610100084B0246186808B1E0
:10D90000036800B9704741899142FBD01BB1196887
:10D9100018460B46F5E71946FAE700BF300A002023
:10D920000A4B1B681BB11A681BB9184670471A4688
:10D93000FAE75989814206D01AB1116813460A469E
:10D94000F2E71146FAE7D868704700BF300A0020B6
:10D9500000230360044B5A6812B9C3E90000704702
:10D9600010605860704700BF300A00202DE9F04F6A
:10D9700000238BB0CDE9063304460D4601F10C0AB5
:10D980002B8A3BB999462168284606F06CF9216834
:10D99000002080E0072B40F20381EA68106851689C
:10D9A00006AB03C3BDF81A305BBA1FFA83FBADF8B0
:10D9B0001A30BDF81C305BBA9AB208215046ADF857
:10D9C0001C30059205F042FF2B8A5B45C0F0EE80CB
:10D9D0009DF8188018F0050940F0ED802168284670
:10D9E00006F02DF90646002800F0E880606840F84F
:10D9F000045B2B8ACDE9019901220092EA68042197
:10DA000007F04EFDA068314605F069FF9DF818301B
:10DA1000A768C3F3C103012BC7F84C9000F2C38081
:10DA20000598FFF769FF002800F093809DF81F100C
:10DA300005F026FF002800F08C809DF8183013F0C8
:10DA400007032ED0022B47D04FF00309A0683146C0
:10DA500005F045FFD4F8088008F104070221384694
:10DA600007F0DEFD00287AD056490222384607F03A
:10DA7000BCFD002873D04946384607F09AFD0221C4
:10DA800000286ED1384607F0D3FD2168284606F0FD
:10DA9000EAF82168304606F0E6F848460BB0BDE8E3
:10DAA000F08FD0F80090A068B9F1000F51D00F218D
:10DAB000043007F0B5FD00284ED02046C847814607
:10DAC000A0680F21043007F0B3FD40B9B9F1000F91
:10DAD00008BF4FF00709B9E7D0F80490E3E7B9F1C0
:10DAE000000FB3D1B7F84E90B9F1000F12D018F073
:10DAF000180F0FD1B7F84C00FFF712FF034610B90B
:10DB00004FF00109A2E7484698478146B0B1002E80
:10DB10004ED09BE7D7E90087D8F80C30FF1A08A948
:10DB2000A7F1080206A805F0BBFEA8F81070A368CC
:10DB30001B68DA680B4603CB1060516023683046DF
:10DB40001B6A9847814698BB5946504605F07EFEB1
:10DB500016E74FF0080979E74FF0070976E7022149
:10DB600090E7384607F064FD00288ED0D8E900A77A
:10DB7000DAF80C30FF1A08A9A7F1080206A805F088
:10DB80008FFEAAF81070A3681B68DA680B4603CBF7
:10DB900010605160236830461B6A9847002674E77E
:10DBA0004FF00909EFE64FF00D094FE74FF0090973
:10DBB0002E4600254AE74FF00809F9E74FF0020921
:10DBC000F6E700BF6667010070B504460E461546CD
:10DBD0008AB3A0F84810A0F84A201849032207F099
:10DBE00004FD18B9002000F0010070BD022120469C
:10DBF00007F016FD0028F5D011490522204607F050
:10DC0000F4FC0028EED03146204607F0DCFC00286A
:10DC1000E8D00C490222204607F0E7FC0028E1D0BA
:10DC20002946204607F0CFFC0028DBD00221204601
:10DC300007F0FEFCD7E70120D7E700BF69670100C6
:10DC40006D6701006667010070B50C4615461E46FB
:10DC500048B1094833462A46214605F059FD0028B7
:10DC600018BF0C2070BD054B0348197805F062FD04
:10DC70000028EED00A20F5E7380A0020640C0020C6
:10DC80007FB50C46002843D1234B69461878FEF730
:10DC9000B9FF00283ED1009805F0A2FC06460028F6
:10DCA00032D0009B5B68013B191901AA06F0E5FA26
:10DCB000014658BBDDE90005029B1D444368ED1A8F
:10DCC0002A4605F073FC044630B10D24009805F097
:10DCD0002AFC204604B070BD009B986806F055F8F9
:10DCE000A842F3D3009B5968014401AA304606F0CC
:10DCF000C4FA0098019943688268C91A521A05F05B
:10DD000055FC0028E2D0E0E71224DFE71324DDE72A
:10DD10001424DEE70A24DCE7640C0020F0B5064694
:10DD20000D4685B018220021284608F035F87368A2
:10DD3000581C00F09080002B7CD132691F2A6DD9CD
:10DD4000B268511C6CD0C5E90023F768434B3A68B0
:10DD50009A4267D1B269202A66D862B14048036806
:10DD6000013308D0037B9A4205D171690D3008F068
:10DD70001BF80446A0B1002005F0F2FE18B905F02A
:10DD800050FE00280FDA012005F0EAFE20B901203C
:10DD900005F047FE002806DA4FF0FF33EB60092458
:10DDA000204605B0F0BDE8606946C0B2FEF72AFF24
:10DDB00000283BD10098B26883689A4203D905F0E5
:10DDC000B2FB1E24ECE705F0AEFB337F73B9287B72
:10DDD00001A9FEF717FFB0B9019805F0F1FD04465F
:10DDE000019805F0A0FB002CDADB0DE002A805F09D
:10DDF000F9FEE8B907F1140102A805F01AFE00289F
:10DE0000E5DB1B24CCE70A24B4FA84F464096C74BF
:10DE10003369AB6001232B740024C1E71624BFE7EC
:10DE20001524BDE71724BBE71824B9E70A24B7E790
:10DE30001A24B5E70A4A13689168EB600023296049
:10DE40006B60736852689342E6D132691344994219
:10DE5000DED21F24A4E71424A2E700BF3DB8F39646
:10DE6000640C0020F0B595B00F46202302930446C1
:10DE700015466B460CAA03A93846019200F050FAE9
:10DE80000646002840F08E8004340F21204607F01B
:10DE9000C7FB10B9002015B0F0BD4349042220464D
:10DEA00007F0A3FB0028F5D007F00101204607F09A
:10DEB0008AFB0028EED03D490722204607F095FB5B
:10DEC0000028E7D005A903A800F0D0F9002861DAFE
:10DED00037490522204607F088FB0028DAD035496B
:10DEE0000422204607F081FB0028D3D001A9204658
:10DEF00007F075FB0028CDD02F490822204607F0F7
:10DF000074FB0028C6D0009981F01001C1F3001104
:10DF1000204607F0A1FB0028BCD028490722204654
:10DF200007F063FB0028B5D0C5F34001204607F099
:10DF300093FB0028AED022490922204607F055FB6A
:10DF40000028A7D0C5F38001204607F085FB0028F4
:10DF5000A0D01C490622204607F047FB002899D094
:10DF600005F00101204607F077FB002892D0164902
:10DF70000922204607F039FB00288BD0C5F3C001E9
:10DF8000204607F069FB002884D00F21204607F0C7
:10DF90004FFB80E7192205A920468DF82C6007F079
:10DFA0002DFB9AE7012076E773670100786701008F
:10DFB00080670100866701008B670100946701009C
:10DFC0009C670100A6670100AD6701002DE9F743DA
:10DFD00086683449043607460622304607F005FBBA
:10DFE00038B905F0DFFD05F0DEFD072003B0BDE820
:10DFF000F0830221304607F00FFB044605F0D2FD06
:10E00000002CF0D000240DF1070120468DF80740C8
:10E0100005F087FD8046204605F0C6FD9DF80730D7
:10E02000022B054680F001092AD180454FF00108F6
:10E030002CD14D45B8682CDA42462946FFF712FF2D
:10E040000028D0D022464946B868FFF70BFF0028C9
:10E05000C9D00221304607F0E7FA0028C3D01249A0
:10E060000B22304607F0C1FA0028BCD00021304610
:10E0700007F09FFA0028B6D005F095FD0020B5E71F
:10E0800080454FF00508D4D0022BD2D8074AD45689
:10E09000CFE722464946FFF7E5FE0028A3D04246D7
:10E0A0002946D1E7B7670100BE670100D2670100CA
:10E0B0002DE9F3414FEA6008044640460F4605F05B
:10E0C00073FD002306460DF1030140468DF8033031
:10E0D00005F027FD0546EFB105F068FD804505D147
:10E0E0009DF80330012B26D11C2420E0A6423DD010
:10E0F0009DF80330012BF7D0002B3BD0022B39D0F9
:10E10000204605F08EFC01A9C0B2FEF77BFDD0B120
:10E110000A240CE0A6422BD09DF80330012B03D03B
:10E120007BB1022BE0D0EBE7A042DDD100242046FA
:10E1300002B0BDE8F081002BE0D1A542F6D0A642A6
:10E14000F0E7A042EEE7331B594201983A465941A5
:10E1500006F0AAFC044628B1441E032C9ABF074BC4
:10E160001C570124019805F0DEF9E0E72024DEE7E2
:10E170002124DCE7A542C3D1D8E700BFD567010061
:10E18000F0B597B035490C9104210D91344902AA9C
:10E19000CDE90E12334A119205460722D0E9010457
:10E1A0001292314A139200230DF10302CDE902339A
:10E1B0008DF8033001938DF8403014928DF854306F
:10E1C000022201AB0CA9043005F0A3FB002841D1C9
:10E1D00005F0E8FC039B04346BB99DF8033063B190
:10E1E00005F0E4FC05F0E0FC9DF80310FFF760FF8C
:10E1F00018B382B202E0202B0AD018222046012157
:10E20000FFF7E2FC044605F0CEFC2CB300241BE033
:10E21000029B04AA03F1200C174618685968164699
:10E2200003C6083363453246F7D10021384605F06E
:10E23000BFFC0028D8DA0822E0E72846FFF7C6FE30
:10E24000044620B105F0AFFC204617B0F0BD05F044
:10E25000AAFCDBE70324F7E70724F5E7866701005C
:10E260007D520100CA6701002953010073B543883C
:10E270000193437800930E4603780C4A0546192112
:10E28000304604F0E1FA041E03DA4FF0FF3002B02A
:10E2900070BD6B683BB1064AC4F11901301904F036
:10E2A000D3FA031EF1DBE018F1E700BFD9670100E4
:10E2B000E5670100033880B219289ABF014B185650
:10E2C000012070470868010008B5054B2C22002189
:10E2D000184607F061FD4FF0FF3240F8042C08BDEE
:10E2E000680C00200148FFF733BB00BF0805002081
:10E2F00010B5041D08490322204607F076F908B935
:10E30000072010BD054B2046596807F066F9002824
:10E31000F6D00020F5E700BFE9670100640C00209B
:10E320002DE9F0438BB00C460DF10301054616466E
:10E330001F4605F0DCFB0146002840F08D802023BD
:10E3400002AA284605F0B2FB002850D19DF80380B0
:10E35000DFF81091B4BB0298484540D10FB1069B3D
:10E360003B60059BBDF810401C4404230DEB0302E9
:10E370002146284605F09AFB40B9BDF8042046F630
:10E3800008139A4204BFBDF80630E41804230DEBCD
:10E3900003022146284605F089FB58BBBDF804203E
:10E3A00046F607139A4225D1BDF806700434274477
:10E3B000814604F10408B8451ED989F001094FEAE5
:10E3C000C90014E008224146204607F0E5FC029807
:10E3D000484504D107AB03CB20606160BEE74FF036
:10E3E000013303FB08F8404514BF172003200BB08E
:10E3F000BDE8F0830420FAE704230DEB0302214675
:10E40000284605F053FB0028F1D1BDF80420BDF8E3
:10E410000630FF2A05D14FF6FF72934205D1052041
:10E42000E5E7102A01D1202B04D0043303EB0408C4
:10E430004446BEE7B9F1000F10D116B94FF00109FB
:10E44000F6E72434BC420BD832464146284605F054
:10E450002DFB0028F2D0CAE70220C8E70620C6E755
:10E460000720C4E73DB8F39670B58AB01B4A059201
:10E47000D0E9010504220692194A079200230126D9
:10E4800001AACDE9016308928DF82430324602AB2F
:10E4900005A9043005F03DFA0446E8B903460246F2
:10E4A00003A901980435FFF73BFF58B9019805F01F
:10E4B00057FB38B1092201212846FFF785FB20468A
:10E4C0000AB070BD019805F0CBFA0646FFF7FCFED6
:10E4D000002EF4D0B2B2EEE70324F0E77367010038
:10E4E000735201002DE9F043B7B0D0E901370024A1
:10E4F0000DF12008214620220646404603F104097A
:10E50000019407F049FC4FF0FF33CDE909335B4B31
:10E510001893052319935A4B8DF87040CDE91A389A
:10E52000584B1D9304231E930BAA574B1F93209205
:10E530002E93564A22920DAB554A2F93554B249257
:10E540000AA92992319309AA072325912A925249AF
:10E55000524A3293524B339303250FABCDE9271523
:10E56000CDE92C253493062201AB18A948468DF835
:10E5700084408DF898408DF8AC408DF8C0408DF8FF
:10E58000D440239505F0C5F90446002874D102A9AA
:10E5900040460437FFF7C2FB88B182B201213846FA
:10E5A000FFF712FB0023054610AA19460120FFF7CA
:10E5B000B7FEFFF789FE002D08BF072406E09DF88F
:10E5C00018303BB9B068FFF793FE0446204637B0D9
:10E5D000BDE8F083334D059B2B60029BAB60099B2C
:10E5E000DBB9DDF838800D996C60424605F10D000D
:10E5F00085F80C8007F0A8FB08F10D00C8F1200297
:10E600002146284407F0C8FB9DF819302BB10A9920
:10E610002046FFF735FB0028BFD10C9BD5E901123E
:10E620002BB9914222D0B068FFF762FECEE70B44CF
:10E630009A1A534253410B99049A0998FFF704FB25
:10E64000034688B96A6804990A44A9686A608A42DC
:10E65000E9D1014610AA0120FFF762FEB068FFF77A
:10E6600047FEFFF731FEB1E782B297E710AA1946DD
:10E670000120FFF755FED6E72C46A7E7ED6701001E
:10E6800073520100F36701007D520100F867010039
:10E690007952010000680100E9670100FC67010090
:10E6A00029530100640C00200148FFF751B900BF55
:10E6B0001805002008B54FF400520023024803F06B
:10E6C000CFFB002008BD00BFC0040020F0B589B01A
:10E6D000D0E90145134A0392134A0023012701AEF2
:10E6E000CDE90133CDE905268DF81C30201D6B46A0
:10E6F0003A4603A9049705F00CF9044678B90435A5
:10E700000A493A46284606F070FF20B131462846AD
:10E7100006F068FF00B90724204609B0F0BD0324C5
:10E72000FAE700BFA4670100835201006B67010094
:10E7300013B5084C204607F07DF9074B009320469F
:10E74000064903234FF4006203F022FB002002B0CD
:10E7500010BD00BF10070020AC620100800E002039
:10E7600002480022002305F06DB800BFEC0600202F
:10E7700010B5036A044643B1054907F02FF904F1C7
:10E78000100007F0D2F8002010BD6FF01500FBE775
:10E790000D3C010010B50446103007F0CEF82146BC
:10E7A0000248BDE8104007F035B900BF100700204F
:10E7B0000748084B10B50362074B4362FFF7D8FFC9
:10E7C000044610B9054800F02FFB204610BD00BFDD
:10E7D000940C0020873C0100813C0100E1E700002F
:10E7E00008B50146034807F0A8F8BDE8084002480C
:10E7F00003F0C8BADC06002028050020F8B50D4E4D
:10E800000D4F00220023304603F00EF9044600B9F4
:10E81000F8BDD4F88420211D384605F058FA054685
:10E82000204600F079FA002DEBD004482946FFF786
:10E83000B1FFE6E7DC060020C80C0020940C0020A5
:10E840002DE9F74F05460E4614460A4601460020BC
:10E8500004F0C1FA4FF0000A074640F606134FF0E5
:10E860005D08D1464FF0010BB245ADF8023001DB37
:10E87000002062E002210DEB0100A04700285CD1DE
:10E88000BBF1000F13D0B31C5BBAADF80230ADF88A
:10E89000043022462B788DF80630032101A805F0BC
:10E8A00007FA002849D10AF1010AA8F10308A6EBEA
:10E8B0000A0343459B46A8EB0303A8BFC346012BAD
:10E8C00005D80BF1FF3B4FF00009D34414E0FCDD09
:10E8D0004FF00109F9E705EB0A0335F80A209B78A8
:10E8E000ADF804200321224601A88DF8063005F07A
:10E8F000DFF910BB0AF1030AABEB0A03022B524605
:10E90000E9DCB9F1000F0FD0A6EB0A03012B17D0F9
:10E91000022B22D043B97BBAADF804302246022143
:10E9200001A805F0C5F940B919480121A0474FF0E9
:10E93000000B41F20443002896D003B0BDE8F08FED
:10E94000AB5C8DF804303B0A0AF1010A8DF8053002
:10E950008DF8067022460321E2E70AF1010315F85B
:10E960000A20EB5C8DF804208DF8053022463B0A26
:10E97000032101A80AF1020A8DF8063005F098F982
:10E980000028DAD18DF8047022460121C8E700BFC3
:10E9900027670100084B70B5C31A0D4607499B1045
:10E9A000044659430648402205F0FAF92B46014631
:10E9B0002046BDE870401847E40C0020B76DDBB678
:10E9C000345F010073B50C4C0C4A4023041B0093C8
:10E9D0000D460B460A49A41061430646094805F056
:10E9E0000BFA011E05DA30462B4602B0BDE8704036
:10E9F000184702B070BD00BFE40C0020633E010068
:10EA0000B76DDBB6345F010010B5EFF3118420233E
:10EA100083F31288BFF36F8F074A136823F0020154
:10EA2000DB07116002D4012006F0E2F884F31188BC
:10EA3000BFF36F8F10BD00BF340D0020002270B5F2
:10EA4000012104461046FEF71DFC0F4801F01CFE94
:10EA50000E4B984215D101F027FE26690C4930462D
:10EA600004F0D8FC00280BDB012535642469084933
:10EA700004F11C0004F0CEFC002801DBE56400205A
:10EA800070BD6FF00400FBE78DEB00000000AD0BE4
:10EA9000B46201001FB500220123CDE90223094A17
:10EAA000CDF800D06B46CDF804D005F0D3F900289E
:10EAB00005DB4FF480420023684603F00BF805B0F5
:10EAC0005DF804FB813E010030B4104B0C2202FBC8
:10EAD000003301460020D3E90E529863EFF3118012
:10EAE000202484F31288BFF36F8F1C6C04F0C004E1
:10EAF00044F002041C6480F31188BFF36F8F1DB1D2
:10EB00002B46034830BC184730BC7047E40C00204B
:10EB1000345F010010B4EFF31182202383F31288D5
:10EB2000BFF36F8F1748016841F002040460C80703
:10EB300007D482F31188BFF36F8F012010BC01F05E
:10EB4000C5BD4FF08041D1F80C04D1F80C14C907B1
:10EB5000EFD5EFF3118083F31288BFF36F8F0A496B
:10EB60000B6C03F0C00343F002030B6480F31188C5
:10EB7000BFF36F8F82F31188BFF36F8F002010BC3B
:10EB8000FFF7A2BF340D0020E40C002010B10128D3
:10EB900004D07047034B1B6C5B0701D1FFF794BF98
:10EBA000704700BFE40C00202DE9F0413849BFF365
:10EBB0005B8F0746012251E8003F41E80020002812
:10EBC000F9D1BFF35B8F33B9324933484B60CB6027
:10EBD0008A6004F032FC7B1E012B2BD8012F07D159
:10EBE0004FF08043D3F81C3403F00303012B21D0F2
:10EBF00006F026FF0546F8B9284B1B78E3B14FF025
:10EC000080430222C3F808230646DFF894804FF0C1
:10EC10008044D4F81824D4F81834D20315D503F05E
:10EC20000303012B01D0012F0FD155B386F31188B7
:10EC3000BFF36F8FBDE8F081EFF31186202383F3DC
:10EC40001288BFF36F8F0125DFE7ADB1304604F0C6
:10EC5000CFFDD4F81835002BDBD1D4F80421002ADD
:10EC6000D7D0C4F80431D4F804310123C4F81835DE
:10EC7000C8F88031A360CCE70021212003F0AEFB6F
:10EC8000E7E74FF080430222C3F80423D2E700BF36
:10EC9000E00C0020D00C0020000D0020700E0020A1
:10ECA00000E100E008B5074806F0F0FC38B106487E
:10ECB000FEF7F2FC0448FDF723FD002008BD6FF0CD
:10ECC0001200FBE7705F0100CDEC00000A2838B5A8
:10ECD000074D044604D1AB680D215B682846984770
:10ECE000AB6803485B68E1B29847204638BD00BF77
:10ECF000705F010070B5074E04464518AC4201D163
:10ED0000002070BD14F8011BB36802485B68984787
:10ED1000F4E700BF705F01000146014806F068BDDE
:10ED2000C00600202DE9F047374D8AB0374CA76860
:10ED300002E02046984748B9FB6B002B58D1A668E3
:10ED4000B36B002B5BD1F36A002BF2D1336913B99B
:10ED50006FF0570606E02D48202202A99847064684
:10ED60000028E9D02A4C02AF4FF00009B145DDDAA6
:10ED70002B7817F8018B7BB9D4F800A0BAF1000FFB
:10ED80000AD124480022002301A902F01FFED8B9AD
:10ED9000019B2360C3F8840095F800A02068BAF1B5
:10EDA000000F09D1D0F884307F2B12D9FFF7B4FFC0
:10EDB0000123C4F800A02B70B8F10A0F01D1002381
:10EDC0002B7009F10109D1E70123C4F800A02B70D1
:10EDD000E2E75A1C0344B8F10A0FC0F8842083F814
:10EDE0000480EED10C4BC4F800A01B689847E8E7FC
:10EDF000204698470028A2D10AB0BDE8F0872046F7
:10EE0000984700289FD1F7E72D0E0020705F010082
:10EE1000380D0020C00600203C0D0020014AFFF7FD
:10EE20000FBD00BFF5EC00000F4B70B518600F4C24
:10EE3000204606F02BFCB0B1A3685B6A0BB12046FC
:10EE40009847A568AB690BB1084898472B6C1BB174
:10EE50000749064800229847A3681B6A1BB1BDE812
:10EE600070400248184770BD3C0D0020705F0100E3
:10EE700025ED0000004870471C6301002DE9F04FAC
:10EE80008FB0044602AF00694FF0FF32012106F057
:10EE900069FD6668306806F0F9FB30B96FF012055D
:10EEA00028463437BD46BDE8F08FF06818B106F04B
:10EEB000EDFB0028F2D0206904F0EDFF204605F0BC
:10EEC00052F8051E3CDDEA0734D4206904F0E1FF66
:10EED000206904F0E0FF0323019307F1100300937E
:10EEE00000231A469F21204604F0DBFF804620695C
:10EEF00004F0CFFFB8F1000FD0D1337E002B3BD010
:10EF0000206904F0C8FF204605F02DF8051E2EDD0F
:10EF1000337E25EA03053D764346CDE9008880220D
:10EF20000621204604F0BDFF034678B1206904F0B5
:10EF3000B0FFB3E700220023204605F025F8054680
:10EF4000206904F0A6FF002DC2DAA7E707F1180236
:10EF50000121009201918022204604F0A2FF0028A6
:10EF6000E4D100220023204605F00EF80546206972
:10EF700004F08FFF002D91D1206904F08CFF18233D
:10EF80000193FB180093052200235A21204604F028
:10EF900088FF05462069EA4604F07BFF002D7FF4D8
:10EFA0007DAF8B4BBA699A427FF478AF97F81E8099
:10EFB000B8F1010F9CBF08F101085FFA88F807F16A
:10EFC000200394BF4FEAC8084FF0100898441D462C
:10EFD0004FF0000BA84533D12369D869D5461946AF
:10EFE00003F1080600224D7C25B18D7C0AB19542C3
:10EFF00000D22A4602318E42F5D1002A3FF44EAFAC
:10F000004FF0FF359540ED4315F480557FF446AF42
:10F010004FF48052000B5A621862206904F03BFFE3
:10F0200063685B7EDB0700F1BE80206904F031FF7E
:10F03000206904F030FF206904F02BFF00252FE742
:10F04000EA792B7843EA0223B3F57F4F40F0A98099
:10F05000EA786E79C7F80CD0142A28BF14229200DF
:10F06000242A134638BF2423073303F4FF63ADEB90
:10F07000030DAB792069BA60360246EA03462B7964
:10F080001E4304F008FFBA680DF10809CDE90092AB
:10F09000330205225A21204604F003FF0646206968
:10F0A00004F0F7FE002E63D1D9F80410236900297B
:10F0B00003F111025EDA21F000410120A1F12006E6
:10F0C000C1F1200C00FA06F620FA0CFC46EA0C0608
:10F0D00000FA01F1C90841EA4676C3F811B00121EE
:10F0E000C2F804B04846C7E90032B96005F0F5F847
:10F0F000B9687A683B680131C9B2052902F1020298
:10F10000F0D1EA780A2A88BFD9F82820DE6183BFC7
:10F11000C2F3031101228A404FF480725A83D9F856
:10F12000003013F4C02F3AD007F1140249462846A4
:10F1300000F0D4F8064690BB97F8149009F1FF331D
:10F14000DBB2FD2B2BD819F0030F11D0206904F08E
:10F15000A2FE19F0020F0FD10023CDE90033802267
:10F16000B721204604F09DFE88B1206904F091FE8D
:10F17000D54693E60131ADE7CDE9006633468022FE
:10F180000621204604F08DFE0028E5D0EDE7226937
:10F19000137C43F001031374206904F07AFED7F85E
:10F1A0000CD0083516E72B46CDE900558022B92151
:10F1B000204604F076FE0546206904F06AFE002D24
:10F1C000BFF636AF15F1860F3FF432AF68E600BFE9
:10F1D00053464450024B0B6001231360704700BF3D
:10F1E000680D0020004870473863010010B5012207
:10F1F00011460648064C06F0B5FB05F099FD206067
:10F2000005F092FD6060002010BD00BF700D002071
:10F21000680D002070B50C46154605F085FD2946A1
:10F220000646204604F0D3FF08B3B4FBF6F306FB12
:10F230001343E3B9B5FBF6F306FB1353BBB9B54271
:10F2400001D2002070BD4FF0FF324FF0FF3309486C
:10F2500002F040FC05F068FD0646204601F0B8FECD
:10F26000AD1B3444F9D1034802F010FCE9E76FF01C
:10F270001500E7E7700D0020F8B50E463046194638
:10F2800017461C4604F0A3FF08B346EA040515F030
:10F2900003051CD1A4B10F484FF0FF324FF0FF33EC
:10F2A00002F018FC24F00304A54206EB050009D186
:10F2B000094AD2F80034DB07FBD5064802F0E6FB2A
:10F2C0000020F8BD795901F0A3FE0435ECE76FF09A
:10F2D0001500F6E7700D002000E00140C3780F2B09
:10F2E00014D9C96B0B480B0E13708B0200EA9110F6
:10F2F00003F47C030906034301F0FE4110680B434D
:10F30000054901400B431360002070476FF08500F2
:10F31000704700BF00FF0300FF000080F0B54068A9
:10F32000057B01F01F0444EA4514056987B0002DF0
:10F3300064D0B2F5001F00F1100506D12146284621
:10F3400005F0E7FC002007B0F0BD01AE0027B2F5E4
:10F35000800F0197776039D1B3F1007F14BF052387
:10F3600004238DF804300023CDE9046303938368FC
:10F3700023FA01F111F001011AD1B2F1A07F17D1E6
:10F3800004F01F03620903F5E0732AD0012A3BD180
:10F390001F4A52F82330DB070AD40DF10306324628
:10F3A0002146284601F06EFC1A4B98421CD002966A
:10F3B00003AA2146284601F027FB174B984220D18B
:10F3C00001222146284601F0C1FCBBE7B3F1C06F22
:10F3D00005D0B3F1007F14BF01230223C1E703234B
:10F3E000BFE74FF0A042D4E73146284601F0A8FC21
:10F3F000094B9842DBD06FF00B00A4E76FF085005B
:10F40000A1E76FF015009EE751F82330FFDE00BF43
:10F41000000300500400AD0B0000AD0B38B545688B
:10F420002B69B3B11035284601F07AFC044680B947
:10F430000146284601F040FC084B98420BD1084990
:10F440002246284601F018FC224605210620FDF739
:10F4500019FF002038BD6FF00400FBE70000AD0B82
:10F4600065F40000420970B5034602D0012A17D0A6
:10F4700070BD0D4E326951680029F9D003F01F03A9
:10F4800001250C689D400029F2D08A682A4002D0EC
:10F490004B68304698472CB1236821461C46F2E75A
:10F4A000024EE7E72346F8E75C5F0100485F010092
:10F4B0002DE9F043466840F20635D006337B87B02D
:10F4C00002EA050554BFC2F34010032001F01F07F4
:10F4D000B5F5837F144647EA43178DF8030045D0FE
:10F4E0000FD8062D18D007D8B5B1022D40D06FF037
:10F4F000150007B0BDE8F083B5F5807FF7D1012591
:10F500000AE040F20222954234D0B5F5407F33D074
:10F51000B5F5007FEBD102250123220303FA01F1A7
:10F520002CD57368C3F80815326982BB07F01F0336
:10F530007F0929D0012F77D13E4A02EB830284F460
:10F540008033D2F80017C3F30043C4F3404444EAC5
:10F55000430421F4E16144EA800421F0070144EA14
:10F5600005230B43C2F800370020C2E70725D3E785
:10F570000425D1E70525CFE70325CDE7630344BF85
:10F580007368C3F80C15CFE74FF0A042D5E71036EB
:10F590000DF102023946304601F074FB14F4403F8D
:10F5A00080460CD13946304605F0B1FB224B9845D8
:10F5B000DAD19DF80210304601F0BCFBD4E701AB74
:10F5C0004FF0000903AA39463046CDE90439CDE9A8
:10F5D0000199CDF80C9001F017FA174B984286D19B
:10F5E00014F4003315D09DF803308DF80E3084F4F8
:10F5F0008034C4F300444B4603AA394630468DF8A4
:10F600000C508DF80D4001F0B9FA0B4B9842CDD05B
:10F610006DE7CDE9043303AA0DF103033946304603
:10F62000039301F0F1F9F0E703F5E07352F82330AA
:10F63000FFDE00BF000300500000AD0B036803F0C5
:10F640001F025B09026004D0012B034818BF002091
:10F6500070474FF0A0407047000300502DE9F04F75
:10F66000DFF86091DFF860A185B01546834600EBB6
:10F67000810140F2FF18594503D1002005B0BDE8D3
:10F68000F08FDBF800305804C3F3C322C3F308043F
:10F6900000F191801B0E19F80270444508BF4FF02D
:10F6A000FF34192B00F28A80DFE803F00D141A1DD5
:10F6B00020261D8888888836638888888888888876
:10F6C0008888667C7F82C5F80C45621C5ED10BF190
:10F6D000040BD0E7C5F81445631CF8D000265FE0A2
:10F6E000C5F80845F1E7C5F81045F5E7661CC5F80B
:10F6F0000845ECD0002604E0601CC5F80C45E6D0B7
:10F70000012603A80394FFF799FF039B012202FA45
:10F7100003F3C0F80C3508E0C5F80845002FDBD12D
:10F72000631CD4D0002632460627DBF80030019354
:10F7300003F40040002818BF002203A8009218BF5D
:10F7400001260394FFF77AFF039C019B009A00EBCC
:10F750008400C3F3412CD0F800473B0243EA8C03FA
:10F76000134304EA0A04234343EA4603C0F800377C
:10F77000ADE7C5F80C45D1E7C5F86045621CDBF87C
:10F780000030A4D0C3F30043002BB9D003A80394E6
:10F79000FFF754FF039B012606FA03F3C0F8083570
:10F7A0003246C2E7C5F86445E8E7C5F86845E5E7CD
:10F7B000C5F86C45E2E76FF015005FE76FF0850074
:10F7C0005CE700BF7E680100F0F8FCFF2DE9F04126
:10F7D000044647680D4606F033F94FF0200888B913
:10F7E000264B1B7873B16426606804F095FEF0B96F
:10F7F000012005F095F9013EF6D10021212002F00B
:10F80000EDFDF0E7EFF31186314688F31288BFF380
:10F810006F8F606804F080FEA8B986F31188BFF38B
:10F820006F8FEFE786F31188BFF36F8FE5E7EFF394
:10F830001186314688F31288BFF36F8F606804F039
:10F840006BFE0028EED0FB691D706368FA691B68C7
:10F850000020C3F844250122C3F84825C3F820013D
:10F86000D3F82041C3F85801D3F858019A6081F3C6
:10F870001188BFF36F8FBDE8F08100BF700E0020CC
:10F88000F7B50546002201210220FDF7FBFC02200E
:10F89000FDF7C8FC6B6818681A69C0F82425997DC3
:10F8A0005A7D0A43198B1B7D0B431343C0F86C35FB
:10F8B0006E68D6E9004313F0010348D02F6907F1C1
:10F8C0000C0005F039F9304B98425AD1387B04F1DD
:10F8D0000C0204F5907105F025F9387B012707FA31
:10F8E00000F000F0CBFE0823C4F80035F369C4F83B
:10F8F00044350023C4F84835A760D4F85831002BAC
:10F90000FBD00021C4F800156B68DC6801AA204612
:10F9100004F04BFD002805DB019B2268197918686B
:10F92000FFF79CFE6A6813680821C3F80015117A76
:10F9300051B9126AC3F834250122C3F83825C3F837
:10F940001011D3F810111A60002003B0F0BD082286
:10F95000C4F80025F269C4F84425C4F848350123E9
:10F96000A360D4F82031002BFBD00023C4F8203151
:10F97000D4F820310123E3604FF48073C4F80433DA
:10F98000BBE76FF00400E0E70000AD0B2DE9FF419D
:10F990000569D0F804802B6D0646A86C002835D187
:10F9A000002B53D0B8F838406A6CEF6C9C4228BFEB
:10F9B0001C46EB6C53B1296D41B107F06041B1F1C8
:10F9C000005F03D0082C6F6E28BF082400926A6C79
:10F9D000AC651AB1AA6C002A18BF2246CDE90127EE
:10F9E0001BB12B6D002B18BF2346002269464046F1
:10F9F000039301F05BFD184B984229D06FF004018E
:10FA0000304604B0BDE8F04104F001BF696CEF6C12
:10FA1000B8F838400A46ABB1834228BF03469C423F
:10FA200028BF1C460029C4D001F06043B3F1005F39
:10FA3000BFD0082C28BF08242246286E06F084F97F
:10FA40002A6EB6E7844228BF0446EBE71946D7E79B
:10FA500004B0BDE8F08100BF0000AD0B2DE9F04F10
:10FA60008FB09846436801938B8804690F469904C8
:10FA70000646914600F11D814FF0FF324FF0FF33F3
:10FA800004F1100002F026F86760D6F804B0D6F84A
:10FA900010A0DBF8083003939AF85D3023B1DAF850
:10FAA00000309F4200F08980B7F804E01EF4006F38
:10FAB00040F036811EF0090F40F02F81CEF3451340
:10FAC000082B40F02A813B680293029AAD4B9A4280
:10FAD00040F223810BF10C0CBCE80F0004AD0FC504
:10FAE000BCE80F000FC5DDE902329A4228BF1A4672
:10FAF0009CE80300A44B9A4285E803001BD2A34B69
:10FB00009A4218D2A24B9A4215D2A24B9A4200F2C4
:10FB1000D980A14B9A4200F2D780A04B9A4200F2C2
:10FB2000D5809F4B9A4200F2D3809E489E4B9F49BE
:10FB3000824288BF0B461EF0020F09930EF00403A9
:10FB400000F0C880002B14BF032302238DF8283057
:10FB5000CEF300138DF82930DBF80030D3F80825F8
:10FB60001EF0020F4FEA5213CEF3400102F01F02C3
:10FB700040F0B780002B00F0B180012B40F0FA80FC
:10FB80008B4901239340C1F80C359AF85D302BB1B5
:10FB9000584601F043FC00238AF85D303346854A1D
:10FBA00004A9584601F006FC834B984240F0A5801A
:10FBB00001238AF85D30CAF80070012384F85C30B4
:10FBC000019B196C4A1C03D003F1440004F089FE28
:10FBD000B9F1000F40F0A780C4F834900023A3636C
:10FBE00004F1480204F1380104F1340004F038FD56
:10FBF0006064B8F1000F40F09F80C4F83C8000239F
:10FC0000236404F1500204F1400104F13C0004F0CB
:10FC100027FD00252A46E06401212046256304F0E3
:10FC200055FD3046FFF7B2FEA06B2A462B468342B5
:10FC300040F08B800023256C1946A94240F08C804F
:10FC40009342274638BF13464FF4FA5202FB03F59E
:10FC500057F8203B4FF000081B68B5FBF3F54FF455
:10FC6000004CC835414640F2E7304FF47A72002329
:10FC7000E5FB0C01FCF744FB02460B46384601F05D
:10FC800029FF024618B9256B15F1740F6BD1019845
:10FC9000C4F8588001F0C2FB84F85D806FF07301F6
:10FCA000304604F0B4FD384601F03AFF6FF07305BA
:10FCB00025E0A369002B7FF4DFAE63689F427FF4E9
:10FCC000DBAEE2E63D4B36E73D4B34E73D4B32E7FA
:10FCD0003D4B30E7003B18BF012337E74FF0A04111
:10FCE0004FE73BB1012B48D1314901239340C1F883
:10FCF00008354AE74FF0A041F7E76FF004052368A5
:10FD00009B8813F4005304D1636004F1100001F0E8
:10FD1000BDFE28460FB0BDE8F08F6FF01505EEE789
:10FD20006FF08505EBE7D9F800306363002B3FF4F3
:10FD300055AFD9F8043052E7D8F80030E363002B10
:10FD40003FF45DAFD8F804305AE7616B01EBC301B3
:10FD5000013349680A446AE7E06B00EBC1000131F6
:10FD60004068034469E7002DC9D00146306904F0BA
:10FD7000ADFCC4E7C1F80C15FFDE0023C3F808355D
:10FD8000FAE700BF47E801000048E8010024F4005A
:10FD900000127A00FF083D007F841E003F420F00E2
:10FDA0001FA107008FD0030048E8010090D0030096
:10FDB00000030050314801000000AD0B00093D0078
:10FDC00080841E0040420F0020A1070000F01F02A7
:10FDD00040090DD001280ED10A4B03EB82030A4AD9
:10FDE000D3F80007024042EA8102C3F800277047B7
:10FDF0004FF0A043F1E702F5E072002353F8223000
:10FE0000FFDE00BF00030050F0F8FCFFF0B587B044
:10FE100001238DF8023002238DF804306B440393E4
:10FE20000F4601AB0DF10301002404930546029136
:10FE3000059400F085FF0C4B984206460FD103AAAB
:10FE40003946284600F0E0FDB0420BD09DF8031083
:10FE5000284600F06FFF6FF0040007B0F0BD6FF0B0
:10FE60001200FAE72046F8E70000AD0B70B5012359
:10FE700083400E4ABFF35B8FDC4352E8001F01EA68
:10FE8000040542E80056002EF7D1BFF35B8F4FF414
:10FE9000803282400648C0F80823BFF35F8FBFF36B
:10FEA0006F8F0B4214BF0120002070BD9C0D0020FD
:10FEB0000010014070B40E49D1E90034D01AC318C3
:10FEC00044F1000422F07F46C1E90034A6F5001396
:10FED000B3F5400F09D2074B1B681A0A1B069C1981
:10FEE000054B42F10005C3E9004570BC02F00CBCB3
:10FEF000C0070020A00D0020C807002011B3BFF3E9
:10FF00005B8F0123104A834052E800CF4CEA030C78
:10FF100042E800C10029F7D1BFF35B8F0B4A4FF4D1
:10FF200080338340C2F80433094BBFF35B8F1B68F7
:10FF3000BFF35B8FC340DB0742BF064B4FF4003279
:10FF4000C3F80021704700BF9C0D00200010014045
:10FF5000980D002000E100E00D4B1868010A000632
:10FF6000BFF35F8F0B4BD3F80435181841F1000134
:10FF7000B3F5801F0AD2084BD3E90023904271EBFE
:10FF8000030303D210F1807041F10001704700BFFC
:10FF9000A00D002000100140C80700202DE9F04FFF
:10FFA00085B016461F469DF840A00446FFF75EFF49
:10FFB0000190FFF7D1FFB04271EB070354D23E4BE3
:10FFC000301A67EB0101984271F100014FD23B4BAF
:10FFD00003EB0413D3E902239F4208BF96425ED08D
:10FFE00037494FF4803804F1500508FA04F8AD00A1
:10FFF000C1F848832046ADB204F09BFC26F07F4B4D
:020000040001F9
:1000000005F1804504F5A87305F58835DC464FF009
:1000100003090293029A2CF07F4341F82230C1F881
:100020004483D1F80435274A6FF00200C01A6044B7
:1000300020F07F40904232D9286868B1D1F8043569
:100040000393A3EB0B0020F07F40B0F5000F26D9FF
:10005000204604F06EFC039BBAF1000F07D109EBB8
:10006000030C09F10109D5E7BAF1000F09D06FF0CF
:10007000150520460199FFF741FF284605B0BDE868
:10008000F08F0123104ABFF35B8FA34052E8000FAB
:10009000184342E800010029F8D1BFF35B8F0749FC
:1000A0000E98230101EB0412C8500F9B5360C2E964
:1000B00002670025DDE700BF01008000B0070020D7
:1000C00000100140FDFF7F00980D00207FB51C4C03
:1000D0001C4BC4F80833C4F848331B4B00254FF0C1
:1000E000FF304FF0FF31C4F80855C3E902014FF467
:1000F0008033C4F80433154B02264FF4003201213B
:10010000C4F804631120C3F880212A46FDF7BAF829
:100110001120FDF787F80E4A0123A36023601360C6
:100120000C4B0D4A0093CDE9015500232846FFF7FB
:1001300035FF3046FEF738FD284604B070BD00BFDD
:100140000010014003000F00B007002000E100E0B4
:100150009C0D0020B5FE0000FFFF7F002DE9F74356
:100160002F4CD4F8043399070BD5D4F8043143B19C
:100170002C4A0023C4F80431D4F804311368013345
:100180001360D4F80433DA0329D5BFF35B8F264B11
:1001900053E8002F22F0010143E800100028F7D1B6
:1001A000BFF35B8FD30702D4D4F84031BBB1002535
:1001B000C4F84051D4F84031FFF7CEFEEFF311827E
:1001C000202383F31288BFF36F8F184BD3E90267A4
:1001D000B042B94106D282F31188BFF36F8F03B0EA
:1001E000BDE8F0834FF0FF384FF0FF39C3E90289D3
:1001F000D3E900101D604FF48033C4F84833C4F8CD
:100200004051D4F8403182F31188BFF36F8F002939
:10021000E5D0009032463B4628468847DFE700BFDE
:1002200000100140A00D0020980D0020B007002014
:1002300030B5431C124C85B005D08442A8BF04469B
:10024000012CB8BF0124FFF787FE0E4B0C4DD3E9FC
:100250000013401AB0F5000F10D22218AA4228BF8E
:100260002A4652184FF0000007490091CDE90100DD
:1002700043F10003FFF792FE05B030BD2A46F0E7D8
:10028000FFFF7F00C0070020B5FE000008B5FFF7A4
:1002900063FE024B1B68C01A08BD00BFC0070020E8
:1002A00010B5084C012363601120FCF7C9FF064B11
:1002B000C4F80833C4F84833044B4FF40032C3F891
:1002C000802110BD0010014003000F0000E100E09C
:1002D000F0B5816885B01039054621F0070403F0B8
:1002E00081F90B4B6E4603F1100C324618685968C1
:1002F000374603C7083363453E46F7D110232146EE
:10030000284603F026F9003818BF012005B0F0BDDB
:100310003065010030B50D46816887B0102302AA10
:100320001039044603F000F9002802DA012007B072
:1003300030BD102202A9204604F01FFB00283AD14C
:100340001E49102202A805F02FFD00280CBF012332
:1003500002232B70204604F0FCFA012301460DF124
:100360000702204603F0E0F80028DFDB9DF80730A5
:1003700003F00F021B096A702B7101220DF10701B6
:10038000204604F0FAFA10B96B78042B03D9012344
:100390006B7000232B71A268183A22F00702083A0A
:1003A000A91C204604F0FCFA0028BFD1E91C204615
:1003B00004F04FFBBBE70323CBE700BF3065010030
:1003C0007FB5264D4400694655F8240004F047FBEC
:1003D000002835D1013402A955F8240004F03FFB70
:1003E00001282BD103238DF808308DF80B309DF8B0
:1003F00000509DF808601A4A00241078294604F03D
:10040000AEFA18B35078314604F0A9FAF0B19378F7
:10041000042B03D09DF80310994217D1D378042BF5
:1004200003D09DF80B10994210D11379042B09D1F8
:100430005079831E022B03D804B070BD0028D6D09B
:10044000FF20F9E79DF802109942F1D00134032C06
:1004500002F10602D1D10120EEE700BF10650100D4
:10046000AE680100BFF34F8F0549064BCA6802F41E
:10047000E0621343CB60BFF34F8F00BFFDE700BFC7
:1004800000ED00E00400FA05024AD2F80034002B27
:10049000FBD0704700E0014010B54FF08053D3F817
:1004A00030210D2A55D14FF080410022C1F80C2196
:1004B000C1F81021C1F838254C4AD3F80404C2F819
:1004C0002005D3F80804C2F82405D3F80C04C2F8B8
:1004D0002805D3F81004C2F82C05D3F81404C2F888
:1004E0003005D3F81804C2F83405D3F81C04C2F858
:1004F0004005D3F82004C2F84405D3F82404C2F818
:100500004805D3F82804C2F84C05D3F82C04C2F8E7
:100510005005D3F83004C2F85405D3F83404C2F8B7
:100520006005D3F83804C2F86405D3F83C04C2F877
:100530006805D3F84004C2F86C05D3F84434C2F817
:100540007035D1F80034DA0709D56FF00103C1F82E
:1005500000344FF08053D3F830310D2B0CD14FF0D5
:100560008053D3F834313BB14FF01023D3F8082235
:100570004FF08043C3F858254FF01021D1F80C32CA
:10058000DB0714D51A480123C0F80435FFF77CFFB8
:10059000D1F80C3223F00103C1F80C32FFF774FFDD
:1005A0000023C0F80435FFF76FFFFFF75BFFD1F8BA
:1005B0000032002B03DBD1F80432002B14DA0C4993
:1005C00001234FF01020C1F804351224FFF75CFF1F
:1005D000C0F80042FFF758FFC0F80442FFF754FF8D
:1005E0000023C1F80435DEE710BD00BF00C00040A5
:1005F00000E0014030B50468CCB1BFF35B8FB4FAC2
:1006000084F3C3F11F03DBB201229A4024EA020201
:1006100050E8005FA54204D140E8002CBCF1000F77
:10062000F6D1BFF35B8FE6D102480B7030BD0248B4
:10063000FCE700BF0000AD0B0200AD0B10B5036876
:10064000CB40DB0714D401238B400268BFF35B8FE0
:1006500043EA020150E8004F944204D140E8001CF4
:10066000BCF1000FF6D1BFF35B8FEED1014810BD96
:100670000148FCE70000AD0B0400AD0B014BC3F8D3
:100680000405704700F00140044B1A7922B9012299
:1006900018601A710248704702487047A40D002084
:1006A0000000AD0B0C00AD0B08B5074B1B682BB160
:1006B0000020FCF7D9FD08B9FCF7B4FD4FF08043EA
:1006C0000022C3F8182508BDA40D002010B510B1F4
:1006D000012843D010BD4FF08043D3F81814D3F84D
:1006E0001824C80321D502F00303012B04D013B151
:1006F000002004F023FA00234FF080420220C2F8C9
:10070000183508224FF4827303F1804300211960E9
:1007100002F180421C6801241460154A12680AB371
:100720004FF08043C3F80403D4E7D3F81424D1076F
:10073000E1D5D3F81C249207DAD40D4A12681AB115
:100740000222C3F80423C5E7D3F80421002AFBD012
:100750000022C3F80421D3F80431BBE700224FF490
:100760008073D1E71A68002AFCD019601B68B1E7D2
:10077000A40D002010B54FF08043D3F8002152B1F2
:100780000020C3F80001D3F800210122C3F8082398
:10079000104B1B6898474FF08043D3F8042172B187
:1007A0000022C3F80421D3F80421D3F81824D3F885
:1007B0001824920704D10122C3F818259A6010BDAD
:1007C0000222C3F80823034BBDE810401B68012038
:1007D000184700BFA40D0020036803F01F025B0947
:1007E000026004D0012B034818BF002070474FF06F
:1007F000A040704700030050034A430900F01F0067
:10080000D35C1844C0B27047C068010070B505469B
:10081000FFF7F2FF0C4C08300E4634F81030DA05C2
:1008200008D5C3F3432304EBC302284654F83330FE
:1008300052689847A3682BB1E26831462846BDE864
:100840007040184770BD00BF2C06002008B5FFF7A8
:10085000D3FF034B083033F81000400B08BD00BF36
:100860002C06002008B5FFF7C7FF034B083033F80C
:100870001000C0F3400008BD2C06002008B5FFF7AB
:10088000BBFF034B083033F81000C0F3401008BD25
:100890002C060020034611F0010010B5CCB20DD19A
:1008A000A207C4F3400012D5094AD2F820055860C7
:1008B000C2F82005003818BF012008E04FF0A04121
:1008C000D1F820251A60C1F82025002AE8D010BDF3
:1008D0000003005010B5FFF78FFF124A083032F8BE
:1008E0001030D9051CD5C3F3432123F4F85322F863
:1008F000103002F10E04002034F8023F13F4807F20
:1009000003D0C3F3432399420AD001302A28F3D1FC
:10091000002342F831300448BDE81040FFF78EBE96
:1009200010BD00BF2C06002098060020F0B505463B
:1009300000200446012607468C420BD1114BD3F808
:100940007C2132B10022C3F87C21D3F87C3140F005
:100950000040F0BDE3B29B0003F580729B0806FAED
:1009600003F31D420BD002F1804202F5C042D2F8DF
:1009700000C0BCF1000F02D01760126818430134A8
:10098000DAE700BF00600040F7B506460846FFF70B
:1009900033FF194F00F108050C4637F81530DB0717
:1009A00027D5304604F08FF92046FFF767FF40B1A6
:1009B0002046FFF74BFF316800F5A270002341F895
:1009C00020302046FFF786FF002301A827F81530C6
:1009D0000194FFF701FF019B00EB8300074BD0F868
:1009E0000027134043F00203C0F80037044803B067
:1009F000F0BD0448FBE700BF2C060020F0F8FCFF28
:100A00000000AD0B0400AD0B2DE9FF4116468046FA
:100A10000846FFF7F1FE0D463168044609B3284643
:100A2000FFF720FF18B12846FFF728FF10BB00236F
:100A3000CDE900338DF80E308DF80F300DF10F0237
:100A40000B4628460DF10E0104F0D4F8474A04F194
:100A5000080132F8113023F0020343F0010322F8B9
:100A60001130736863B328461F785968FFF7FAFEA0
:100A700010B1D1B13E4826E03C4A04F1080032F8FA
:100A8000103023F02003DB04DB0C22F8103061B1BE
:100A9000032FEFD87168496891F800C0D8F80010AA
:100AA000A7B90CF5A27C41F82C70304A04F108017A
:100AB00032F8113023F01C0343EA870322F8113087
:100AC000B3684BBB2B4804B0BDE8F08101EB8C014F
:100AD00043EA4C33D1F810E52EF0030EC1F810E5CF
:100AE000D8F8001001EB8C0E43F02003DEF810154F
:100AF00022F8103021F44F3121F44071CEF8101556
:100B00002902DEF8108501F47C5141EA074141EAEF
:100B10000801CEF81015C8E7D3E900672846FFF7AB
:100B2000D9FE002ECED0114DD5E90023964203D137
:100B30009F4201D1002209E00F480DF10F01FFF79C
:100B400059FD0C4B9842BED19DF80F2045F83260FC
:100B500005EBC20308345F6035F8143043EA4223E2
:100B600043F4807325F81430ACE700BF2C06002056
:100B70000400AD0B0000AD0B980600202DE9F043FA
:100B80000C4685B08046204611461E46FFF734FECF
:100B9000054629B32046FFF765FE18B92046FFF742
:100BA0006DFE18BB314F05F1080937F8193013F005
:100BB0001C0F02D04B78012B18D001238DF80F3079
:100BC0000023CDE900134A1C8B1C20460DF10F01B8
:100BD00004F010F837F8193043F0030327F8193000
:100BE000002E41D02046FFF73DFE18B9204805B041
:100BF000BDE8F08396F800C0D8F800301B4F0CF524
:100C0000A272002143F8221005F1080237F81210F1
:100C100021F02001C904C90C27F8121075781DB302
:100C2000D8F80000B67800EB8C002D04D0F8103511
:100C300023F4991323F4F853C0F81035230203F476
:100C40007C5305F440353605D0F810E52B4306F407
:100C5000801641EA4C31334341F0200143EA0E0350
:100C600027F81210C0F810350248C0E72C06002003
:100C70000400AD0B0000AD0B014BC3E9021270473D
:100C80002C06002010B508461446FFF7F7FD50B1BA
:100C90000846FFF7B1FD054B083033F81030044823
:100CA0005B0B237010BD0348FCE700BF2C0600203F
:100CB0000000AD0B0400AD0B70B5164D95F87440F7
:100CC00006462CBB2146542205F1100005F064F8BD
:100CD00030686E6E21468E420ED10023C0F87C3102
:100CE000D0F87C3140F30730FCF79CFA01230A4826
:100CF00085F87430EB6670BDCBB29B0003F5807253
:100D00007C2B08BF845001F1010108BF8358E2E742
:100D10000248F0E72C0600200000AD0B0C00AD0BE4
:100D2000034B93F87400003818BF0120704700BFD0
:100D30002C0600200148FFF781BC00BF940600206C
:100D40000148FFF757BC00BF9406002073B5036845
:100D50001646D3F80423002AA8BF4FF000420546E8
:100D6000A8BFC3F8042308460C46FFF787FD00B36D
:100D70000846FFF777FD0146D8B92046FFF766FD24
:100D800004B2A40004F580720346286881502968E3
:100D900082582144D1F8102542F00102C1F81025F3
:100DA0002EB12968012202FA03F3C1F8043302B01C
:100DB00070BD2046FFF720FD0F4B083033F8103090
:100DC000C3F38203042B12D0052B12D001A8019487
:100DD000FFF702FD019AD0F81035D34003F001036C
:100DE000991C204602B0BDE8704003F04CBF0321BF
:100DF000F7E70221F5E700BF2C0600202DE9F04FB0
:100E0000694BDFF8A881D3F80403D8F86410C0B2A6
:100E100089B040F00040FFF789FD051E2FDAC24679
:100E200000235AF8701F06A8CDE90633FFF732FDFC
:100E30005F4B01930DF118094FF0000B019A12F866
:100E4000013B0192DA0803F007031AF8022022FAA4
:100E500003F3DA071CD409F10409BBF1000F14D025
:100E6000D8F864104FF00040FFF760FDD8F870101C
:100E700006A8FFF70FFD0028DAD125F00045012470
:100E8000002D79D109B0BDE8F08F4FF0010BD5E707
:100E9000484B5B440293D9F800100029DBD0029B39
:100EA00091FAA1F11C78B1FA81F141EA441420468B
:100EB000FFF7A2FC0830059438F81070C808BB088A
:100EC00019F80020039301F00701012303FA01F14F
:100ED00022EA010209F8002005A8FFF77DFC059A27
:100EE000039B02F5E072C7F3820650F822205B07ED
:100EF0003746C2F3014224D520463946D6B2FFF721
:100F000085FC05A80594FFF767FC059B03F5E073D6
:100F100050F82330C3F301439E4207D100212046FD
:100F200003F0B1FE3146204603F0ADFE05A805945E
:100F3000FFF752FC059B012202FA03F3C0F82035AB
:100F4000A9E7022A0CD10321204603F09CFE06F0FB
:100F50000503012BEAD139462046FFF757FCE5E7A8
:100F600002212046039203F08EFE032EF3D0039A53
:100F7000032ADBD1022EEDE795FAA5F3B3FA83F34A
:100F800004FA03F29B0003F1804303F5C04325EA12
:100F90000205D3F81005D3F81015C0F30520C1F3EE
:100FA0000141FFF733FC6BE7006000402C06002096
:100FB000D0680100D0680100044AD2F80034DB0791
:100FC000FBD50160BFF35F8F704700BF00E00140B9
:100FD0004FF080531A69B0FBF2F302FB130373B9AD
:100FE000084B0222C3F80425C3F80805D3F80024EF
:100FF000D207FBD500220448C3F8042570470348F4
:10100000704700BF00E001400000AD0B0A00AD0BCF
:1010100010B5054C0123C4F80435FFF7CDFF0023BC
:10102000C4F8043510BD00BF00E00140014601488E
:10103000FFF7E0BAA4060020036803F01F025B0973
:10104000026004D0012B034818BF002070474FF006
:10105000A04070470003005073B51646421C1C4662
:101060000546069B18D0012902D1BBB103F0B7FE9B
:1010700001A80195FFF7E0FF019B00EB830024022C
:10108000D0F80027074B44EA86040C4313401C4366
:1010900044EA4101C0F8001702B070BD03F0ACFE95
:1010A000E6E700BFF0F8FCFF4B69184A934221D0F5
:1010B0000DD8174A93421DD007D8164A934219D02B
:1010C000154A934216D015487047154AF9E7154A54
:1010D000934208D004D8144A93420BD0134AF0E745
:1010E000134A9342EFD10279124B1348002A08BFEA
:1010F0001846704791F8213013B1CB680133F2D113
:10110000CB690133EFD10C48704700BF80841E00CB
:1011100020A1070048E8010090D003000400AD0BB7
:1011200040420F000024F40000093D0000127A0044
:101130000048E8010300AD0B0000AD0B2DE9F04FB6
:10114000874B4D6990F804909D4285B006460C4649
:1011500000F0CE8000F2BE80824B9D4200F0CB803A
:1011600000F2B080804B9D4200F0C8807F4B9D42D2
:101170000CBF4FF080654FF080457D4F94F8230001
:10118000242202FB0973997F60F300019977337978
:10119000217C02FB03739A7F61F341029A7794F8F2
:1011A0002380B8F1000F34D16269724B9A420CBFB0
:1011B0004FF0030A4FF0000A237E012B94BF002357
:1011C000012300932068534642460121FFF744FF64
:1011D000CDF800806068534642460121FFF73CFF8E
:1011E000CDF80080A27EA06853464146FFF734FF49
:1011F000237C83F001030093E068534642460121BB
:10120000FFF72AFF01210091E06953464246FFF7AC
:1012100023FF3379002B7AD094F82130002B76D03D
:10122000242303FB09734FF0FF321A62A368029371
:10123000D4E900BAE36994F81290227E94F81980F8
:10124000D4F80CE094F810C094F82200039333799A
:10125000002B7AD094F8201094F8244033687CB99D
:10126000029CC3F808B5C3F80CA5C3F81045039C4D
:10127000C3F86C45C3F814E5C3F868C5C3F8640542
:10128000B8F1000018BF0120022AC3F8C095C3F8C6
:1012900024555CD0032A5DD0012A01D140F0020020
:1012A000C3F85405C3F86015337924225343FB581F
:1012B000002B52D0306840F3073005B0BDE8F04F46
:1012C000FBF7B0BF2C4B9D420CBF4FF080554FF049
:1012D000804552E7294B9D4213D0264B9D4213D0A7
:1012E000274B9D420CBF4FF000454FF0804544E72F
:1012F0004FF0005541E74FF000653EE74FF00075B5
:101300003BE74FF0206538E74FF0A05535E7242242
:1013100002FB0979E368C9F82030227C99F81E3075
:1013200062F3410389F81E30A3680293E36994F8DD
:101330001290227E94F819800393D4E900BA4FF0FA
:10134000000C4FF0FF3E022081E7022184E740F0CD
:101350000400A5E740F00600A2E705B0BDE8F08F65
:1013600080841E0020A1070048E8010090D00300FF
:10137000AC0D00200048E80140420F000024F400BA
:1013800000127A00431C07B50ED0019001A8FFF7A8
:1013900053FE019B00EB8300054BD0F80027134060
:1013A00043F00203C0F8003703B05DF804FB00BF50
:1013B000F0F8FCFF2DE9F04790F80490144C242538
:1013C00005FB09F504EB050A1F469AF81C30064692
:1013D0009046D3B961B96251CAF80470242303FB63
:1013E0000944002363770B4801232377BDE8F08786
:1013F000FFF75AFE074B9842F8D1304644F8058073
:10140000CAF80470FFF79AFEE8E70348EEE700BF6A
:10141000AC0D00200000AD0B0C00AD0B2DE9F04130
:101420000446067900681F4D40F30730FBF708FFBC
:1014300024237343EB5853B123681B4AC3F8082392
:1014400006EBC601206805EB810103F0E2FC2421D4
:10145000236801FB0651D3F80805D3F80C75D3F8BF
:1014600010858B7FDB0716D4FFF78CFF4046FFF714
:1014700089FF3846FFF786FF086AFFF783FF237965
:101480004BB12368D3F86C05D3F81415FFF77AFF36
:101490000846FFF777FF242303FB065500232B772D
:1014A000BDE8F081AC0D0020520108002DE9F043A9
:1014B0000779554D24237B439046EA180E46517F09
:1014C00085B08146002940F09C80EB5823B118F08C
:1014D000140F04BF0123537796E80F00242404FB64
:1014E000075404F10C0C8CE80F00206A421C04D055
:1014F000A37F9B071AD503F072FC3368D9F800402C
:1015000023B103F06043B3F1005F06D1B36883B148
:1015100003F06043B3F1005F0BD0242303FB0753B8
:1015200000223A485A7705B0BDE8F08303F064FC26
:10153000E3E718F0010318BF0123C4F8503518F091
:10154000020318BF0123C4F8403596E80F00EC46AB
:101550008CE80F00039BC4F84405C4F84815C4F890
:101560003425C4F838350023C4F81831D4F81831BC
:101570000723C4F8003524237B4318F0080F05EB3C
:1015800003021DD1E8580121216158B9D4F818315E
:10159000002BFBD062464021204603F0E2FB2423CF
:1015A0007B43EA18EB5813BB106A461C13D107EBB8
:1015B000C70705EB8701204603F02BFC1448B2E770
:1015C000EB58A3B9106A411CF8D0937F9A070BD54A
:1015D00003F012FCF2E7937F9B0702D503F00CFCAB
:1015E000E5E703F0FCFBE2E703F0F9FBE6E718F0C0
:1015F000040F4FF0400314BFC4F80833C4F8043399
:10160000DCE704488FE700BFAC0D00200A00AD0BFB
:101610000000AD0B0B00AD0B02494FF0402003F072
:101620000EBC00BFAC0D00200149024803F007BC0E
:10163000D00D002000F0024008B5144BA822002174
:10164000184604F0A9FB0322026111494261114AC4
:101650008161C2614FF48062026200228262426252
:10166000C26201660C494166102181660346026729
:10167000C2664267BFF35F8F084911F8010D9854A5
:101680000132102AF9D1BFF35F8F08BD100400208A
:10169000D26801001000002000000020EB6801006B
:1016A00070B516461D465A1C03681344C2689A4218
:1016B000044605D2006A082103F0F4FE002070BD44
:1016C00032783DB1AB1E062B9ABF0C4AD35C002387
:1016D0001833DAB2204603F0E8FE0028EED0354495
:1016E000B54203D1A3680133A360E8E723685A1C1D
:1016F000226015F8012D1A70F2E700BFEC680100B6
:1017000038B5EFF31185202383F31288BFF36F8F71
:10171000064B9C6803F0CDFF85F31188BFF36F8FF4
:101720002046BDE83840FBF701BD00BFF40D0020A6
:1017300038B5094B53F82040013053F82050A542EA
:1017400000D838BD636823B1204603F0B5FF0834E4
:10175000F5E723689847FAE71865010070B52B4B49
:101760002B4C2C4D012286B003201A70FFF7E0FFAE
:10177000FBF7BCFA03F0BCFF0420FFF7D9FF2646B5
:10178000AE4204F1300410D300F06AFD204C224E2A
:10179000AC4226D300F078FDFAF71CFF1F4A137BFA
:1017A00023F00103137306B070BD54F80C3C05938D
:1017B00054F8103C049354F8143C039354F8183C28
:1017C000029354F81C3C019354F8203C009354E9D4
:1017D0000A2354E90C0100F049FB54F8303C5E65E3
:1017E000CDE7D4E90A23B3F1FF3F08BFB2F1FF3FD1
:1017F00005D052EA0301206803D104F02AF93034FD
:10180000C6E73146183000F005FFF8E7700E0020FB
:101810005461010054610100815B01005008002007
:1018200008B50348034A0021121A03F05DFF08BD02
:1018300010070020740E002070B5002386B001222E
:10184000CDE90423134E144D01930F22CDE902324A
:101850001249142303FB005506EBC01604464FF44F
:10186000C07000FB04110E4B00954FF4A07230467F
:1018700000F0FCFA737B0B4AEE6023F004037373F1
:101880004FF4046304FB033313442C746B6006B001
:1018900070BD00BFD0070020F40D0020001F002005
:1018A0003B580100C0160020BFB50020FFF740FFE5
:1018B0002C4B83F308882C4D2C4E6B692C4F43F432
:1018C00000736B610024E02385F82230EC772C76DE
:1018D0006C76AC7685F820406B6A43F4E0236B624B
:1018E00085F82340FBF78CFBFBF754FD4FF0FF33EB
:1018F000AB62EB62FBF714FEFBF770FD1D4BB360B0
:1019000040F201129A81C3E91844DC6603F0BDFE7F
:101910000120FFF70DFF0220174DFFF709FF00F030
:10192000D3FC164B75610593012315490094CDE94D
:1019300003434FF480623B46CDE90144284600F062
:1019400095FA6A7B064622F0040228466A7304F080
:10195000BCF82046FFF770FF3A4631462846FBF7B1
:10196000F7FC00BF001F002000ED00E0F40D002098
:101970005D1701007009002050080020F368010085
:101980008020002038B5064C064DAC4201D3002023
:1019900038BDD4E90112204603F0ABFE1434F4E75D
:1019A000DC060020DC06002038B5064C064D002081
:1019B000AC4200D338BD204603F000FF0028F9DB1D
:1019C0001C34F5E7C0060020DC06002073B50C4689
:1019D000EFF31181202585F31288BFF36F8FC5685F
:1019E0005DB125602B68C36083690133836100208A
:1019F00081F31188BFF36F8F11E052EA030603D120
:101A000025606FF00B00F3E7CDE9002302460830B4
:101A100000F0B6FB18B9034B9B685B69236002B00A
:101A200070BD00BFF40D002037B51146EFF31185EE
:101A3000202282F31288BFF36F8F04689CB1236861
:101A4000426823F003039442036008BF436001210E
:101A5000204603F05EFF044685F31188BFF36F8FC5
:101A6000204603B030BD51EA0302F5D000F1080270
:101A7000CDE900131046294600F082FB0028EFD183
:101A8000014B9B685C69EBE7F40D002038B5044618
:101A9000EFF31185202383F31288BFF36F8F04F0D7
:101AA00073F848B10022826704F00FF8294608480D
:101AB000BDE8384000F090BBD4E902329A4218BF2A
:101AC0000133A36085F31188BFF36F8F38BD00BF6A
:101AD000710E002013B5EFF31181202484F31288D6
:101AE000BFF36F8F846844B1013C846081F3118837
:101AF000BFF36F8F002002B010BD52EA030406D17D
:101B000081F31188BFF36F8F6FF00F00F3E7CDE91A
:101B100000230246014800F033FBECE7710E002081
:101B200070B50446EFF31185202383F31288BFF3C9
:101B30006F8F6FF00A06204604F026F818B186670A
:101B400003F0C3FFF7E7A06029460248BDE87040F4
:101B500000F042BB710E00201FB5094A92E8030055
:101B600002AB83E803004FF4806200930549064806
:101B70004FF0FF3300F00CF9002005B05DF804FBD6
:101B800060610100C0240020D00800202DE9F0434E
:101B9000DFF8348185B005464FF0FF364FF0FF3750
:101BA000EFF31189202383F31288BFF36F8FD5F8E9
:101BB00080408CB9022105F1980003F0DFFE002877
:101BC00060D10023CDE90067029305F18802494600
:101BD0003E4800F027FCE3E7D5F884202368C5F8E9
:101BE0008030944208BFC5F88430D5F8983043F06F
:101BF0000203C5F89830E36823F0040343F00103BF
:101C0000E360636889F31188BFF36F8F20469847BC
:101C1000EFF31189202383F31288BFF36F8FE368FA
:101C2000D90623F0010237D4E260E3689A071AD597
:101C3000D8F8000023F00203E360A0B1026800219D
:101C400088B143689C4237D1036869BBD8F8042047
:101C5000C8F80030824201D1C8F80430002340F8AF
:101C6000083BFFF713FFD5F8983023F00203C5F8BF
:101C7000983089F31188BFF36F8FDB0590D400F0A3
:101C80002BFB8DE705F1900400220121204603F093
:101C9000D4FF0028F8D194E723F01103E36004F1A6
:101CA0001000FFF7F3FEC0E70B60D8F80430834262
:101CB00008BFC8F80410D1E722B1136801461046E6
:101CC0001A46BDE71346F9E7140E0020710E0020F6
:101CD000F8B5C3689A0704460F46C3F340062CD4F0
:101CE0005B071AD40B680BB983680B60E368DD07E8
:101CF00044BFA3683B603D684CBF02260126002D0F
:101D00003AD01F4B9B68AB420AD0D5F89830D80721
:101D1000C3F3800214D46FF0120600233B6025E069
:101D200003F08EFED5F898300028F0D1D907C3F320
:101D3000C002F0D552B15B0708D46FF00F06ECE794
:101D4000002AFAD1C3F3C003002BF6D1002323608D
:101D5000D5F8843063B9C5E92044284603F019FE5C
:101D6000E36843F00403E3603B68A3603046F8BDDA
:101D70001C60C5F88440F0E76FF01506CDE700BFA2
:101D8000F40D00200146014803F044BED0080020B5
:101D9000F0B589B004460020C4E920000E9D04F18E
:101DA0008800C4E9220004F19000C4E924004DB386
:101DB0002879002840F2011008BF0120C4F89800DB
:101DC00000204FF0FF364FF0FF37CDE90330CDE96B
:101DD0000100CDE906670C4B0094204600F092F814
:101DE00055B1296811B1204603F030FE6B791BB163
:101DF000237B43F001032373204609B0BDE8F04084
:101E000003F027BE0120D9E78D1B010037B50190F3
:101E10000846EFF31184202181F31288BFF36F8FFE
:101E2000C16811F01E0F16D153EA020508D101A9AD
:101E3000FFF74EFF84F31188BFF36F8F03B030BDFF
:101E400041F00801C160019981621030034900F03E
:101E5000E1FB0120EEE70020ECE700BFA159010003
:101E600001460148FFF7D2BFD00800202DE9F0431A
:101E7000073285B022F007020E461F461099017303
:101E800000F158037F32C0E916330446002322F0E4
:101E90003F020421836041733F2A0F98A073C4E975
:101EA0000633E37306F14009A2F1400805D883F335
:101EB0001188BFF36F8F084602DFB5182946204608
:101EC000FAF726FF07300E9B20F00700A066C4E952
:101ED000189802930D9B01932D1A0C9B00932A4690
:101EE0003B4631462046FBF701FA00236365044B6D
:101EF0009B6803B1DB6EE366284605B0BDE8F0835E
:101F0000F40D0020F0B587B000250595109D0495CF
:101F10000F9D03950E9D0295DDE912760D9D0195AD
:101F20000C9D00950446FFF7A1FFB6F1FF3F08BFE7
:101F3000B7F1FF3F05D056EA070305D1204600F070
:101F40005DF9204607B0F0BD03493A46334604F137
:101F5000180000F05FFBF4E7815B010038B50D4D20
:101F60002B4653F8184F9C4200D004B9EC68AB687C
:101F700038B95A7BD20604D1A26912B9DA897F2A0C
:101F800005D89C4202D0204600F08CFA23466B61B3
:101F900038BD00BFF40D002008B590F90D20437B3B
:101FA000002A014604DA03F07F03437303F053FD74
:101FB000044B9868431A58425841BDE80840FFF75F
:101FC000CDBF00BFF40D002070B490F90D30427BFE
:101FD000002B29DBD30627D183692BBB134962F081
:101FE0007F0242730A4652F8184F944218BF2346A4
:101FF000CC6923B9C0E900242060C8610CE090F9E5
:102000000E5093F90E60B5420AD0AE4208DD5A6810
:10201000C0E900321060586070BC0020FFF79EBF1E
:102020009C42E7D01B68E4E770BC7047F40D0020C9
:102030002DE9F041002A427B0E460CBF10210821F9
:10204000114204460FD141EA0203D20918D1437369
:1020500008291BD00120FFF781FFBFF35F8F637B4F
:1020600023F060036373274B9B68A34243D1EFF3D4
:102070000583002B3FD13046BDE8F041FBF76CB83B
:1020800003F07F03437303F0E6FCE1E7A36813B1B9
:10209000204603F0E8FC04F1180003F0F0FDA56D04
:1020A00004F15807AF4211D04FF0000875B128462F
:1020B00003F0D9FC05F1180003F0E1FDC5F87880C4
:1020C0002846FFF781FFA56DAF42EFD10D4DAB68FC
:1020D0009C42BFD1EFF30583002BBBD00120FFF75B
:1020E0003DFF094BAB6040F201129A810022C3E927
:1020F0001822DA66B1E786F31188BFF36F8FBDE867
:10210000F08100BFF40D00207009002070B590F937
:102110000D20437B002A014604DA03F07F0343735A
:1021200003F099FC4B7B154A63F07F0310464B7319
:1021300050F8183FD469834208BF002323B9C1E98E
:1021400000042160D1610CE091F90E5093F90E600A
:10215000B5420ED0AE420CDD5868C1E900300160D6
:1021600059609068431A5842BDE870405841FFF7E3
:10217000F5BE9C42E3D01B68E0E700BFF40D0020F1
:10218000F8B5124B0C461146114A98681060DDE90B
:102190000676EFF31182202282F31288BFF36F8F4D
:1021A0009D68284603F069FCB6F1FF3F08BFB7F110
:1021B000FF3F06D007493A46334605F1180000F0C4
:1021C00029FA2046BDE8F840FAF7C6BFF40D002012
:1021D0001C0E0020815B010049B9EFF3058030B986
:1021E000054B5A699B689A4201D0FAF7B5BF81F353
:1021F0001188BFF36F8F7047F40D002010B5EFF317
:102200001184202282F31288BFF36F8F427B510723
:1022100004D484F31188BFF36F8F10BD22F0040241
:102220004273FFF7D1FE21460248BDE81040FFF798
:10223000D3BF00BF710E0020034648B9EFF30582FB
:1022400032B9064A51699268914201D0FAF784BFC7
:1022500083F31188BFF36F8F704700BFF40D002028
:10226000EFF31181202383F31288BFF36F8F054BA7
:102270009A68D37B013BD37381F31188BFF36F8FCF
:10228000704700BFF40D002038B5EFF3118520240E
:1022900084F31288BFF36F8F0A4B9A68D37B0133A4
:1022A000D3730020FFF75AFE85F31188BFF36F8FB9
:1022B000EFF3118084F31288BFF36F8FBDE83840CD
:1022C000FFF7BABFF40D0020024B03F11802C3E977
:1022D00006227047F40D0020F8B5EFF31185202396
:1022E00083F31288BFF36F8F19498868437B03F02B
:1022F0007F03437303F0AFFB8B685A7B084662F0A1
:102300007F025A7350F8182FCC69824208BF00220E
:1023100022B9C3E900042360CB610CE093F90E609D
:1023200092F90E70BE420ED0B7420CDD5168C3E97F
:1023300000210B6053600120FFF710FE2846BDE826
:10234000F840FAF709BFA242E3D01268E0E700BF05
:10235000F40D002050EA01032DE9F04105460E4638
:1023600003D1FFF7B9FF00202BE0831C71F1FF338D
:1023700029DB03F099FC2C18EFF31188202383F359
:102380001288BFF36F8F124F124BB8681860FFF7B7
:1023900003FEB86810492A463346183000F03AF96F
:1023A000BA68537B43F0100353734046FAF7D4FEE8
:1023B00003F07AFC201A63EB0303012873F1000396
:1023C000D1DBBDE8F0816FF00104241AD4E700BF2F
:1023D000F40D00201C0E0020815B0100B1F1FF3FD5
:1023E00008BFB0F1FF3F08B506D10A4B986803F06B
:1023F0007BFB4FF0FF3008BDFFF7ACFF4FF47A7165
:1024000047F6FF730022C0FB0132D80B40EA42407E
:10241000F1E700BFF40D0020014B9868704700BF42
:10242000F40D0020D3B5DDE90667089CCDE900670F
:10243000FFF7A6FE1CB1034B9B685B69236002B0EB
:10244000D0BD00BFF40D0020044BC01A044BC010D7
:102450005843044B01221A54704700BFF009002072
:10246000ABAAAAAA710E0020C3897F2B12D80A4BEF
:102470001B6863B1094B90F90E201B689A4209DB77
:10248000437BDB0606D1064BC31A18BF012303F0BA
:10249000010070470023FAE7240E0020200E0020E0
:1024A000D007002070B50E4B0E4C1E7C06EB460389
:1024B00004EBC3040546204603F0E1FB0A4B00226F
:1024C00028469A55FFF7D0FF48B1084B08491A68CB
:1024D000013A2046D317BDE8704000F09BB870BDAC
:1024E000F40D0020F0090020710E0020240E0020C1
:1024F0004924010038B5EFF31185202383F31288B6
:10250000BFF36F8F104B114A9C681068A04206D130
:10251000FFF7C8FF85F31188BFF36F8F38BD002127
:102520001B7C11600A4AD35C002BF3D02046FFF7D6
:102530009BFF0028EED0637BDB0602D12046FFF72D
:10254000E5FD2046E4E700BFF40D00201C0E00204E
:10255000710E002008B50648064A0749121A03F012
:10256000C5F8BDE80840054A0549064803F0BEB86D
:10257000C0040020100700201869010000000000BE
:1025800010690100C0040020034B1B680BB9FDF764
:102590007DBE0020704700BF280E002030B570B10E
:1025A0000B4B5B6898420AD0036843B1D3E904211E
:1025B000D0E90445121941EB0501C3E90421D0E932
:1025C000003213605A600023C0E9003330BD00BF01
:1025D000A806002010B50E4B1C689C4204D1FFF7E2
:1025E000D3FF6FF0004010BDFFF7CEFF002CF8D0F6
:1025F000D4E904321B1A62EBE072B3F1004F72F1BE
:102600000001EEDA002AACBF18460020EBE700BF5D
:10261000A8060020B3F1FF3F08BFB2F1FF3FF8B5B5
:1026200004461D4616465ED08160EFF311872023D5
:1026300083F31288BFF36F8F013275F1FF3324DA11
:102640002E49D1E900206FF001039B1A4FF0FF32B1
:1026500062EB00009E1B60EB0500012E70F1000391
:1026600001DA01260020C4E90460254ED6F800C036
:102670007568B44508BF4FF0000CBCF1000F0DD1D8
:10268000C4E900652C6074601CE0FFF77DFF013633
:1026900045F10005361845EBE070E4E7DCE904207D
:1026A000D4E90431934271EB000E1DDAD21ADCF842
:1026B000043060EB0100CCE90420C4E900C31C60D5
:1026C000CCF804403368B34209D09C4207D10D4B8B
:1026D0001C6824B9FFF77EFF2146FDF7A9FD87F3AB
:1026E0001188BFF36F8FF8BD9B1A61EB0001AC45F9
:1026F000C4E90431C4D0DCF800C0BEE7080A0020F9
:10270000A8060020280E00202DE9F84FEFF3118CC9
:10271000202383F31288BFF36F8FDFF8B0A0DFF8B8
:10272000B0902C4FC9F80000DAF8000000245045A2
:1027300008BF00200025D7E90021D9F80030E04685
:1027400078B3D0E9046C4FEAE37EB3427EEB0C0B26
:1027500005DAF61A6CEB0E04C0E9046421E0B21845
:1027600041EBE671C0E90445C7E90021FFF716FF18
:1027700088F31188BFF36F8F83689847EFF3118850
:10278000202383F31288BFF36F8FD9F80030DAF873
:1027900000009B1B5045C446C9F80030CBD1D7E997
:1027A00000219A1841EBE3730024C7E90023C9F81C
:1027B0000040FFF70FFF2146FDF73AFD88F311882F
:1027C000BFF36F8FBDE8F84FFFF794BEA806002057
:1027D000280E0020080A002010B5EFF311842023F2
:1027E00083F31288BFF36F8FFFF7CEFE054A0346CF
:1027F000D2E90001181841EBE37184F31188BFF3AB
:102800006F8F10BD080A002073B506460D4603F011
:1028100017F978B90B4B9B68DC6E7CB12A1D09D285
:1028200000200021CDE9000146F00401204602F01D
:1028300068FF08B9002401E00460041D204602B0CE
:1028400070BD00BFF40D00200CB430B589B0054652
:102850000C461C22002101A803F09EFA02238DF8E9
:1028600006300E4B0293059523462CB1B4F1004F70
:1028700028BF4FF00043013B1D440DAA0C9906955B
:1028800001A8009200F00CF814B1059B00221A7008
:1028900009B0BDE8304002B0704700BF775E01006C
:1028A0002DE9F04F8DB043680293837815469A075F
:1028B000804640F10D8100240E78002E00F00A8140
:1028C000252E0BD04B1C03930134029B414630460E
:1028D00098470028C0F2F6800399EDE74E788B1CEC
:1028E000252E0393F0D00027B946BB46BBF11F0F3E
:1028F00038D8A6F12003102B0AD8DFE803F02A0904
:1029000009300909092109090928092D09091F00A8
:10291000A6F13003092B33D92A2E37D11BF0400FF3
:1029200055F8043B40F08280002BA7BF4BF0200BF2
:102930009946C3F100094BF0280B01E04BF0010B65
:10294000039B13F8016B0393002ECFD130E04BF0C3
:10295000020B4BF0040BF3E74BF0080BF0E74BF0E6
:10296000100BEDE7BBF17F0F19D8A6F13003092B4F
:10297000D2D81BF0400F03D00A2101FB0737DFE755
:102980000A2101FB09394BF0200BD9E72E2E06D185
:102990001BF0400F40F09E804BF0400BD0E76C2EB8
:1029A00031D02BD8682E36D06A2E3CD04C2E3AD05F
:1029B000002F46F02003B8BF2BF04002A3F16501C1
:1029C000BCBF1FFA82FB0027022901D9612B2FD13E
:1029D000073525F00705DFF8ACA2083507271BF0FF
:1029E000080F66D00AEB070B56465E4563D1A4EB91
:1029F0000A0A06EB0A02A9EB07096FE1742E9FD0C1
:102A00007A2E9DD0D4E71BF0800F18BF4BF4007BCB
:102A10004BF0800B94E71BF4807F18BF4BF4007BD6
:102A20004BF4807B8CE74BF4207B89E71F4687E7DC
:102A3000A6F16301122900F2F080DFE811F0130023
:102A40004F00EE00EE00EE00EE004F00EE00EE0054
:102A5000EE00EE00EE00FE00E900EE00EE001B00CE
:102A6000EE00AF0055F8043B8DF8183001270DF14A
:102A7000180AB4E755F804AB834BBAF1000F08BF4E
:102A80009A461BF0400F14BF39464FF0FF315046B5
:102A900002F0C3FA0746A2E7029B4146202098476E
:102AA00000280FDB013EB742F6D34C44A41BB146CD
:102AB00098E74E46F7E716F8010B029B4146984708
:102AC000002892DA98F8023043F0040388F80230C4
:102AD0004FF0FF3420460DB0BDE8F08F1BF0800FA3
:102AE00034D01BF4007F2CD0073525F00705AA460B
:102AF00069685AF8080B2BF010050029ADB237DAD7
:102B0000404261EB410145F480650DF1180B0A2349
:102B10005A4603F059F9A0EB0B0301936B0662D5FB
:102B2000019B25F001019F4289B240F3A180002E54
:102B300000F0998015F0100240F09C80BB460D46D5
:102B400023E0AA465AF8040BC117D4E7AA461BF49F
:102B5000807F5AF8041B01D10846F5E71BF4007F7B
:102B600015BF48B208B241F3C01141F3C031C2E70A
:102B700050EA0103C9D11BF0400FC6D0002FC4D1C9
:102B80002BF0110295B2BB46019740F2064115EABF
:102B900001021CBF0BF1010B00222CE02BF01002F4
:102BA0001FFA82FB0A231BF0800C49D01BF4007132
:102BB0001DBF073525F00705AA46AA461ABF5AF8D1
:102BC000080B69685AF8040B50EA010545D12BF04F
:102BD00016051BF0400FADB242D0002F40D12BF0B4
:102BE000170295B2019715F0100248D0019B002EF4
:102BF00042D103F1010B29075AD4EB0706D5D94579
:102C00006FDD0199A9EB0B035F18CB465B4649E0EA
:102C10004BF0100B10237826C5E7782B04D1C6F1B2
:102C2000780343F01003BEE7029B414625209847F6
:102C30000028FFF647AF023447E608230026B2E734
:102C4000AA461BF480715AF8040BBDD01BF4007126
:102C50001ABFC0B2614680B2B6E72BF0060295B249
:102C60000DF1180B54E725F01105ADB2BB468CE70A
:102C70000D46B8E73B460D4603F1020BBBE7DDF816
:102C800004B082E70869010001690100CDE904325E
:102C90004146029B202098470028FFF613AF049B73
:102CA000059A01339945F1DCA4EB0B01CC189B4646
:102CB0000AB3029B4146302098470028FFF602AF36
:102CC0008EB901342744019B391B994224DC1D46EF
:102CD0005DBB019AA9EB0B09224455461446914469
:102CE00035E0019F92E7023441463046029B984707
:102CF0000028E7DAE6E640F206410D42E2D015F0A0
:102D0000020F14BF2B20202015F4806F04F1010462
:102D1000414618BF2D20E9E7029B414630209847E5
:102D2000002804F10104CEDACCE606AB013D4146B1
:102D3000585D029B98470028CADAC3E6029B4146C9
:102D400020209847002804F10104FFF6BBAEA9EB50
:102D50000403002BF2DCBFE57047F0B403460068C3
:102D60001979DB88066987683468DA0754BF43F449
:102D7000B01383F4D01301258D4023F48012DB07B8
:102D80004CBF2C43AC4334603B68F0BC184703464F
:102D90000A4600681979012303FA01F103691B68E7
:102DA000194218BF82F0010212B18368DB6818472C
:102DB00083681B69FBE7014640F2E73008B54FF432
:102DC0007A72002300EBC1304914F9F799FABDE893
:102DD0000840FFF703BB0A448A4200D1704711F84C
:102DE000013B40BA80B25840C0F30313434018037C
:102DF00080B24340580100F4FF505840ECE783682C
:102E000000EBC101B3F5004F2CBF51F8220031F89F
:102E10001200704700EBC1018068B0F5004F2CBF75
:102E200041F8223021F81230704708B50122FFF72F
:102E3000E6FFD04008BD8368B3F5004F00EBC10149
:102E400008D34B681AB143F001034B60704723F07D
:102E50000103FAE74B881AB143F001034B80704736
:102E600023F00103FAE753000122FFF7D3BF836881
:102E7000B3F5004F34BF04230823C91A081AC00849
:102E80007047B0F5004F34BF04230823481C0833B3
:102E9000A0EBD300B0FA80F0C0F11F0070472DE91D
:102EA000F041174603220E460446FFF7A8FF86426C
:102EB000054607F104080AD1E3680122BA4023EA73
:102EC0000203E360002344F82830BDE8F081314676
:102ED00002222046FFF793FF2B460646014644F8A0
:102EE000285020460322FFF795FF33462946204607
:102EF0000222BDE8F041FFF78DBF70B50D46866830
:102F00000446FFF792FFB6F5004F014601D30128B2
:102F100009D03046FFF7B5FF294602462046BDE8F6
:102F20007040FFF7BCBF70BD2DE9F04705468068D3
:102F3000FFF7A7FF05EB800A8846DAF810900646EF
:102F4000B9F1000F1BD00327DAF8104028462146BC
:102F5000FFF76BFF404507D3324621462846FFF76F
:102F60009EFF2046BDE8F087032221462846FFF752
:102F700046FF013FCAF8100001D08145E4D1EB685B
:102F800001364FF0FF34B4401C40EAD094FAA4F26A
:102F9000B2FA82F2131D55F82340DEE72DE9F04125
:102FA000144605460E46FFF740FFA4EB0608371B04
:102FB0000744424631462846FFF755FF3A46214628
:102FC0002846FFF750FF4346002221462846FFF7D8
:102FD00021FF21462846FFF728FF3B462118002203
:102FE0002846BDE8F041FFF715BF2DE9F041164630
:102FF00004460F46FFF719FF314605462046FFF706
:1030000014FF05442A4639462046FFF72CFF314677
:103010002046FFF70AFF2B46311800222046BDE864
:10302000F041FFF7F7BE2DE9F0410D4686680446F2
:10303000FFF7FBFEB6F5004F014601D3012832D061
:103040003046FFF71EFF04EB80010E6996B9E36876
:10305000012282401343E36002220D612B46294680
:103060002046FFF7D7FE032229462046BDE8F0415F
:10307000FFF7D0BE022231462046FFF7C0FE2946A8
:10308000034607462046FFF7C5FE0322334629467E
:103090002046FFF7BFFE39462B462046FFF7BAFE13
:1030A00002223146E1E7BDE8F081F8B50C4605465D
:1030B000FFF7BBFE2618012231462846FFF79FFE88
:1030C000C3070CD431462846FFF717FF2146284690
:1030D000FFF7ABFE214622182846FFF786FF0022A5
:1030E00021462846FFF78BFE271A0122394628463B
:1030F000FFF785FE10EA020613D139462846FFF78E
:10310000FCFE214632462846FFF779FE2246211A68
:103110002846FFF76AFF214632462846FFF76FFE32
:10312000241A21462846BDE8F840FFF77CBF38B591
:1031300071B105682846FFF79AFE00220446014651
:103140002846FFF778FE2146BDE83840FFF7ADBFBF
:1031500038BD70B5066809B9002070BDB368B3EB1F
:10316000D10FF9D9B3F5004F34BF04230823CC1D88
:103170001C44E40821463046FFF7D6FE05460028E9
:10318000EAD001463046FFF750FEA04209D92C4450
:10319000294630462246FFF701FF21463046FFF719
:1031A00042FF304601222946FFF745FEB368B3F5DA
:1031B000004F34BF0423082303EBC5031844CCE7B6
:1031C0002DE9F84306681446B26801F1FF39B2F5FB
:1031D000004F34BF0423082319EA01090F460BD01E
:1031E000494239408B424F4628BF0B46894654B965
:1031F00000252846BDE8F8839942F8D82146BDE865
:10320000F843FFF7A6BFB2EBD40FF1D9E11DB2F539
:10321000004F394434BF04220822C91A1144C90896
:103220003046FFF781FE80460028E1D0B368B3F551
:10323000004F34BF0423082309EBC0051D44354467
:103240007B1E1D44B5FBF7F57D43A5EB090529461B
:103250003046FFF70CFE2C44073424F00704A41B6F
:10326000804507464FEAE40408D20246414630460C
:10327000FFF794FE41463046FFF7D5FE394630460B
:10328000FFF7D3FD3844844208D2394630462246FF
:10329000FFF784FE21463046FFF7C5FE012239467E
:1032A0003046FFF7C8FDA4E7B2F5802F2CBF0823F6
:1032B0000423D21A2DE9F0418C18CD1D25F0070505
:1032C00024F00704641B0026E40805602146AC6076
:1032D000EE602046FFF7D5FD421D9200013002F15D
:1032E00007074FEAD707A2F110023146B8BF3246AE
:1032F00005F1100002F050FD3A4631462846FFF72E
:10330000B2FD3346324631462846FFF783FDA4EB33
:103310000708284631460122FFF78DFD424639460F
:10332000FFF7A1FD3B46324639462846FFF772FDBE
:1033300021462846FFF797FD434632462146284658
:10334000FFF768FD214628460122FFF774FD394644
:10335000BDE8F041FFF767BE002070470FB407B526
:1033600004A951F8040B0191F9F7D0F903B05DF805
:1033700004EB04B07047038B13F0070305D1036817
:10338000002B0CBF002003207047022B05D1408B7F
:10339000B0FA80F0400980007047012B05D1036826
:1033A000002B0CBF0020052070470020704710B58F
:1033B0000C4600B111B96FF0150010BD081D00F0EA
:1033C00093F80028F9D1A368032BF6D9F3E72DE988
:1033D000F0410D4607461946281D90461E4600F04E
:1033E00094F8044638B13346424629463846A44646
:1033F000BDE8F0416047BDE8F08110B4EFF3118201
:10340000202484F31288BFF36F8F416110BC012127
:10341000F9F7E4BA38B50C46054658B151B10B6816
:1034200043B14B6833B11C22002102F0B5FC2C6182
:10343000002038BD6FF01500FBE770B505460E465D
:10344000FFF7B5FF041E14DBEFF31182202383F393
:103450001288BFF36F8F6B8B2C8B4FF6FF718B42F3
:1034600004F0070407D182F31188BFF36F8F6FF068
:103470000A04204670BD022C0CD101336B8382F309
:103480001188BFF36F8F0023224631462846FFF78D
:103490009EFFEEE7062C14D8DFE804F004131313A4
:1034A000041A0400002333606B683BB9C5E9006669
:1034B000ACB902212846F9F791FADAE71E606E608E
:1034C000F6E782F31188BFF36F8F6FF00404D0E743
:1034D00082F31188BFF36F8F6FF08504C9E782F321
:1034E0001188BFF36F8FC4E7034658B1426802F0FA
:1034F0000302012A03D0032A04D1026812B100207A
:10350000986070476FF0150070474268816002F064
:103510000302032A4FF0000203460CBF0068104666
:103520005A60704770477047002930B40446184607
:103530000BDBA5680844A84207D8E068646821440A
:1035400084682468A44630BC60476FF0150030BC26
:103550007047002930B4044618460BDBA5680844C0
:10356000A84207D8E0686468214484686468A44677
:1035700030BC60476FF0150030BC7047002903462F
:1035800010B410460BDB9C680844A04207D8D868EA
:103590005B68194483689B682BB110BC18476FF0B7
:1035A000150010BC70476FF05700FAE7002903467A
:1035B00010B4104609DB9C680844A04205D8D868BE
:1035C0005B68194410BC00F0D6B86FF0150010BC51
:1035D000704708B5C0688368DB689847006808BD15
:1035E000C068704708B5C0688368DB689847407951
:1035F00008BD43680A689A4297BF4A6800239B182F
:10360000012088BF18464B607047F8B583680446B0
:103610000BB3026AB3FBF2F502FB1535D0E9047671
:103620003DB1006894F82410551B2A46184402F056
:10363000B3FBA368E06822683E442B4481684D6870
:103640003146A84740B9E3695BB92369A2681344CE
:1036500023610023A3600020F8BD135CDB431354F7
:103660000130A36822688342F7D8E06881680D685A
:103670003146A8470028EFD1E369A16820683246A7
:1036800098470028E1D0E7E72DE9F047894616463C
:103690009846044698B382680369134482693344A8
:1036A000934230D80025D4E90170A6EB050A3F1AF1
:1036B000BA4515D2B54209D223685246184409EBDF
:1036C000050102F041FBA3685344A360B8F1000F69
:1036D0001CD0A068A8B12046BDE8F047FFF795BF11
:1036E00023683A46184409EB050102F02DFB636894
:1036F000A3602046FFF789FF18B93D44D3E76FF078
:103700000D00BDE8F0876FF00B00FAE74046F8E7E0
:1037100070B5044600F501701E46FFF7B5FF05467B
:1037200036B1D4F80002FFF7FEFE0023C4F80032E1
:10373000284670BD30B5054685B0084605F50071D0
:10374000F9F760FA044698B9D5F80002FFF748FF88
:10375000D5F8003202949A6801925B6800930146A2
:103760004FF400732A4605F50170F9F773FA044621
:10377000204605B030BD2DE9F0418768FB6804465E
:103780000D4616469847BB682BB13246294620465F
:10379000BDE8F04118476FF05700BDE8F0810128FF
:1037A00001D1EFF30583FDF7ABBF01460068FFF7DA
:1037B000F6BF08B5F9F7A8FABDE80840F9F7C8BAA6
:1037C00000210120FFF7EBBF61B662B680F31188DC
:1037D000BFF36F8F704772B6002383F31188BFF376
:1037E0006F8FBFF34F8F30BF62B6BFF36F8F7047DD
:1037F00072B6002383F31188BFF36F8FBFF34F8F2F
:1038000020BF80F31188BFF36F8F62B67047202806
:1038100009D9B0F1004F08D80138B0FA80F0C0F1F2
:103820001F0040007047082070473E20704708B5D1
:10383000F9F72AFF002008BD70470023038243697F
:10384000C3607047C1698968F9F784BF8288521ADA
:1038500003468280006808441860704710B503680A
:103860001C8864BAA4B20221FFF7F0FF204610BD05
:103870008388C2888168D21A03685B1AD01A70479D
:1038800003898B420AD9436803EBC10053F83130F6
:103890002BB94368002B08BF0020704700207047F9
:1038A000F0B5037885888779C679CE71002013F04A
:1038B000070F0860C3F3C10308788F7114BF032496
:1038C0000124012B28BF012344EAC30320F01F0079
:1038D0006DBA034352BA0B704A808D80F0BD37B584
:1038E00005460C460846FFF7A8FF45F8044B082399
:1038F0002046238250F80C4F1C44FFF7B9FF0022EA
:103900000346009202212246284601F0B0FE03B091
:1039100030BD2DE9F04F85B005460E4690461F4656
:1039200001F0B2FC20B96FF04C0005B0BDE8F08F9B
:1039300000234FF014093B6009FB086934464FF03F
:10394000010A02A9284601F09CFCDDE9023200933D
:1039500068BB284601F0C1FC0028E4D00020E4E761
:10396000A14598BF344661688A4214D12168009805
:10397000019202F019FA019A68B9237CD3B9D4E90B
:10398000023128469847C0B184F810A03B68013343
:1039900014343B60D5E714340BF1010BD845DFD16B
:1039A0000021284601F0F0FC0028CAD1D1E74FF0F1
:1039B000000BF3E76FF06F00B7E76FF02200B4E79A
:1039C0002DE9F04190B00646FFF70CFE4FF00133B1
:1039D000D6F8088003FB00F70025454503DB0120EE
:1039E00010B0BDE8F081A8EB0504402CA8BF40242E
:1039F00023466A4629463046FFF796FD00280CDB31
:103A0000A4106A460023A34201D14035E5E752F8ED
:103A1000041BB94203D10133F5E70B20E0E7002096
:103A2000DEE720B101280CBF0120FF2070470320F2
:103A3000704702780B789A420FD30CD842784B78B3
:103A40009A420AD307D842884B889A4205D38CBF42
:103A5000012000207047012070474FF0FF30704771
:103A600013B5FFF7DEFF00281CDB01A9C0B2F9F790
:103A7000C9F8002818DB0198FFF7A2FF044638B9FF
:103A8000019821468268FFF791FD48B9002401E0C2
:103A90000128FBD00198FFF746FD204602B010BD7B
:103AA0000D24F7E70E24F8E70A24F6E773B5FFF7CD
:103AB000B8FF00280C4615461E4614DB01A9C0B20B
:103AC000F9F7A0F888B9214633462A460198FFF74E
:103AD0002BFD04460198FFF726FD002C18BF0B2490
:103AE000204602B070BD0E24FAE70A24F8E737B585
:103AF000FFF797FF00280D460FDB01A9C0B2F9F7C9
:103B000081F8044658B90198FFF76CFD28700198B8
:103B1000FFF709FD204603B030BD0E24FAE70A2462
:103B2000F8E770B506460C4600F03EF8054630460C
:103B300000F029F90346013B85F00100032B0CD866
:103B4000DFE803F008060902022304B1237070BD08
:103B50000123FAE728460023F7E74FF0FF30F6E7A6
:103B600073B546100546304600F01EF800230446A3
:103B70000DF1070130468DF80730FFF7D2FFA8425C
:103B800004D19DF80730013B012B09D9A04202D096
:103B90009DF8073023B1631B5842584102B070BDF5
:103BA0000120FBE7704770470020704700207047F6
:103BB00070B5054688B00E46002400236A4631469B
:103BC0002046FAF7ADFB28B920222946684602F0C4
:103BD000EBF810B124B14FF0FF34204608B070BDAF
:103BE0000124EAE7002301461A461846FAF798BB73
:103BF000022805D0033801288CBF0120052070471A
:103C00000320704708B50020F8F7B2FD70B5BCB0CE
:103C1000044600F1100517AE002200232846FDF7E8
:103C200003FF014608B93CB070BD03AB6846CDE95F
:103C300000460293F9F79AFEEEE7F9F71DBE70B55C
:103C400005460E46FAF78CFD044618B1B36A1BB15F
:103C500029469847204670BDEA7A05F118011830C8
:103C600002F072F8F6E710B5044640B1CB6A0BB12A
:103C7000183098472046BDE81040F9F7FDBD10BD4B
:103C80004FF48070704738B50446018AC068FBF76E
:103C9000C5F805462046FFF7D0FF284638BD10B5C9
:103CA0000446006818B1FFF7C8FF0023236010BD69
:103CB00010B586B003461446009103AA052104A856
:103CC000F8F76CFD042104A8A04706B010BD2DE94B
:103CD000FF41036804460E4615462BB1012D09D855
:103CE000002004B0BDE8F081FAF73AFD206000281A
:103CF000F4D1F5E7378841F204439F423BD040F6C8
:103D000006139F42ECD12068FFF797FD2068028AD6
:103D100050F80C3F03EB0208FFF7AAFD023D0146F5
:103D20000095B31C03AA4046F8F7B8FD38BB2268DB
:103D3000039B118A0B44138240F606139F4207D15E
:103D40002068038A012B1AD90C30FFF787FDA08069
:103D50002368A1881A8A8A42C2D310D8D968002061
:103D6000FFF739F8034650B921680A8A023A0A82F5
:103D700020682360B5E723681B8A002BC6D1204644
:103D8000FFF78DFFACE7FCF71BBB203870470369DA
:103D9000C9B20C2201FB0233186C00F00700704717
:103DA00070B5C9B20369EFF31185202484F312883A
:103DB000BFF36F8F0C2606FB0134246C14F0C00493
:103DC00008D0A24206D085F31188BFF36F8F4FF061
:103DD000FF3070BD06FB013301221A6485F31188A0
:103DE000BFF36F8F436803EBC1035B689847002004
:103DF000EFE78022FFF7D4BFF8B5069F0469C9B288
:103E0000EFF31186202585F31288BFF36F8F0C2501
:103E100005FB0144256C05F0070CBCF1010F0CD12A
:103E2000276486F31188BFF36F8FC4E90E234368BC
:103E300053F8313098470020F8BD05F0C005AF4277
:103E400086F31188BFF36F8F0CBF6FF077004FF0D0
:103E5000FF30F1E713B580240094FFF7CDFF02B0E7
:103E600010BD10B40069CBB21C2403FB0400002178
:103E700010BC10470020FCF729BC002000F0B8BEA1
:103E80001046FDF703BE036920330B600123136066
:103E90007047FDF7FBBD4FF0FF324FF0FF33FDF7EA
:103EA00019BEF0B58BB044680769119DCDF818D0E4
:103EB000002000908DF804000120079010988DF8E4
:103EC0000010CDE90805D00702F080060BD512F0EE
:103ED000040F1BBA03D13A7C0493D10718D5CDF84F
:103EE000013005230793002D06AB0CBF01220222EF
:103EF000CDE90323029321460223059351F8040BD5
:103F000086B183681C68002302AAA0470BB0F0BDED
:103F1000BDF81130ADF801309DF813308DF8033045
:103F20000423DFE783681C6804ABEDE773B5002367
:103F30000D1E466818BF0421CDE9003308BF0621D5
:103F400080220446FFF7ADFF737EDB0609D540B93A
:103F50003DB9CDE900000346802298212046FFF7B5
:103F6000A0FF02B070BD1FB5012301930DF10F0337
:103F7000009300231A460521FFF793FF08B99DF827
:103F80000F0005B05DF804FB2DE9FF41064615461C
:103F90001C4601270DF10F080023CDE900871A46C2
:103FA00005213046FFF77DFF40B99DF80F30DB0754
:103FB00004D528462146FEF711FAEDE704B0BDE826
:103FC000F0812DE9F347054600690F1ED0F81C90DB
:103FD00016467DDBBB184B457AD847EA0204C4F38A
:103FE0000B04002C74D1FFF756FF21462846FFF73B
:103FF0009DFF4FF0FF3A0446002E46D1012128468E
:10400000FFF794FF002C08BF04462869FFF741FF23
:10401000204602B0BDE8F0872869A04600F11103F0
:1040200019305A7882B10AFA02F137EA01010BD14C
:1040300001219140B14207D8B8F1000F1CD098F887
:104040000110914238BF984602339842E9D1B8F145
:10405000000F13D0002398F800108122CDE900331F
:1040600028463B46FFF71DFF98F8012001239340A7
:1040700004461F44F61A21E09846E5E76FF0150460
:1040800001212846FFF752FFBFE7002CF8D1CDE908
:1040900000442346802206212846FFF702FF0446FB
:1040A0000028EDD14E45B7D1CDE90000034680226E
:1040B000C7212846FFF7F5FE00260446002CDFD175
:1040C00040F2676200232846FFF75EFF044693E74D
:1040D0006FF015049CE72DE9F74F054600690E1EA9
:1040E0001F46B0F81A80C36991464EDBF2199A4216
:1040F0004BD8FFF7D0FE00212846FFF717FF0446F4
:10410000C0BB82462FB901212846FFF70FFF0446A6
:1041100034E0B845C34628BFBB4606EB0B0396FB0D
:10412000F8F2013BB3FBF8F393421CBF08FB1262A9
:10413000A8EB020BCDE900AA002380220621284625
:10414000FFF7AFFE0446A8B9CDE9009B33468122B4
:1041500002212846FFF7A5FE044658B90122002394
:104160002846FFF711FFA7EB0B07D9445E4404462E
:104170000028C7D001212846FFF7D8FE2869FFF79D
:1041800088FE204603B0BDE8F08F6FF01504F8E715
:10419000F7B5054600690C1E1E461746C36913DBBA
:1041A000A2199A4210D8FFF776FE2346CDE9007691
:1041B000012203212846FFF774FE04462869FFF711
:1041C00068FE204603B0F0BD6FF01504F9E738B57E
:1041D00005460C4600F0A2FD002D07DBA84205D9DC
:1041E000401B84428CBF0020012038BD0020FCE72A
:1041F00070B50D462846194616461C46FFF7E7FFE0
:1042000038B124B122462946304601F09DFD0020F8
:1042100070BD6FF01500FBE7F7B51C46164600238E
:1042200082682360A36013690D4601AA6946984716
:10423000019B5A1E01921BB96FF0150003B0F0BD2F
:104240000098A26847682168676085B9B31AD0F8FA
:1042500000C0634528BF63461A4403FB0711216071
:10426000A26002689A4206D808300090E0E76B1A14
:10427000B3FBF7F3EBE70020E0E713460022FFF77C
:10428000CBBF2DE9F047836886B01B69884691460D
:1042900001A902AA98470024A2462546029BAB42E8
:1042A00002D806B0BDE8F087019F07EBC5070026DE
:1042B0007B6804933A68B2420AEB060302D80135E0
:1042C0009A46EBE703940593494603A8C0470028A4
:1042D000E7D0049B01361C44ECE74B1E5B0800EB67
:1042E0008300C907C36958BF1B0CC3F3072113F030
:1042F000FF031DBF0020117053706FF01500704751
:1043000043685B68D3F810350B6000207047436842
:104310005B6802EA010021EA0201C3F80805C3F85C
:104320000C150020704743685B680020C3F808152F
:10433000704743685B680020C3F80C1570474368FA
:104340005A68D2F8043521EA03000B40C2F8080588
:10435000C2F80C350020704710B503695868F8B1F1
:10436000884219D19C6808685860A14200D19860C1
:10437000002008602AB15A680A609A68596002B938
:104380009960002010E0814206D10868206098689A
:104390008142EDD19C60EBE7044600680028F2D131
:1043A000002AE8D16FF0150010BD30B543681360E6
:1043B000057A446804EBC504A34202D36FF0010000
:1043C00030BD5C798C4201D00833F0E70020F7E77C
:1043D00043681B68D3F88004C3F8800470474268C0
:1043E0001368D3F8100150B1126A002012780A70D5
:1043F000C3F81001D3F8102101221A6070474FF062
:10440000FF307047002A0FDD42681368D3F81001AF
:1044100058B10020C3F81001126AD3F810011278C5
:104420000A700120186070470020704710B543687B
:1044300019680369EFF31182202080F31288BFF31B
:104440006F8F1868002484731B680120D8734FF4A1
:104450008003C1F8043382F31188BFF36F8F10BD5E
:1044600003691A68012191731B680022DA7370478F
:10447000026911680346C87B40B15B681B68D3F8CA
:10448000580118B100230B6113689889704743687D
:104490001B68D3F81001003818BF0120704743682B
:1044A0001B681022C3F80423704743681B6810225E
:1044B000C3F80823704743681B684FF40072C3F8C1
:1044C0000423704743681B684FF40072C3F8082345
:1044D000704738B543681D68D5F804335B0204465D
:1044E00005D4D5F8040310F0100006D138BDFFF74D
:1044F000BFFF0028F5D00120F8E72046FFF7C7FFEF
:10450000003818BF0120F1E70120704703691868DF
:1045100001601B685A60704702680346D2F8580170
:1045200040B95B68DB0706D4D2F82001003818BF19
:10453000012070470120704710B4436802691B686E
:10454000D3F80413C90517D5D3F82011A1B1EFF39F
:104550001181202484F31288BFF36F8FD3F8204198
:1045600034B10024C3F82041D3F820410124DC6099
:1045700081F31188BFF36F8F1468D3F858115CB1C1
:1045800061B1002121611468A47B3CB14FF480002B
:10459000C3F808031368997310BC7047D3F824114B
:1045A00021B10021C3F82411D3F824311268136813
:1045B000002BF1D0516810BC18472DE9F041066975
:1045C00033689C89BFF35B8F94420546A8BF1446AD
:1045D0001033012753E8002F002A03D143E800706D
:1045E0000028F7D1BFF35B8F0CBF3B4600232BD1D4
:1045F00033682246986801F0A7FBEFF31188202367
:1046000083F31288BFF36F8F69680846FFF784FF52
:10461000326840B91061044688F31188BFF36F8F88
:104620002046BDE8F0810B689268C3F8442500225B
:10463000C3F84845C3F82021D3F82011C3F8582106
:10464000D3F858219F60E7E71C46E9E700220121E3
:104650000420F8F717BE002201212F20F8F712BE20
:1046600010B50B6813B91360184605E003685C6861
:104670001CB114600368186810BD083303600B6830
:10468000013B0B60EDE713B501AA0446FFF78DFE71
:10469000002805DB019B226819791868FAF7DEFF0C
:1046A00002B010BD03460A4600681979012303FAD7
:1046B00001F103691B68194218BF82F0010212B1AF
:1046C0008368DB68184783681B69FBE710B50446FD
:1046D0000068D0B18368C3B149B101210830FFF748
:1046E000E1FF23681869BDE8104000F0CABF12B9A5
:1046F0008388DB0409D4006900F0C3FF206800212F
:10470000BDE810400830FFF7CDBF10BD10B5012245
:1047100000210446FFF7DAFFA36933B9636004F1AF
:104720001000BDE81040FDF7B1B910BD10B500692B
:1047300003688B4206D190F85C4034B9FFF7E6FF7E
:10474000204610BD6FF01500FBE76FF00F00F8E793
:104750002DE9F8434468066905460021E06BFFF740
:1047600092FF002823DB216C481C17D1636B98470C
:10477000B46801270834D6E9023203EBC203A4F17E
:104780000802934215D83046FFF7C0FF6B6800213E
:10479000D86BFFF778FF00EAE07008E004F144000E
:1047A000FBF734FB10F1130F01D0411DDED1BDE842
:1047B000F88354F8080C00F069FF28B354F8080C8B
:1047C00014F8041C34F8023CD0F810E0D0F808903B
:1047D000DEF800C0DA0754BF43F4B01383F4D013FB
:1047E00023F4801207FA01F8DB074CBF48EA0C03F8
:1047F0002CEA0803CEF80030D9F80030984700289A
:1048000004F10804B7DAD2E76FF01200CFE738B549
:1048100005690446296305F12000FDF737F90022F8
:1048200085F85C2020691146BDE83840FFF74EBF8F
:1048300038B502780346002A52D10C69A26D32B90C
:10484000606D6FF07301BDE83840FFF7E0BFE06CCA
:1048500040B1216D31B1DB6823B1834202D0616E7A
:1048600001F072FAA36CA56D9BB19D4211D85B1B40
:10487000A3644BBB636B08336363A36B013BA3630C
:1048800004F1480204F1380104F13400FFF7E8FEB6
:104890006064236D9BB19D4211D85B1B2365CBB92E
:1048A000E36B0833E363236C013B236404F15002A0
:1048B00004F1400104F13C00FFF7D2FEE064606DBA
:1048C000BDE83840FBF762B8636C002BE1D02B44A5
:1048D0006364DEE7E36C002BF1D02B44E364EEE786
:1048E00038BDF8B50C46054600F015FA0022214601
:1048F00006462846FCF72AFA03212046FBF766FA0B
:1049000000F023F807462B689B5953B10026214637
:10491000284600F0FEF920460121FBF757FA304601
:10492000F8BD00F012F8C01B0628ECD96FF0730632
:10493000EDE700F150039B009BB203F1804303F5C8
:10494000883300221A601B68704708B5FBF704FB28
:1049500008BD8068183820F0070010387047042818
:1049600009D0052803D1481E18BF01207047431AFB
:104970005842584170470120704738B515460C46DB
:1049800061B15AB1FEF72EFE2544214611F8013BD4
:10499000834203D1A942F9D1012038BD0020FCE7B0
:1049A00038B50C460123114622460546FEF7BCFDEC
:1049B00000280FDB012221462846FFF7DEFF38B929
:1049C0002378012B14BF022301232370002038BD5C
:1049D0000323FAE70120FAE72DE9F7431D460646CF
:1049E0000F469046FEF7F5FD6C1E0444404204401D
:1049F000082C1AD83046FEF7F5FD2A468146414676
:104A0000684601F0A1F9621B49460DEB050001F073
:104A1000C3F923466A4639463046FEF79AFD003808
:104A200018BF012003B0BDE8F0834FF0FF30F9E775
:104A300007B501238DF8042001AAFFF7CDFF03B0CD
:104A40005DF804FB81681839012221F00701FFF7A6
:104A5000EFBF8268183A22F00702FFF7A1BF13B533
:104A60000C46C0B201A9F8F7CDF850B9214601981B
:104A7000FBF750FC04460198FEF755FD204602B0B6
:104A800010BD0124FAE713B541EA021104468DF87E
:104A90000710FFF75EFF012301460DF107022046D4
:104AA000FFF79AFF02B010BDF7B50D1E69460CBFA7
:104AB00017462F460446FBF72DFC78B99DF8006099
:104AC000022E22D0032E0BD0012E24D135B19DF819
:104AD0000330032B02D12046FFF7B4FF03B0F0BD33
:104AE000002DFBD12046FBF7F3FB0028F6D157B190
:104AF0002046FFF7A7FF0028F0D1002231462046CC
:104B0000FFF7C1FFEAE70226F7E735B9A2682946B1
:104B10002046FEF733FD0320E0E70420DEE70047F0
:104B200000F0AFBDC00000F1804000F5F830C0F8E3
:104B30001015C0F814257047FCF778BAF7B504468D
:104B400018B1012824D003B0F0BD4FF080430222F9
:104B5000C3F808230122DA60C3F80401D3F8043152
:104B6000064601238DF8073042F210754FF080475A
:104B7000DCB1012CE7D1D7F80C3403F480338EBBC1
:104B8000002BE0D00120FFF7CBFF013DF3D1DAE7A6
:104B90004FF080430022C3F808035860C3F8002197
:104BA000D3F800310DF10706DBE7D7F8183403F42A
:104BB00080333EB9002BC6D00120FFF7B1FF013D85
:104BC000F3D1C0E7D7F8182402F003023260002BBB
:104BD000B9D09DF807000128B5D1FFF7A1FF013D2D
:104BE000C6D1B0E7D7F80C2402F001023270EEE72C
:104BF000FFF7A4BFF7B5019001A8DDE90847164605
:104C00001D46FBF7E9FD019BB6F1000C18BF4FF004
:104C1000010C00EB83000B1E18BF0123002D43EA9B
:104C20004C0314BF4FF00C0C4FF0000C002C43EA67
:104C30000C0314BF4FF4E06C4FF0000C002F43EA5C
:104C40000C03D0F8002714BF4FF4403C4FF0000C89
:104C500043EA0C0322EA030301B109780EB1367866
:104C6000760019430DB12D78AD0031430CB1247895
:104C7000240229430FB13F783F040C433C43C0F862
:104C8000004703B0F0BD1FB50DF10F0301930023E2
:104C90008DF80F1000931A461946FFF7ABFF05B0C9
:104CA0005DF804FB08B50146FBF7E8FD40B1084696
:104CB000FBF7CCFD00B2800000F5807080B208BD2B
:104CC0004FF4BE70FBE738B5054608460C46FBF7C7
:104CD000D5FDB0B10846FBF7C5FD90B90846FBF716
:104CE000B5FD2A6801238340C2F808332A6803B25D
:104CF00002EB8303D3F8102522F00302C3F810253A
:104D000038BD20460021BDE83840FFF7BCBFFBF7A7
:104D10003BBEFFF7D8BF0846FFF7C4BF4FF0805334
:104D20001A695869504370474FF0805318697047AB
:104D30004FF080535869704770B5A2F58074A4088D
:104D4000012606FA04F4054614EA010008D0A85822
:104D500030B10021A950AA581A6822431A6030467F
:104D600070BD2DE9F341002304460D4601939046A2
:104D700001AB4FF4A672FFF7DFFF4FF482722946B2
:104D80002046FFF7D9FF4FF48C720746294620468C
:104D9000FFF7D2FF064630B1B8F1000F1DD017B1B2
:104DA000D4F83C353E4601AB4FF488722946204684
:104DB000FFF7C2FF30B1B8F1000F03D016B90FB141
:104DC000D4F83C3501AB4FF4907229462046FFF7EA
:104DD000B3FF019802B0BDE8F0814646E3E707B5AE
:104DE000019001A8FCF728F9019A01239340C0F82B
:104DF000083503B05DF804FB07B5019001A8FCF786
:104E00001BF9019A01239340C0F80C3503B05DF8FB
:104E100004FB012370B504460D464361642600225D
:104E200002212046FFF79DFF20B90120FFF778FE01
:104E3000013EF4D100236B77C4F8003570BD70B526
:104E400001F10C020C4640210546FFF78AFFC8B16C
:104E5000206A421C04D0A37F9B0710D5FFF7CCFF2C
:104E6000637F1BB121462846FFF7D3FF002320466E
:104E70002372616850F8083BBDE870401847FFF79F
:104E8000AEFFEDE770BDFCF7D7BB08B5FFF7FBFF42
:104E9000002008BD30B5026A0346D2E901408442D1
:104EA0004FF0000002D30123D36030BD1874506866
:104EB00001305060186A4268541E0268242505FBC0
:104EC000042218465C1950F8045B42F8045BA042C7
:104ED000F9D199600120E8E7F0B5064604460F468F
:104EE00094460FCE8BB001AD0FC50FCE0FC5216A12
:104EF00033684A682B602068A56822B90223CB601A
:104F000000200BB0F0BDFB0713D50B682426013A37
:104F100006FB02337E0703D41A7C0AB10F23EEE7A7
:104F2000224603F1240153F8046B42F8046B8B42D0
:104F3000F9D1B90741BF226A536803F1FF335360C7
:104F4000AC4505D2236A002BDAD00422DA60D7E719
:104F50007A0748BF20603B0701D40120D1E706ABA8
:104F600093E80700143484E80700F6E710B5026000
:104F70001A44029B836001294FF00003C26003744E
:104F80000375836101D8036210BD24224A43243A89
:104F9000841804628350026A8C1E9460026A536013
:104FA000026AD360026A1374026A022953741EBF34
:104FB000036A24301860E7E7182871F100030ED364
:104FC000B0F5807F71F100030BD3B0F5803F71F134
:104FD000000308D3002914BF0920052070470120D1
:104FE0007047022070470320704737B508294FF0FB
:104FF00000044FF00005CDE900450A460AD80146F5
:10500000684600F0A1FEDDE9000103B0BDE83040D4
:10501000FFF7D2BF002003B030BD03460020884216
:1050200000D170471A5C002AFBD00130F7E700B1CD
:10503000C160704743680360836801338360006A1E
:10504000FFF7F5BF08B50268C3689A4205D3006A46
:105050000821FFF7ECFF002008BD0120FCE738B570
:1050600004460D46FFF7EEFF40B123681B78B5EB11
:10507000531F04D0206A0A21FFF7D9FF002038BD52
:1050800010B50446FFF7DEFF38B123681A78FF2A0F
:1050900005D0206A0A21FFF7CAFF002010BD0133A6
:1050A0002360FBE710B5027D044632B1FFF7E8FF4D
:1050B00048B1002323754FF0FF3220460721BDE899
:1050C0001040FFF709BF10BD2DE9F84F04460E460A
:1050D00091461D46FFF7B6FF804628B1A36843B945
:1050E0000321206AFFF7A3FF4FF000084046BDE808
:1050F000F88F2268177807F01F0BBBF11F0F12D132
:105100002DB3206A18B1037C0BB11521EAE7012306
:105110002B7000252368636001352B442360A3684E
:10512000013BA360E2E7BBF1170F14D9ABF1180301
:10513000D9B203290BD801259D40A94509D3E368BD
:1051400005F1010A5244934207D20821C9E7072119
:10515000C7E70521C5E70025F1E74A4600213046AB
:1051600000F01AFE15B986F800B0D2E72268711E69
:10517000531913F8010901F8010F9A42F9D1236A72
:10518000002BC7D01B7C002BC4D00737FFB2022FE7
:10519000C0D949463046FFF728FF8245BAD01521CD
:1051A0009FE738B50C4611460546FFF758FF08B98A
:1051B000002038BD04220023A1182846FFF784FFF1
:1051C0000028F5D02B682360F3E737B500230446A9
:1051D0008DF80330FFF743FFA8B104220DF103035C
:1051E0000DEB02012046FFF76FFF60B19DF8035001
:1051F00065B901992046FFF74DFE50B963682360F9
:10520000A3680133A360002003B030BD6FF00F012D
:10521000F0E72575F8E738B504460D46FFF7C1FFFE
:1052200048B12268E3689B1A6A689A4204D9082147
:105230002046FFF7FFFE002038BD38B504460D4676
:10524000FFF7E9FF18B123686A681344236038BD8B
:1052500070B50D46002104461646FFF700FF38B131
:105260003246294620460023BDE87040FFF72CBF98
:1052700070BD0422FFF7ECBFFFF7FBBF0222FFF770
:10528000DCBF0322FFF7D9BF10B505210446FFF7A5
:105290009CFF50B1237D4BB9A3686FF0004293424D
:1052A00005D305212046FFF7C5FE002010BD5B0099
:1052B000A360FBE7037D23B98068B0FA80F0400962
:1052C00070470368C268934205D21878A0F1FF03C3
:1052D00058425841704700207047FFF7E3BE70B551
:1052E0000D4607210446FFF7BAFE48B123681E7831
:1052F00006F01F06182E05D9206A0A21FFF797FE2F
:10530000002070BD0023012229462046FFF7DCFE65
:105310000028F5D0182EF4D12B781F2BF1D81521A9
:105320002046FFF787FEEBE737B50C460DF1070186
:105330000546FFF7D4FF58B19DF80730143BDBB2A8
:10534000012B8DF8073006D90A212846FFF772FE97
:10535000002003B030BD03F001032370F9E738B536
:105360000D4606210446FFF77AFE08B9002038BD35
:105370000023042229462046FFF7A6FE0028F5D088
:10538000A3680133A360F2E7F0B58FB00446FFF7DE
:1053900059FE00285DD023681D7800220023CDE946
:1053A00002236D09234605AA04F1200718685968ED
:1053B000164603C60833BB423246F7D11868306040
:1053C000062D1CD02A1F0023012A4FF008028DF859
:1053D00004300DEB020198BF01AB05A8FFF774FE86
:1053E0000646002835D0042D3BD019D8023D012DAA
:1053F00021D9059B2360A368013BA3602AE001A992
:1054000005A8FFF7ACFF20B3059B089A934204D38D
:105410000821206AFFF70BFE1BE01D786D09CFE71E
:10542000052DE6D1DDE90232B3F1004F72F1000142
:1054300013D32946EDE7E3682168029A5B1A9A4282
:1054400003D8059B13440593D3E708212046FFF7B3
:10545000F1FD002630460FB0F0BDDB185241CDE91A
:1054600002329DF8045025B16FF00F020023CDE900
:105470000223029B07938DF8285005A8FFF71AFF17
:10548000014638B1002DB4D005A8FFF7F9FD00287A
:10549000AFD1DEE705A8FFF777FF0028EDD1D8E709
:1054A000FFF764BD00B1C160704710B50368C46800
:1054B000A34205D3006A0821FFF7F4FF002010BDC6
:1054C00002F01F0242EA41111970036801330360C0
:1054D0000120F4E770B505460E46104619461446FD
:1054E000FFF783FD2246431E31462846BDE8704043
:1054F000FCF7D6B8F8B51746C36802689A42044666
:105500000D4606D3206A0821FFF7CCFF002630465F
:10551000F8BD9B1A4A689A42F4D80E4656F8043BE6
:1055200053B104213046FFF760FD6A6823681344D5
:10553000E26803449A42E5D33246042339462046C2
:10554000FFF7C8FF06460028E0D020682968884297
:1055500002D06A6800F006FC23686A68134423607E
:10556000D5E7082A73B513460C4606D9006A05210B
:10557000FFF798FF002002B070BD8E1816F9012CBD
:10558000002A0FDA0A4669460C46B24204D10121CC
:105590002246FFF79FFFEEE712F8015BED4301F8AB
:1055A000015BF2E70021F3E713460A460021FFF70B
:1055B00091BF07B5042201910DEB0201FFF7D1FF66
:1055C00003B05DF804FB07B5042201910DEB020165
:1055D000FFF7EAFF03B05DF804FBFFF7F4BF022218
:1055E000FFF788BF0322FFF785BF07B5CDE900129B
:1055F0006946FFF7F7FF03B05DF804FB38B50C46CA
:10560000054611462046FFF708FD2146024628467A
:10561000BDE83840FFF7E9BF1F220421FFF745BF6F
:105620001F220521FFF741BF1F220721FFF73DBFC2
:10563000FFF7FABF10B50A4609781839072905D9C6
:10564000BDE8104001230721FFF744BF006A152180
:10565000FFF728FF002010BD07B514318DF80710A3
:105660000DF10701FFF7E6FF03B05DF804FB1FB57E
:105670000024CDE90144069C0094FFF777FC04B0B8
:1056800010BD08B1F8F71CB97047704740B1C36846
:10569000587810F001001EBF1878B0FA80F0400969
:1056A0007047EFF31183202383F31288BFF36F8FCA
:1056B000FEE708B5FFF7F5FF10B5D0E9003433B9C0
:1056C0000020E268537843F00103537010BD204678
:1056D00098470028F4D00028B8BF4042E368FF286C
:1056E000A8BFFF201870ECE700F056BB00F02CBB01
:1056F000704710B400F10C04C0E9034410BCFDF77E
:10570000D3BD2DE9F04F89B0DDE9126705463B4670
:10571000914606A83246059100F0CAFADDE9063442
:1057200005F1140ACDE90234EFF311844FF020089B
:1057300088F31288BFF36F8F05F10C0B05994A4669
:105740002846FDF73DFD30B184F31188BFF36F8F1C
:1057500009B0BDE8F08F3E43F6D0DDE9022306A88C
:1057600000F0CAFADDE906675A46CDE9006721462E
:105770005046FCF705FDEFF3118488F31288BFF360
:105780006F8FDBE738B50446EFF31185202383F3F1
:105790001288BFF36F8FFDF7CAFC04F10C0000F014
:1057A00016FA30B1294604F11400BDE83840FCF780
:1057B00013BD85F31188BFF36F8F38BD41698368CE
:1057C00043EA010212F003020FD1C2600269013AFA
:1057D00001FB023382689A4201D900207047C268F7
:1057E0001A604269C3609B1AF4E76FF015007047B6
:1057F000F8B504460D46EFF31186202383F3128893
:10580000BFF36F8FC7686FB900F0BEF950B18767FB
:10581000456100F05AF9314604F10800BDE8F8404E
:10582000FCF7DABCE3682B60A369E560013BA36188
:1058300086F31188BFF36F8FF8BD08B52024EFF30E
:10584000118384F31288BFF36F8FFDF7C4FFF6E76F
:105850002DE9F843994604469DF820300D469046C0
:1058600000F10806EFF31187202282F31288BFF3BC
:105870006F8F03B14568304600F086F958B10023B8
:105880008367C0F8148000F020F930463946FCF7F1
:10589000A3FC00200CE0B9F1000F1CD00821FCF79C
:1058A000B3FF38B987F31188BFF36F8F6FF00B0028
:1058B000BDE8F8830122C0F804800260016801F0AD
:1058C000030165B922680A43026062682060002A09
:1058D000DBD16060D9E7C8F800904046EEE72A685F
:1058E000032A0BD80160616811B9C4E90000CCE754
:1058F0000A6802F0030202430A60EAE722F00302A8
:105900000A4302602A6802F0030240EA02032B60A5
:10591000BBE710B5044630B10268930703D0446872
:1059200009B100F00AFA204610BD0023C0E9003397
:1059300000F10803C0E90233704707B50123009363
:1059400000230A461946FFF783FF03B05DF804FB06
:1059500007B500230A4600931946FFF779FF03B005
:105960005DF804FB3AB18A4205D3C0E90212C0E9EE
:105970000000002070476FF0150070470268012397
:105980008B4022EA0303036022FA01F000F00100D9
:10599000704720B100221146883000F04EB97047A0
:1059A00073B50446EFF31185202383F31288BFF308
:1059B0006F8F0023A0F11006032104380193FFF735
:1059C000DDFF28B1A369019301A93046FCF780F9F6
:1059D00085F31188BFF36F8F02B070BD38B50446F0
:1059E0000D461022002100F0D7F9656038BD13B5CF
:1059F00001900846EFF31184202383F31288BFF34C
:105A00006F8F01A9FCF764F984F31188BFF36F8FDE
:105A100002B010BD10B5FFF7EAFF041E08DDEFF37A
:105A20001180202383F31288BFF36F8FFCF704FCEF
:105A3000204610BD08B5A022002100F0ADF908BD38
:105A4000EFF30580003818BF012070476FF0570052
:105A50007047FCF7D3BBD0E9003213605A600023D3
:105A6000C0E90033704708B5FFF7F5FF437B23F02B
:105A7000020343730023836008BD38B504460D4616
:105A8000FCF78AFA637B43F002036373E5B1A56018
:105A90002B689D4209D16B68C4E900531C606C609F
:105AA00012E06A689A42F6D01B68002BF3D094F992
:105AB0000E2093F90E108A42F3D09142F1DD5A681C
:105AC000C4E9003214605C6038BD10B5EFF3118496
:105AD000202383F31288BFF36F8FFCF775FA84F3EA
:105AE0001188BFF36F8F10BD10B50446183000F059
:105AF000C6F8EFF31181202383F31288BFF36F8F71
:105B0000627B12F0100204D081F31188BFF36F8F13
:105B100010BD2046BDE81040FCF78ABA08B5EFF387
:105B20001181202282F31288BFF36F8F83680BB13B
:105B3000FFF799FF81F31188BFF36F8F08BD38B568
:105B40000446EFF31185202383F31288BFF36F8F90
:105B5000437B13F0280F0BD183680BB1FFF783FF52
:105B6000637B51B903F0FB0363732046FCF72CFA07
:105B700085F31188BFF36F8F38BD03F0EB03F3E7B4
:105B800001211838FFF7DBBF38B5EFF3118520236B
:105B900083F31288BFF36F8F0468A0420DD034B135
:105BA0002046FFF760FF04F1180000F068F885F365
:105BB0001188BFF36F8F204638BD0024F7E710B57A
:105BC000FFF7ACFFBDE81040183000F058B838B50A
:105BD00004680546AC424FF0000000D138BD002CEF
:105BE000FCD02046FFF7EBFF2046FFF76EFF2C6846
:105BF0000120A542F1E7EFF31181202282F3128800
:105C0000BFF36F8F027BD2070CD581F31188BFF3EE
:105C10006F8F002383F31188BFF36F8F042318461F
:105C200002DF7047437B1B0704D581F31188BFF364
:105C30006F8F70470122FCF7FBB938B5EFF3118580
:105C4000202383F31288BFF36F8F0468A04212D021
:105C50009CB1A16762612046FFF705FF04F11800BF
:105C600000F00DF82046FCF7AFF9012085F311880C
:105C7000BFF36F8F38BD0020F8E72046F6E710B578
:105C8000EFF31184202282F31288BFF36F8F036831
:105C90003BB1FCF783FC002084F31188BFF36F8FC6
:105CA00010BD6FF01500F7E708B5FCF795FD08BDCE
:105CB000B3F1FF3F08BFB2F1FF3F70B504461D4688
:105CC000164613D01A4315D06FF00102921B4FF005
:105CD000FF3363EB0501002904DAFCF77DFD82192F
:105CE00041EB0501C4E90021204670BD4FF0FF32B1
:105CF0001146F7E70022FBE7B3F1FF3F08BFB2F11F
:105D0000FF3FF8B5074616461C4610D054EA02037A
:105D100011D0FCF761FDB0420A46A14103460AD208
:105D2000F31A64EB0204C7E900343846F8BD4FF0BB
:105D3000FF331C46F7E70023FBE720B1011F50F8B3
:105D4000040CFFF71FBD70470A44914200F1FF3376
:105D500000D1704710B511F8014B03F8014F914283
:105D6000F9D110BD884210B501EB020402D984427A
:105D7000234607D8431EA14208D011F8012B03F88F
:105D8000012FF8E7024401468A4200D110BD13F802
:105D9000014D02F8014DF7E702440346934200D15A
:105DA000704703F8011BF9E710B50139024490422E
:105DB00001D1002005E0037811F8014FA34201D082
:105DC000181B10BD0130F2E7F0B5C3F137070446E8
:105DD000FFB203F01F031046082BE6B233D0102B9E
:105DE0003ED06508A40844EA817445EAC1752D19BE
:105DF0004FEA910242EB5102290941EA02716D1802
:105E000042EB1212290A41EA02616D1842EB12229A
:105E1000290C41EA02416D1842EB1242AD1842F1E1
:105E20000002EC0844EA4274D10804EB8402A6EBB9
:105E30004205EDB2092D0CD90134A5F10A0541F155
:105E40000001EDB212E0E40844EA417406F00705EF
:105E5000C908303554EA010200F8015BBCD1F0BD3D
:105E6000240944EA017406F00F050909092D84BFCD
:105E7000ED19EDB2EDE7D1E9043293421EBF5A1C91
:105E80000A61187070470000014800687047000000
:105E9000100A0020A064FF7F01000000B1D80000BC
:105EA000000000003DEA0000345F01008B4E01005D
:105EB000000000008519010000000000A919010080
:105EC000000000001DF400005C5F01001DF40000F4
:105ED000485F010081F80000705F0100A5EC000040
:105EE00000000000CD00010000000000B1D600005D
:105EF00000000000591B0100000000005147010094
:105F0000985F0100EDF10000845F0100514701003E
:105F1000AC5F01007DEE0000C05F0100D5D800003D
:105F20000000000031E7000000000000B1E70000C1
:105F3000000000002D680100C0620100D062010075
:105F4000B0060020E40C00206268010040630100FC
:105F500070630100B6060020800D0020706801000B
:105F60005863010070630100B80600208C0D00200A
:105F70008668010094630100DC630100BA0600201A
:105F8000380500204868010000000000246301007B
:105F9000B4060020000000009468010020640100A5
:105FA00008650100BC0600205C050020A168010016
:105FB0009464010008650100BE060020C4050020AD
:105FC0003C680100EC62010008630100B206002099
:105FD000400D0020750701001F4B0100000000006C
:105FE000C1370100705F0100394501000000000069
:105FF000C1370100191601001F4B0100000000000D
:10600000C1370100FD0D01001F4B01000000000021
:10601000C137010000000000C1370100000000008E
:10602000C137010000000000C1370100000000007E
:10603000C137010000000000C1370100000000006E
:10604000C137010000000000C1370100000000005E
:10605000C137010000000000C1370100000000004E
:106060005D01010000000000C137010000000000D8
:10607000C137010000000000C1370100000000002E
:10608000C137010000000000C1370100000000001E
:10609000C137010000000000C1370100000000000E
:1060A000C137010000000000C137010000000000FE
:1060B000C137010000000000C137010000000000EE
:1060C000C137010000000000C137010000000000DE
:1060D000C137010000000000C137010000000000CE
:1060E000C137010000000000C137010000000000BE
:1060F000C137010000000000C137010000000000AE
:10610000C137010000000000C1370100000000009D
:10611000C137010000000000C1370100000000008D
:10612000C137010000000000C1370100000000007D
:10613000C137010000000000C1370100000000006D
:10614000C137010000000000C1370100291601001D
:106150001F4B0100E5E20000A9E60000FFFFFFFF82
:10616000F8680100000100000000000000000000CD
:106170000338FDD8704700005C5F01001D0001007E
:106180005C5F01001E0001005C5F01001F00010058
:1061900007000000000000000000000000C0000038
:1061A000845F0100010000000000000000400700C3
:1061B000C05F01000200000000C0000000020000FB
:1061C000845F01000300000000C0000000400700E1
:1061D000845F01000400000000C20000003E0700D0
:1061E000845F01000500000000C20000003E0700BF
:1061F000845F0100060000000040070000C0F800B6
:10620000C05F0100C00400200000000000000B0679
:106210000200000018620100000000005767010042
:1062200024000202000000205F67010020000B1123
:1062300031D700000000000039380100CDDF000038
:1062400081E1000000000000E5E400000000000023
:10625000000000000000000000000000000000003E
:10626000000000000000000069E40000CDE600002E
:10627000CDE600000000000000000000000000006B
:10628000000000000000000000000000000000000E
:106290000000000000000000B5E6000030620100D0
:1062A000A86201008001000000290020226801008E
:1062B00000000000C5E9000095E9000000000000B2
:1062C00015EB000009EA0000753E01007B3E01006D
:1062D00095EA0000F33D0100553E0100000000007A
:1062E0008F3D01000000000000000000AC5F0100D5
:1062F00000127A00000100005C5F0100080001004C
:10630000000000000000000091410100D7400100A2
:10631000C33F010075EE0000873E01000100000050
:1063200000FF0000F141010079F2000015F20000C9
:10633000E5F10000D5F100000400000000FF0000BE
:10634000FF030000000300500000000001000000F7
:106350000060004000000000FFFFFFFF0000005051
:10636000000000000000000000600040000000008D
:10637000B1F40000014301000F4301002743010075
:10638000334301003F4301001DF300005943010066
:10639000000000000020004001000000000000009C
:1063A000B86301000000D6010000000000000000FA
:1063B0002F0E00202E0E002000200040C46301009C
:1063C00001000000CC630100040000000A0000008E
:1063D000050000020906000107060003DF43010073
:1063E000CDF70000D1430100BB4501000544010089
:1063F0002D44010061440100714401009F440100EB
:10640000AB440100714401008F440100B744010016
:10641000C5440100D3440100094501000D450100B8
:1064200000F00240010000000048E8010000000008
:106430000000000000000000FFFFFFFF0000FF0061
:106440000000000000000000FFFFFFFF020000014D
:106450000100000057460100FFFF00006C640100CE
:10646000FFFFFFFF000000000000000000F00240FE
:106470007864010001000000806401000300000056
:106480001700000416000006150000055C5F0100FF
:1064900014000100004000400000000000127A00DB
:1064A000000000000000000000000000FFFFFFFFF0
:1064B0000000FF000000000000000000FFFFFFFFE1
:1064C00000000001010000004D460100FFFF000038
:1064D000E0640100FFFFFFFF00000000000000007B
:1064E00000400040EC64010001000000F464010081
:1064F00003000000280000040C0000050B0000064B
:106500005C5F0100080001005DFA00002D470100FA
:1065100003000000010000009C5E01009C5E010081
:10652000E45E0100EC5E01001C5F0100345F0100CD
:1065300077C295F360D2EF7F3552500F2CB6798039
:106540004C454420524F4A4F206E6F20646973704F
:106550006F6E69626C650A004C4544205645524492
:1065600045206E6F20646973706F6E69626C650A96
:10657000004C454420415A554C206E6F206469738D
:10658000706F6E69626C650A0044465520457874E8
:1065900065726E616C2054657374202D204669729B
:1065A0006D77617265206361726761646F20636FEC
:1065B0007272656374616D656E7465212076312E2B
:1065C000300A00496E696369616E646F2074657397
:1065D000742073696D706C65206465204C4544734C
:1065E000205247422E2E2E0A004C45443A20524F4C
:1065F0004A4F0A004C45443A2056455244450A0049
:106600004C45443A20415A554C0A004661696C6534
:106610006420746F207265626F6F743A20737069C2
:106620006E6E696E6720656E646C6573736C792E2F
:106630002E2E0A007F7F7F7F7F7F7F7F7F7F7F7F00
:106640007F7F7F7F7F7F7F7F7F7F7F7F7F7F7F7F5A
:106650007F7F7F7F7F7F7F7F7F7F7F7F7F7F7F3E8B
:106660007F7F7F3F3435363738393A3B3C3D7F7F3B
:106670007F407F7F7F000102030405060708090AA7
:106680000B0C0D0E0F101112131415161718197F7D
:106690007F7F7F7F7F1A1B1C1D1E1F20212223242A
:1066A00025262728292A2B2C2D2E2F303132337FD7
:1066B0007F7F7F7F4142434445464748494A4B4C90
:1066C0004D4E4F505152535455565758595A616276
:1066D000636465666768696A6B6C6D6E6F70717212
:1066E000737475767778797A30313233343536375A
:1066F00038392B2F2A2A2A20426F6F74696E67203F
:106700006E524620436F6E6E6563742053444B2077
:1067100076322E392E302D373738376232363439CB
:10672000383430202A2A2A0A002A2A2A2055736956
:106730006E67205A6570687972204F532076332E29
:10674000372E39392D316638663364633239313446
:1067500032202A2A2A0A00464C4153485F3000530F
:1067600052414D5F30007263006572720067726F54
:10677000757000736C6F740076657273696F6E006C
:106780003C3F3F3F3E006861736800626F6F746119
:10679000626C650070656E64696E6700636F6E663B
:1067A00069726D6564006163746976650070657215
:1067B0006D616E656E7400696D61676573007370FD
:1067C0006C697453746174757300636F6E6669727B
:1067D0006D000A02040C01171D2568752E256875C9
:1067E0002E256875002E2575006F666600696D613F
:1067F00067650064617461006C656E0073686100B8
:10680000757067726164650005050101010106018B
:106810000101010302010101030303030103030159
:1068200006066D63756D677220736D7000636C6F23
:10683000636B403430303030303030007332356686
:106840006C3132386C403000666C6173682D636F58
:106850006E74726F6C6C65724034303031653030FC
:1068600030006770696F4035303030303330300081
:106870006770696F403530303030303030000001A3
:1068800002030405060775617274403430303032FB
:106890003030300073706940343030326630303020
:1068A00000737069403430303034303030000401CF
:1068B00004030402040104010403010303040104AA
:1068C00000202A2A2A2A2A2A2A2A2A2A2A2A2A2A5C
:1068D00000015465726D696E616C0000000000007B
:1068E00000545452205245474745530001020203C9
:1068F0000303036D61696E00737973776F726B7157
:1069000000286E756C6C29002A666C6F61742A0011
:10691000FFFFFFFFFFFFFFFF00000000053C01003D
:106920000000000000010000000000000000000066
:106930000000000000000000000000000000000057
:1069400000000000000000005933010094610100C4
:10695000000000002F3801000000000000000000CF
:10696000000000003C62010006000100B5E20000EA
:10697000000000006C62010006000000F13B010015
:1069800000000000FDE70000000000000000000023
:10699000480500200000000000000000000000008A
:1069A0000000000000000000300E00202000000069
:1069B0000000000000000000000000008C640100E6
:1069C000010000006C0500206C05002000000000A4
:1069D000010000007C0500207C0500200000000074
:1069E00001000000000000000000000000000000A6
:1069F0000000000000000000000000000000000097
:106A00000000000000000000985F0100000000008E
:106A100000000000580E0020500E00200000000072
:106A2000000000000065010001000000D405002006
:106A3000D40500200000000001000000E405002053
:106A4000E40500200000000001000000000000003C
:106A50000000000000000000000000000000000036
:106A60000000000000000000000000000000000026
:106A7000AC5F01000000000000000000680E002074
:106A8000600E002000000000000000000000000078
:106A900000000000000000000000000000000000F6
:106AA00000000000000000000000000000000000E6
:106AB00000000000000000000000000000000000D6
:106AC00000000000000000000000000000000000C6
:106AD00000000000000000000000000000000000B6
:106AE000000000000000000008000000FF0000009F
:106AF000000000000300000000000000FFFF0F0086
:106B0000A8060020A80600200000000000000000E9
:106B10000000000000000000C0060020C0060020A9
:106B2000702F00200000000002000000880000001C
:106B3000000000000000000000000000E40600204B
:106B4000E40600200000000000000000F406002021
:106B5000F40600200400040004000000000000000F
:106B60009C620100002F002015E015E0076950012C
:106B70001000200014577409A3E89505E14F554F04
:106B80007B08D79F4B9F5E87E7792C105E0E48717C
:106B90000D42781501002000FC5701DC6135E1321F
:106BA0003847BDC40F04D2E5BEE5833B23C29F93A3
:106BB000593D00018CFA9994200000018EE35DE8B4
:106BC0007A30DE88E77B0C8B87C5991DB440D5FDF4
:106BD00040C9D82B93172D1D46642620D937DA1EBD
:106BE000598F7B315E8B0C351A93CCD2D7C02C4E8B
:106BF0009B1381B5DEED153A11AB623EDD1B181813
:106C00005D675D0EB0AF4DC0385E77FA65E117ABDA
:106C1000EE5554C06158EEF2C082148ECEEECFE72E
:106C2000566ECC46E28C1B300C0635B54F5B276D9B
:106C30008EE11A6BF3CE6A8835F4BA1A8E10BCE670
:106C40000B51D1FA1E5F49F8A88C5156D5485CAF5C
:106C5000DB0AB2FC77EA78E2D2FFAFA281E03746E6
:106C600027245FECF0E9AB3E7BD4D3F6A958DF9B39
:106C70005C2DDEE3F12DF09D95D83B4F70B2E56DB4
:106C80008B04C10CA953042C5331873FD8324C15C7
:106C9000192DB885E712E3BE02457DFED5C10D2D45
:106CA000895A5F964971BA2C49CF02C95FFCBAFF75
:0C6CB00023EA5E85F6C369031E6841FDFF
:00000001FF
