:020000040000FA
:10C000003DB8F39600000000000200003CA90000CB
:10C010000000000000000000000000000000000020
:10C02000FFFFFFFFFFFFFFFFFFFFFFFFFFFFFFFF20
:10C03000FFFFFFFFFFFFFFFFFFFFFFFFFFFFFFFF10
:10C04000FFFFFFFFFFFFFFFFFFFFFFFFFFFFFFFF00
:10C05000FFFFFFFFFFFFFFFFFFFFFFFFFFFFFFFFF0
:10C06000FFFFFFFFFFFFFFFFFFFFFFFFFFFFFFFFE0
:10C07000FFFFFFFFFFFFFFFFFFFFFFFFFFFFFFFFD0
:10C08000FFFFFFFFFFFFFFFFFFFFFFFFFFFFFFFFC0
:10C09000FFFFFFFFFFFFFFFFFFFFFFFFFFFFFFFFB0
:10C0A000FFFFFFFFFFFFFFFFFFFFFFFFFFFFFFFFA0
:10C0B000FFFFFFFFFFFFFFFFFFFFFFFFFFFFFFFF90
:10C0C000FFFFFFFFFFFFFFFFFFFFFFFFFFFFFFFF80
:10C0D000FFFFFFFFFFFFFFFFFFFFFFFFFFFFFFFF70
:10C0E000FFFFFFFFFFFFFFFFFFFFFFFFFFFFFFFF60
:10C0F000FFFFFFFFFFFFFFFFFFFFFFFFFFFFFFFF50
:10C10000FFFFFFFFFFFFFFFFFFFFFFFFFFFFFFFF3F
:10C11000FFFFFFFFFFFFFFFFFFFFFFFFFFFFFFFF2F
:10C12000FFFFFFFFFFFFFFFFFFFFFFFFFFFFFFFF1F
:10C13000FFFFFFFFFFFFFFFFFFFFFFFFFFFFFFFF0F
:10C14000FFFFFFFFFFFFFFFFFFFFFFFFFFFFFFFFFF
:10C15000FFFFFFFFFFFFFFFFFFFFFFFFFFFFFFFFEF
:10C16000FFFFFFFFFFFFFFFFFFFFFFFFFFFFFFFFDF
:10C17000FFFFFFFFFFFFFFFFFFFFFFFFFFFFFFFFCF
:10C18000FFFFFFFFFFFFFFFFFFFFFFFFFFFFFFFFBF
:10C19000FFFFFFFFFFFFFFFFFFFFFFFFFFFFFFFFAF
:10C1A000FFFFFFFFFFFFFFFFFFFFFFFFFFFFFFFF9F
:10C1B000FFFFFFFFFFFFFFFFFFFFFFFFFFFFFFFF8F
:10C1C000FFFFFFFFFFFFFFFFFFFFFFFFFFFFFFFF7F
:10C1D000FFFFFFFFFFFFFFFFFFFFFFFFFFFFFFFF6F
:10C1E000FFFFFFFFFFFFFFFFFFFFFFFFFFFFFFFF5F
:10C1F000FFFFFFFFFFFFFFFFFFFFFFFFFFFFFFFF4F
:10C20000802400202DD000007F37010019D00000CD
:10C2100019D0000019D0000019D000000000000063
:10C2200000000000000000000000000005D2000037
:10C2300019D0000000000000D1D1000019D000008A
:10C24000B9D30000B9D30000B9D30000B9D30000BE
:10C25000B9D30000B9D30000B9D30000B9D30000AE
:10C26000B9D30000B9D30000B9D30000B9D300009E
:10C27000B9D30000B9D30000B9D30000B9D300008E
:10C28000B9D30000B9D30000B9D30000B9D300007E
:10C29000B9D30000B9D30000B9D30000B9D300006E
:10C2A000B9D30000B9D30000B9D30000B9D300005E
:10C2B000B9D30000B9D30000B9D30000B9D300004E
:10C2C000B9D30000B9D30000B9D30000B9D300003E
:10C2D000B9D30000B9D30000B9D30000B9D300002E
:10C2E000B9D30000B9D30000B9D30000B9D300001E
:10C2F000B9D30000B9D30000B9D30000B9D300000E
:10C3000053B94AB9002908BF00281CBF4FF0FF31BC
:10C310004FF0FF3000F00CB8ADF1080C6DE904CE21
:10C3200000F008F8DDF804E0DDE9022304B070470E
:10C33000704700BF2DE9F04786468C460846089EA8
:10C34000154674461946002B40F0C2808542B2FA69
:10C3500082F245D94AB1C2F1200300FA02FC2EFA5A
:10C3600003F3954043EA0C0C94404FEA154EA8B2F3
:10C37000BCFBFEF8230C0EFB18CC08FB00F943EACB
:10C380000C43994528D9EB1808F1FF3704D2994599
:10C3900002D9A8F102072B44A3EB0903A4B2B3FB13
:10C3A000FEFC0EFB1C330CFB00F044EA0344A042ED
:10C3B00014D92C190CF1FF3304D2A04202D9ACF1EC
:10C3C00002032C44241A43EA07401EB1D440002340
:10C3D00034607360BDE8F0874746DDE76346F1E708
:10C3E00092BB431B01214FEA154EAFB2B3FBFEFCDB
:10C3F000200C0EFB1C330CFB07F840EA0343984566
:10C4000062D9EB180CF1FF3004D2984502D9ACF197
:10C4100002002B44A3EB0803A4B2B3FBFEFC0EFB0B
:10C420001C330CFB07F744EA0344A7424ED92C19EE
:10C430000CF1FF3304D2A74202D9ACF102032C4421
:10C44000E41B43EA0040C0E7C2F1200320FA03F1F5
:10C45000954090402EFA03F303434FEA154EAFB2D6
:10C46000B1FBFEFC0EFB1C10190C0CFB07F841EA9B
:10C470000041884504FA02F422D969180CF1FF3012
:10C4800004D2884502D9ACF102002944A1EB08018D
:10C490009BB2B1FBFEFC0EFB1C110CFB07F743EA41
:10C4A00001439F420ED9EB180CF1FF3104D29F4299
:10C4B00002D9ACF102012B44DB1B41EA004192E7B7
:10C4C0006046E3E76146F7E76046A3E76346B7E700
:10C4D000834206D916B9002108467BE7C6E900E089
:10C4E000F9E7B3FA83F78FB9834201D3724508D8CD
:10C4F000BEEB020460EB030301209C461EB9002141
:10C5000068E73846FAE7C6E9004CF8E7C7F1200CBF
:10C51000BB4022FA0CF41C432EFA0CF120FA0CF367
:10C52000B84001434FEA14490EFA07F5B3FBF9F896
:10C530001FFA84FE09FB18300B0C08FB0EFA43EAC5
:10C5400000439A4502FA07F240D9E31808F1FF3098
:10C5500004D29A4502D9A8F102002344A3EB0A03AE
:10C5600089B2B3FBF9F809FB183308FB0EFE41EA68
:10C5700003418E452CD9611808F1FF3304D28E4552
:10C5800002D9A8F10203214443EA0040A0FB02982B
:10C59000A1EB0E014145CE46434602D306D14D459F
:10C5A00004D2B9EB020E68EB04030138002EA6D0CA
:10C5B000B5EB0E0261EB030101FA0CFC22FA07F362
:10C5C0004CEA0303F940C6E9003198E74046C5E765
:10C5D0004346D9E72DE9F0413A4809F03DF830B932
:10C5E000394806F0A1FE4FF0FF30BDE8F081374832
:10C5F00006F099FB0028F3DB354806F094FB002891
:10C6000001DA3448EDE7344806F08DFB002801DA02
:10C610003248E6E732482D4C06F086FE314806F0F7
:10C6200083FE03250121204606F097FB642006F0D7
:10C63000A8FB0021204606F090FB642006F0A1FB39
:10C64000013DEFD1214E224FDFF88C800324B5FB52
:10C65000F4F404EB44042C1B012C16D0022C22D041
:10C660000121304606F079FB0021384606F075FBC3
:10C670004046002106F071FB1B4806F055FE4FF4C2
:10C68000FA60013506F07DFBE0E70021304606F058
:10C6900064FB2146384606F060FB4046002106F068
:10C6A0005CFB1248E9E70021304606F056FB00210A
:10C6B000384606F052FB4046012106F04EFB0C487E
:10C6C000DBE700BF285F0100106501005861010031
:10C6D00050610100286501004861010041650100C9
:10C6E0005965010093650100B9650100C465010049
:10C6F000D0650100014B1B68184700BFF004002003
:10C70000014B1860704700BFF004002030B585B0C1
:10C7100004460D4610220021684609F023FB02233F
:10C720008DF802302A46044B01932146684606F0F4
:10C730009DF805B030BD00BFF5C6000080B50546C8
:10C740000E461746984605F04DFE034609F082FB5B
:10C75000DFF81890044649F8003042463046394622
:10C76000A84754F8090000F0E1FC00BF08000000F1
:10C7700008B50446EFF31183202383F31288BFF337
:10C780006F8F03F08DFD204600F07AFC024806F022
:10C79000CBFD07F006F8FCE7DB6501002DE9F0436F
:10C7A000079D15B91560002012E00324B5FBF4F4D1
:10C7B00004EB4407BD4218BF0134B4F1804F09D2E5
:10C7C000A40001348C4200D838B914606FF00B001B
:10C7D000BDE8F0834FF0FF34F7E7DFF8BCE0044634
:10C7E0000021B94203F1030C04F104062CD3A94241
:10C7F000274624D21F7801F1010CAC45264938BFE9
:10C800005B784FEAA70E28BF002311F80EE084F8EA
:10C8100000E0AC4501EB131E3CBF9B0003F03C0362
:10C820004FEA071707F0300738BFCB5C1EF80770D8
:10C83000677028BF3D23A3703D23E3703746381A45
:10C84000002310603B70AEE71CF8034C1CF8023C60
:10C850001CF8018C4FEAA40924011EF8099006F87F
:10C86000049C04F030040EEB13199B0019F80440EB
:10C8700006F8034C03F03C030EEB981408F03F0855
:10C88000E35C06F8023C1EF8083006F8013C033170
:10C8900034466346A5E700BF846601002DE9F043F6
:10C8A000DDF81CE0DFF82C8100273C463D4675454D
:10C8B0001FD3E4BB14600020BDE8F0830136764549
:10C8C00033D013F806C0BCF1200FF7D0AEEB060949
:10C8D000B9F1010FA6EB05050DD0BCF10D0F0AD182
:10C8E00003EB060999F80190B9F10A0F6ED1751C96
:10C8F000DDE72E46E3E7BCF10A0FF8D02DB9BCF115
:10C900003D0F05D10137022F0DD96FF01500D3E788
:10C910001CF0800FF9D118F80C507F2DF5D03F2D69
:10C9200001D8002FF1D10134E1E73546C1E704F029
:10C9300007064FF0060CE4080CFB06F60CFB04F4AB
:10C940000736E41B04EBD60470B18C420CD80027E8
:10C95000DFF880E0DFF880801D44014603263C4676
:10C960009D4205D10C1AA5E714606FF00B00A3E7F8
:10C9700013F8019BA9F10A0C5FFA8CFCBCF1160FAD
:10C9800004D848FA0CFC1CF0010FE9D01EF809C0CD
:10C990000134BCF1400F08BF013E0CF03F0C042CE9
:10C9A0004CEA8717DCD17EB13C0C012E0C7002D111
:10C9B00001310024D4E7022E4FEA17244C7016BF31
:10C9C0008F7002310331F4E73446C9E7002DA2D05D
:10C9D0009BE700BF04660100F6FFBFFF2DE9F047AB
:10C9E000058B04462807904611D4022905F0070557
:10C9F00040F0CC80204606F0A4FC78B10138218BB1
:10CA0000042811D8DFE800F0C2106D8595000129D7
:10CA10000CBF45F0100545F02005258388F31188EB
:10CA2000BFF36F8FBDE8F08701F0070AAA4500F059
:10CA3000A5800027B9463E46A368002B00F0BC80C5
:10CA400041F00801218388F31188BFF36F8FA1683B
:10CA5000002900F0BA800D68002900F0B680D1F8F6
:10CA60000480334652462046C047002D76D02B68BE
:10CA700029461D46F0E701F007035A1F012A1BD87B
:10CA8000002221F00701062B276889B2C4E90022A1
:10CA900009D13B4603E0628B013262831B68002BA5
:10CAA000F9D141F002012183204606F04AFC00281A
:10CAB0007AD041F0200176E0042B0AD121F0070161
:10CAC00089B22183204606F03CFC10B141F02001E0
:10CAD0002183218B01F0070AAA454FD00027B946D0
:10CAE000AAE7236921F0070141F00601062DD3F8DA
:10CAF000009021832DD1B9F1000F3FD041F0080102
:10CB0000218388F31188BFF36F8F3A492046C847C5
:10CB100029E021F00701236941F0040189B2042DC5
:10CB2000D3F804902183E6D000273E464FF0040A54
:10CB300082E721F00701236941F0050189B2052D43
:10CB4000D3F808902183D6D000273E464FF0050A3F
:10CB500072E700273E464FF0060A6DE72B4687E74F
:10CB6000B9F1000FD1D1EFF31188202383F312889C
:10CB7000BFF36F8F238B23F008032383258BEA06F3
:10CB80002ED525F01003238305F007056669218B58
:10CB9000002EBFF670AF00232768C4E9003321F0F0
:10CBA000070141F001012183218B01F0070AAA4509
:10CBB0004FF000097FF440AF002F9CD041F00801F6
:10CBC000218388F31188BFF36F8F002FC8D03D6891
:10CBD000394633465246204606F0DFFB2F46F4E73F
:10CBE000AB067FF51BAF25F02003238305F0070577
:10CBF00000E700BFC7330100014B0360002070470E
:10CC00006061010070B5114B1C680D46DCB1104B22
:10CC1000196800238B4202DB6FF0010070BD2246D1
:10CC200012F8106B864202D001331446F2E7E06836
:10CC300010B96FF01200F1E708F00EFD0028F8D0EF
:10CC40002C600020EAE76FF00C00E7E7F404002016
:10CC5000606101002DE9F3470D46DDE90A78914650
:10CC60001E46044620B96FF00D0002B0BDE8F08703
:10CC70000029F8D0002AF6D00093002301938B6896
:10CC80000846DB6898470268B6FBF2F302FB1363C1
:10CC900082462262002BE6D16A461349284607F0F5
:10CCA000D6FA019A002ADED007EB08039A42DAD3BB
:10CCB000216AB7FBF1F301FB1373002BD3D1C4E955
:10CCC0000096E5602361A3606761B8F1000F01D1B0
:10CCD000A2EB07080C9BC4F81880E3619AF80530B2
:10CCE00084F824300020C0E7BF35010008B50448AF
:10CCF00006F01AFBBDE80840024806F015BB00BF6D
:10CD0000C4660100F966010030BFFFF7FDBF00BF38
:10CD10002DE9F0410B4EDFF8308006EB0807CC1B05
:10CD2000054632460949204608F0F4FFA01942465C
:10CD30000021083C09F016F82C6707F10800BDE84F
:10CD4000F08100BF00000000040000002861010025
:10CD5000074A936893F90E10002907DB5269934242
:10CD60001FBF044A536843F080535360704700BFAD
:10CD7000F40D002000ED00E070B5264B15469A6AD0
:10CD800012F0100F9A6A14BF1124102412F0080F29
:10CD90009A6A18BF1224920706460AD5586B9A6AF7
:10CDA000140634D519B19A6A22F080029A621324CB
:10CDB00001E06FF01500174B9A6A12F0010F9A6AA2
:10CDC00018BF142412F0200F9A6A18BF1524D20637
:10CDD00002D49B6A9B070AD50E4B5B68190506D5E2
:10CDE000314600F09FFA10B180F309880224094B04
:10CDF0009A6A920642BF5A6A22F400525A629A6AAA
:10CE000042F0FF029A6200232B70204670BD6FF043
:10CE10001500CCE700ED00E0134B9A6A12F0007F9A
:10CE20009A6A14BF1E201D2012F0807F9A6A18BFD4
:10CE30001F2012F4002F9A6A18BF212012F4802FAD
:10CE40009A6A18BF222012F4003F9A6A18BF232062
:10CE500012F4803F9A6A6FEA02426FEA12429A62C3
:10CE600018BF2420704700BF00ED00E010B5194B3B
:10CE70000246986A9C6A10F4805F14BF172016203F
:10CE800014F4006F9C6A18BF1820A40509D5986B8C
:10CE9000986A000404D51AB19A6A22F400429A6290
:10CEA00019200C4B9A6A12F4806F9A6A18BF1A20E4
:10CEB000D2050CD49B6A13F4005F18BF1C20054AEE
:10CEC000936A43F47F43936200230B7010BD1B20D1
:10CED000F5E700BF00ED00E0F0B5484B5B688BB0B4
:10CEE0000446C3F30803002585F31188BFF36F8F51
:10CEF00002F07F40B0F17F4F11D102F00C00082802
:10CF00000DD010074CBF0C4601250022033B8DF8C5
:10CF10000720032B05D8DFE803F0246367602C4665
:10CF2000F3E700239DF80720CAB902AE04F12007F9
:10CF300020686168324603C20834BC421646F7D105
:10CF4000099A002D54D0C2F3080121B96FEA522288
:10CF50006FEA4222099202A9184606F006FC0BB0BD
:10CF6000F0BD264BDA6A9107DBD4DA6A002AD8DBF7
:10CF7000DA6A5200D5D55A69A16942F480725A61C1
:10CF8000BFF34F8FBFF36F8F5A6931F8021C22F441
:10CF900080725A61BFF34F8FBFF36F8F4DF60272ED
:10CFA00091420AD09A6AD2B24AB10DF10702012128
:10CFB0002046FFF7E1FE0346B4E72368B2E79A6A2A
:10CFC00012F47F4F05D00DF107010120FFF74EFF4E
:10CFD000F1E79B6AB3F5803FA3D3FFF71DFFEAE7B4
:10CFE0000DF107020021E3E70DF107010020EDE755
:10CFF00022F4FF7222F00102ACE700BF00ED00E076
:10D00000044B5A6942F010025A615A6922F0080230
:10D010005A61704700ED00E0EFF30880EFF30981FB
:10D0200001B57246FFF758FF01BD00BF002080F335
:10D030001488BFF36F8F03F01DFA00200D490860BC
:10D04000BFF34F8F0C4880F3088800F03DF8202094
:10D0500080F3118809484FF40461401880F309886F
:10D06000EFF314800221084380F31488BFF36F8F1D
:10D0700000F020F994ED00E080240020C01600208C
:10D08000BFF34F8F0549064BCA6802F4E0621343B1
:10D09000CB60BFF34F8F00BFFDE700BF00ED00E0A6
:10D0A0000400FA050749D1F890200023C2F30722B3
:10D0B0001846934200DB7047C1F89830C1F8A000D1
:10D0C0000133F6E700ED00E008B572B6002383F304
:10D0D0001388FFF7E7FF144B4FF0FF32C3F88020AF
:10D0E000C3F88420C3F88820C3F88C20C3F89020AC
:10D0F000C3F89420C3F89820C3F89C20C3F880217B
:10D10000C3F88421C3F88821C3F88C21C3F8902187
:10D11000C3F89421C3F89821C3F89C2162B6BFF3E9
:10D120004F8FBFF36F8F08BD00E100E0084B9B6895
:10D1300083420BD1EFF3058343B1064B5A6842F0AB
:10D1400080525A605A6A22F400425A6208F039BD8D
:10D15000F40D002000ED00E0094A93686FF00A0129
:10D160009967084958674B6843F080534B60002328
:10D1700083F31188BFF36F8F9368986F704700BF78
:10D18000F40D002000ED00E010B50446EFF311832C
:10D19000202383F31288BFF36F8F0A4B586998607E
:10D1A000094B4FF000625A60084B026F1A60002270
:10D1B000436F426783F31188BFF36F8F00F01AF952
:10D1C000204610BDF40D002000ED00E0100A002004
:10D1D0000B498A684FF030001044EFF3098C80E867
:10D1E000F01F74467046FFF7CFFFA64604498A68D1
:10D1F00002F1300090E8F01F8CF3098870470000BE
:10D20000F40D00201EF0040F0CBFEFF30880EFF3C5
:10D210000980816911F8021C0229FFD001B506F0CE
:10D22000AAFA01BD40B2002807DB044A41090123E4
:10D2300000F01F00834042F82130704700E100E019
:10D2400040B200280CDB4309064900F01F002033E0
:10D250000122824041F82320BFF34F8FBFF36F8F2D
:10D26000704700BF00E100E0054B420900F01F00DD
:10D2700053F82220012303FA00F01040704700BF4A
:10D2800000E100E040B20028A8BF00F1604001F1D9
:10D290000101B8BF064B4FEA4111ACBF00F5614038
:10D2A00000F00F00C9B2B4BF195480F800137047E2
:10D2B00014ED00E00B4A08B50B4B22F07F029A6098
:10D2C000BFF34F8FBFF36F8FD3F8882022F4700223
:10D2D000C3F8882004F08AFA05F022F900F060F81B
:10D2E00004F0C8FA00C2000000ED00E042F8203C63
:10D2F000009B42F81C3C0A49019B42F8183C029BE7
:10D3000042F8143C21F001014FF0807342F8043CD4
:10D3100042F8081C0023203A02654367704700BFAB
:10D320003DC70000094A0346906870B113F1160F1B
:10D33000006E05D0A0F140029A4205D8834203D284
:10D34000814228BF0020704700207047F40D002064
:10D3500008B515460B4A0C4B9060026F1A600E46DA
:10D3600000F048F82C4686F309884FF00000074B80
:10D37000984720464FF000014FF000024FF00003A5
:10D38000034C2047F40D0020100A002095370100BF
:10D390003DC70000014B10221A61704700ED00E00C
:10D3A000044800232021C2180133302B82F80013D7
:10D3B000F9D1704700E100E008B5EFF30583064AB4
:10D3C000103B02EBC30152F8330049688847BDE8BF
:10D3D0000840FFF7BDBC00BFA05F0100024B034A3D
:10D3E0000348012100F076B8000002200000002070
:10D3F000D4610100026E054B403A1A60044A402194
:10D40000C3E901121846012100F06EB8140A002089
:10D4100000000B15084AC2F898000B6823F01F03A0
:10D42000034343F01003C2F89C308B6843F00103C0
:10D43000C2F8A030704700BF00ED00E02DE9F043D6
:10D44000DFF8608085B00E461F4604464FF00009A5
:10D45000B14523DA6068D8B13FB1411E08421BD103
:10D460001F2819D92368194216D12368019306F0A1
:10D47000B4F9A36803430393D8F89050C5F3072584
:10D48000D0B2013DA84207D801A9FFF7C3FF421C53
:10D4900009F101090C34DBE76FF01502104605B005
:10D4A000BDE8F08300ED00E0044B0522C3F89420B2
:10D4B000BFF34F8FBFF36F8F704700BF00ED00E0E9
:10D4C000BFF35F8F024B0022C3F89420704700BF68
:10D4D00000ED00E010B5034C01232278FFF7AEFF0A
:10D4E000207010BD2C0E002008B50B4A00231278C6
:10D4F000FFF7A4FF10F1160F07D0084A0021D2F859
:10D500009030C3F30723984200DB08BDC2F89800AF
:10D51000C2F8A0100130F2E72C0E002000ED00E070
:10D520002DE9F043534B544CD3F890302568C3F3A6
:10D5300007239D4285B000F29A80FFF7C1FF0020CB
:10D540000C2685421AD14D4C4D4F25706846FFF789
:10D5500053FBDFF82081DFF82C9106460025AE4210
:10D5600013D1237843490020D1F89020C2F3072239
:10D57000934276DBFFF798FF002042E0616806FBEC
:10D580000011FFF747FF0130DBE7009800EB0511C2
:10D590004FEA051CCB683B40B3F5000F48D00AD8D2
:10D5A000B3F5001F30D0B3F5800F36D0B3F5801F30
:10D5B00010D00135D3E7B3F1807F42D0B3F1007FC3
:10D5C000F7D150F80C3088684A6806F006F940F444
:10D5D000802009E050F80C3088684A6806F0FDF8B1
:10D5E00040F0885040F43020CDE901230390D8F872
:10D5F00090302078C3F30723013B98422AD96FF07B
:10D60000150005B0BDE8F08350F80C3088684A6812
:10D6100006F0E3F840EA0900E6E750F80C308868C5
:10D620004A6806F0DAF840F0007040F40030DBE7BA
:10D6300050F80C3088684A6806F0CFF840F08270E5
:10D64000D2E750F80C3088684A6806F0C6F840F017
:10D650008870C9E701A9FFF7DDFE23780133237045
:10D66000A7E7C1F89830C1F8A00001337CE74FF07C
:10D67000FF30C6E700ED00E0E06101002C0E002065
:10D680000000F0FF0000081108B5024B1B68984726
:10D69000002008BD200A0020034B044A186093783C
:10D6A00043F0020393707047200A0020F804002022
:10D6B00008B50649064821F00701C1F1005202F5FC
:10D6C000003205F0D7FD002008BD00BF87300020E4
:10D6D000240A002070B54169857A0C4E044659B180
:10D6E000437ADB0706D4242303FB0563DB691B684D
:10D6F0009B6898470023636105EBC505214606EB4F
:10D700008500BDE8704008F009B900BFEC060020B4
:10D71000827A064B242101FB02331A6A1B7D1B33DC
:10D72000801A23F00303B0FBF3F07047EC060020EF
:10D7300038B5074B827A242404FB0233DB69D3E932
:10D7400001240C601568FFF7E3FF04FB005038BDAF
:10D75000EC0600202DE9F04F85B0054668460391A0
:10D7600091461C4690469A4608F088FADDE9006723
:10D77000EFF3118B202383F31288BFF36F8F698A35
:10D78000002942D02B8A8B4226D90022002328462A
:10D7900004F030F90446F8B18BF31188BFF36F8FB2
:10D7A000039B002B4FD032463B46684608F08AFA6E
:10D7B000A27A2D4B242101FB02332046DB691B6832
:10D7C00003A91D68DDE90023A847606100283BD15B
:10D7D0002046FFF77FFF31E0698A4B1E6B828BF397
:10D7E0001188BFF36F8F2B7D2A8A2C6A1B3323F09D
:10D7F0000303521A02FB03441B4B1C4AEB1A9B10F7
:10D800005343A3722B7DE372CAE78BF31188BFF3F6
:10D810006F8F54EA090409D008F01CFB144A154B19
:10D8200012589A420ABF8846C846C24642465346E4
:10D83000284604F0DFF804460028B1D10024204631
:10D8400005B0BDE8F08F6361012300252381039BB0
:10D850006382E27A6560294604F1180008F082FAD2
:10D8600063692582E360EAE7EC060020398EE3383D
:10D8700008000000D008002070B50C4C242500B929
:10D8800070BD037A4668013BDBB20372002BF7D10F
:10D89000C3604360837A05FB03439B6913B19847D8
:10D8A0003046ECE7FFF716FFFAE700BFEC06002072
:10D8B000024B0122C3F840250020704700E00140E0
:10D8C00020B1034B800143F001031847704700BFAC
:10D8D0004061010038B5064C064DAC4201D3002032
:10D8E00038BD54F8043B002BF7D09847F5E700BF4C
:10D8F0002061010028610100084B0246186808B148
:10D90000036800B9704741899142FBD01BB1196887
:10D9100018460B46F5E71946FAE700BF300A002023
:10D920000A4B1B681BB11A681BB9184670471A4688
:10D93000FAE75989814206D01AB1116813460A469E
:10D94000F2E71146FAE7D868704700BF300A0020B6
:10D9500000230360044B5A6812B9C3E90000704702
:10D9600010605860704700BF300A00202DE9F04F6A
:10D9700000238BB0CDE9063304460D4601F10C0AB5
:10D980002B8A3BB999462168284606F052F921684E
:10D99000002080E0072B40F20381EA68106851689C
:10D9A00006AB03C3BDF81A305BBA1FFA83FBADF8B0
:10D9B0001A30BDF81C305BBA9AB208215046ADF857
:10D9C0001C30059205F028FF2B8A5B45C0F0EE80E5
:10D9D0009DF8188018F0050940F0ED802168284670
:10D9E00006F013F90646002800F0E880606840F869
:10D9F000045B2B8ACDE9019901220092EA68042197
:10DA000007F034FDA068314605F04FFF9DF818304F
:10DA1000A768C3F3C103012BC7F84C9000F2C38081
:10DA20000598FFF769FF002800F093809DF81F100C
:10DA300005F00CFF002800F08C809DF8183013F0E2
:10DA400007032ED0022B47D04FF00309A0683146C0
:10DA500005F02BFFD4F8088008F1040702213846AE
:10DA600007F0C4FD00287AD056490222384607F054
:10DA7000A2FD002873D04946384607F080FD0221F8
:10DA800000286ED1384607F0B9FD2168284606F017
:10DA9000D0F82168304606F0CCF848460BB0BDE817
:10DAA000F08FD0F80090A068B9F1000F51D00F218D
:10DAB000043007F09BFD00284ED02046C847814621
:10DAC000A0680F21043007F099FD40B9B9F1000FAB
:10DAD00008BF4FF00709B9E7D0F80490E3E7B9F1C0
:10DAE000000FB3D1B7F84E90B9F1000F12D018F073
:10DAF000180F0FD1B7F84C00FFF712FF034610B90B
:10DB00004FF00109A2E7484698478146B0B1002E80
:10DB10004ED09BE7D7E90087D8F80C30FF1A08A948
:10DB2000A7F1080206A805F0A1FEA8F81070A368E6
:10DB30001B68DA680B4603CB1060516023683046DF
:10DB40001B6A9847814698BB5946504605F064FECB
:10DB500016E74FF0080979E74FF0070976E7022149
:10DB600090E7384607F04AFD00288ED0D8E900A794
:10DB7000DAF80C30FF1A08A9A7F1080206A805F088
:10DB800075FEAAF81070A3681B68DA680B4603CB11
:10DB900010605160236830461B6A9847002674E77E
:10DBA0004FF00909EFE64FF00D094FE74FF0090973
:10DBB0002E4600254AE74FF00809F9E74FF0020921
:10DBC000F6E700BF3667010070B504460E461546FD
:10DBD0008AB3A0F84810A0F84A201849032207F099
:10DBE000EAFC18B9002000F0010070BD02212046B7
:10DBF00007F0FCFC0028F5D011490522204607F06B
:10DC0000DAFC0028EED03146204607F0C2FC00289E
:10DC1000E8D00C490222204607F0CDFC0028E1D0D4
:10DC20002946204607F0B5FC0028DBD0022120461B
:10DC300007F0E4FCD7E70120D7E700BF3967010010
:10DC40003D6701003667010070B50C4615461E465B
:10DC500048B1094833462A46214605F03FFD0028D1
:10DC600018BF0C2070BD054B0348197805F048FD1E
:10DC70000028EED00A20F5E7380A0020640C0020C6
:10DC80007FB50C46002843D1234B69461878FEF730
:10DC9000B9FF00283ED1009805F088FC0646002810
:10DCA00032D0009B5B68013B191901AA06F0CBFA40
:10DCB000014658BBDDE90005029B1D444368ED1A8F
:10DCC0002A4605F059FC044630B10D24009805F0B1
:10DCD00010FC204604B070BD009B986806F03BF82D
:10DCE000A842F3D3009B5968014401AA304606F0CC
:10DCF000AAFA0098019943688268C91A521A05F075
:10DD00003BFC0028E2D0E0E71224DFE71324DDE744
:10DD10001424DEE70A24DCE7640C0020F0B5064694
:10DD20000D4685B018220021284608F01BF87368BC
:10DD3000581C00F09080002B7CD132691F2A6DD9CD
:10DD4000B268511C6CD0C5E90023F768434B3A68B0
:10DD50009A4267D1B269202A66D862B14048036806
:10DD6000013308D0037B9A4205D171690D3008F068
:10DD700001F80446A0B1002005F0D8FE18B905F05E
:10DD800036FE00280FDA012005F0D0FE20B9012070
:10DD900005F02DFE002806DA4FF0FF33EB60092472
:10DDA000204605B0F0BDE8606946C0B2FEF72AFF24
:10DDB00000283BD10098B26883689A4203D905F0E5
:10DDC00098FB1E24ECE705F094FB337F73B9287BA6
:10DDD00001A9FEF717FFB0B9019805F0D7FD044679
:10DDE000019805F086FB002CDADB0DE002A805F0B7
:10DDF000DFFEE8B907F1140102A805F000FE0028D3
:10DE0000E5DB1B24CCE70A24B4FA84F464096C74BF
:10DE10003369AB6001232B740024C1E71624BFE7EC
:10DE20001524BDE71724BBE71824B9E70A24B7E790
:10DE30001A24B5E70A4A13689168EB600023296049
:10DE40006B60736852689342E6D132691344994219
:10DE5000DED21F24A4E71424A2E700BF3DB8F39646
:10DE6000640C0020F0B595B00F46202302930446C1
:10DE700015466B460CAA03A93846019200F050FAE9
:10DE80000646002840F08E8004340F21204607F01B
:10DE9000ADFB10B9002015B0F0BD43490422204667
:10DEA00007F089FB0028F5D007F00101204607F0B4
:10DEB00070FB0028EED03D490722204607F07BFB8F
:10DEC0000028E7D005A903A800F0D0F9002861DAFE
:10DED00037490522204607F06EFB0028DAD0354985
:10DEE0000422204607F067FB0028D3D001A9204672
:10DEF00007F05BFB0028CDD02F490822204607F011
:10DF00005AFB0028C6D0009981F01001C1F300111E
:10DF1000204607F087FB0028BCD02849072220466E
:10DF200007F049FB0028B5D0C5F34001204607F0B3
:10DF300079FB0028AED022490922204607F03BFB9E
:10DF40000028A7D0C5F38001204607F06BFB00280E
:10DF5000A0D01C490622204607F02DFB002899D0AE
:10DF600005F00101204607F05DFB002892D016491C
:10DF70000922204607F01FFB00288BD0C5F3C00103
:10DF8000204607F04FFB002884D00F21204607F0E1
:10DF900035FB80E7192205A920468DF82C6007F093
:10DFA00013FB9AE7012076E7436701004867010009
:10DFB00050670100566701005B670100646701005C
:10DFC0006C670100766701007D6701002DE9F7436A
:10DFD00086683449043607460622304607F0EBFAD5
:10DFE00038B905F0C5FD05F0C4FD072003B0BDE854
:10DFF000F0830221304607F0F5FA044605F0B8FD3B
:10E00000002CF0D000240DF1070120468DF80740C8
:10E0100005F06DFD8046204605F0ACFD9DF807300B
:10E02000022B054680F001092AD180454FF00108F6
:10E030002CD14D45B8682CDA42462946FFF712FF2D
:10E040000028D0D022464946B868FFF70BFF0028C9
:10E05000C9D00221304607F0CDFA0028C3D01249BA
:10E060000B22304607F0A7FA0028BCD0002130462A
:10E0700007F085FA0028B6D005F07BFD0020B5E753
:10E0800080454FF00508D4D0022BD2D8074AD45689
:10E09000CFE722464946FFF7E5FE0028A3D04246D7
:10E0A0002946D1E7876701008E670100A26701005A
:10E0B0002DE9F3414FEA6008044640460F4605F05B
:10E0C00059FD002306460DF1030140468DF803304B
:10E0D00005F00DFD0546EFB105F04EFD804505D17B
:10E0E0009DF80330012B26D11C2420E0A6423DD010
:10E0F0009DF80330012BF7D0002B3BD0022B39D0F9
:10E10000204605F074FC01A9C0B2FEF77BFDD0B13A
:10E110000A240CE0A6422BD09DF80330012B03D03B
:10E120007BB1022BE0D0EBE7A042DDD100242046FA
:10E1300002B0BDE8F081002BE0D1A542F6D0A642A6
:10E14000F0E7A042EEE7331B594201983A465941A5
:10E1500006F090FC044628B1441E032C9ABF074BDE
:10E160001C570124019805F0C4F9E0E72024DEE7FC
:10E170002124DCE7A542C3D1D8E700BFA567010091
:10E18000F0B597B035490C9104210D91344902AA9C
:10E19000CDE90E12334A119205460722D0E9010457
:10E1A0001292314A139200230DF10302CDE902339A
:10E1B0008DF8033001938DF8403014928DF854306F
:10E1C000022201AB0CA9043005F089FB002841D1E3
:10E1D00005F0CEFC039B04346BB99DF8033063B1AA
:10E1E00005F0CAFC05F0C6FC9DF80310FFF760FFC0
:10E1F00018B382B202E0202B0AD018222046012157
:10E20000FFF7E2FC044605F0B4FC2CB300241BE04D
:10E21000029B04AA03F1200C174618685968164699
:10E2200003C6083363453246F7D10021384605F06E
:10E23000A5FC0028D8DA0822E0E72846FFF7C6FE4A
:10E24000044620B105F095FC204617B0F0BD05F05E
:10E2500090FCDBE70324F7E70724F5E756670100A6
:10E26000495201009A670100F552010073B54388D5
:10E270000193437800930E4603780C4A0546192112
:10E28000304604F0C7FA041E03DA4FF0FF3002B044
:10E2900070BD6B683BB1064AC4F11901301904F036
:10E2A000B9FA031EF1DBE018F1E700BFA96701002E
:10E2B000B5670100033880B219289ABF014B185680
:10E2C00001207047D867010008B5054B2C220021BA
:10E2D000184607F047FD4FF0FF3240F8042C08BD08
:10E2E000680C00200148FFF733BB00BF0805002081
:10E2F00010B5041D08490322204607F05CF908B94F
:10E30000072010BD054B2046596807F04CF900283E
:10E31000F6D00020F5E700BFB9670100640C0020CB
:10E320002DE9F0438BB00C460DF10301054616466E
:10E330001F4605F0C2FB0146002840F08D802023D7
:10E3400002AA284605F098FB002850D19DF80380CA
:10E35000DFF81091B4BB0298484540D10FB1069B3D
:10E360003B60059BBDF810401C4404230DEB0302E9
:10E370002146284605F080FB40B9BDF8042046F64A
:10E3800008139A4204BFBDF80630E41804230DEBCD
:10E3900003022146284605F06FFB58BBBDF8042058
:10E3A00046F607139A4225D1BDF806700434274477
:10E3B000814604F10408B8451ED989F001094FEAE5
:10E3C000C90014E008224146204607F0CBFC029821
:10E3D000484504D107AB03CB20606160BEE74FF036
:10E3E000013303FB08F8404514BF172003200BB08E
:10E3F000BDE8F0830420FAE704230DEB0302214675
:10E40000284605F039FB0028F1D1BDF80420BDF8FD
:10E410000630FF2A05D14FF6FF72934205D1052041
:10E42000E5E7102A01D1202B04D0043303EB0408C4
:10E430004446BEE7B9F1000F10D116B94FF00109FB
:10E44000F6E72434BC420BD832464146284605F054
:10E4500013FB0028F2D0CAE70220C8E70620C6E76F
:10E460000720C4E73DB8F39670B58AB01B4A059201
:10E47000D0E9010504220692194A079200230126D9
:10E4800001AACDE9016308928DF82430324602AB2F
:10E4900005A9043005F023FA0446E8B9034602460C
:10E4A00003A901980435FFF73BFF58B9019805F01F
:10E4B0003DFB38B1092201212846FFF785FB2046A4
:10E4C0000AB070BD019805F0B1FA0646FFF7FCFEF0
:10E4D000002EF4D0B2B2EEE70324F0E74367010068
:10E4E0003F5201002DE9F043B7B0D0E901370024D5
:10E4F0000DF12008214620220646404603F104097A
:10E50000019407F02FFC4FF0FF33CDE909335B4B4B
:10E510001893052319935A4B8DF87040CDE91A389A
:10E52000584B1D9304231E930BAA574B1F93209205
:10E530002E93564A22920DAB554A2F93554B249257
:10E540000AA92992319309AA072325912A925249AF
:10E55000524A3293524B339303250FABCDE9271523
:10E56000CDE92C253493062201AB18A948468DF835
:10E5700084408DF898408DF8AC408DF8C0408DF8FF
:10E58000D440239505F0ABF90446002874D102A9C4
:10E5900040460437FFF7C2FB88B182B201213846FA
:10E5A000FFF712FB0023054610AA19460120FFF7CA
:10E5B000B7FEFFF789FE002D08BF072406E09DF88F
:10E5C00018303BB9B068FFF793FE0446204637B0D9
:10E5D000BDE8F083334D059B2B60029BAB60099B2C
:10E5E000DBB9DDF838800D996C60424605F10D000D
:10E5F00085F80C8007F08EFB08F10D00C8F12002B1
:10E600002146284407F0AEFB9DF819302BB10A993A
:10E610002046FFF735FB0028BFD10C9BD5E901123E
:10E620002BB9914222D0B068FFF762FECEE70B44CF
:10E630009A1A534253410B99049A0998FFF704FB25
:10E64000034688B96A6804990A44A9686A608A42DC
:10E65000E9D1014610AA0120FFF762FEB068FFF77A
:10E6600047FEFFF731FEB1E782B297E710AA1946DD
:10E670000120FFF755FED6E72C46A7E7BD6701004E
:10E680003F520100C367010049520100C867010001
:10E6900045520100D0670100B9670100CC67010055
:10E6A000F5520100640C00200148FFF751B900BF8A
:10E6B0001805002008B54FF400520023024803F06B
:10E6C000B5FB002008BD00BFC0040020F0B589B034
:10E6D000D0E90145134A0392134A0023012701AEF2
:10E6E000CDE90133CDE905268DF81C30201D6B46A0
:10E6F0003A4603A9049705F0F2F8044678B90435C0
:10E700000A493A46284606F056FF20B131462846C7
:10E7100006F04EFF00B90724204609B0F0BD0324DF
:10E72000FAE700BF746701004F5201003B67010028
:10E7300013B5084C204607F063F9074B00932046B9
:10E74000064903234FF4006203F008FB002002B0E7
:10E7500010BD00BF100700207C620100800E002069
:10E7600002480022002305F053B800BFEC06002049
:10E7700010B5036A044643B1054907F015F904F1E1
:10E78000100007F0B8F8002010BD6FF01500FBE78F
:10E79000D93B010010B50446103007F0B4F821460B
:10E7A0000248BDE8104007F01BB900BF1007002069
:10E7B0000748084B10B50362074B4362FFF7D8FFC9
:10E7C000044610B9054800F02FFB204610BD00BFDD
:10E7D000940C0020533C01004D3C0100E1E7000097
:10E7E00008B50146034807F08EF8BDE80840024826
:10E7F00003F0AEBADC06002028050020F8B50D4E67
:10E800000D4F00220023304603F0F4F8044600B90F
:10E81000F8BDD4F88420211D384605F03EFA05469F
:10E82000204600F079FA002DEBD004482946FFF786
:10E83000B1FFE6E7DC060020C80C0020940C0020A5
:10E840002DE9F74F05460E4614460A4601460020BC
:10E8500004F0A7FA4FF0000A074640F606134FF0FF
:10E860005D08D1464FF0010BB245ADF8023001DB37
:10E87000002062E002210DEB0100A04700285CD1DE
:10E88000BBF1000F13D0B31C5BBAADF80230ADF88A
:10E89000043022462B788DF80630032101A805F0BC
:10E8A000EDF9002849D10AF1010AA8F10308A6EB05
:10E8B0000A0343459B46A8EB0303A8BFC346012BAD
:10E8C00005D80BF1FF3B4FF00009D34414E0FCDD09
:10E8D0004FF00109F9E705EB0A0335F80A209B78A8
:10E8E000ADF804200321224601A88DF8063005F07A
:10E8F000C5F910BB0AF1030AABEB0A03022B52461F
:10E90000E9DCB9F1000F0FD0A6EB0A03012B17D0F9
:10E91000022B22D043B97BBAADF804302246022143
:10E9200001A805F0ABF940B919480121A0474FF003
:10E93000000B41F20443002896D003B0BDE8F08FED
:10E94000AB5C8DF804303B0A0AF1010A8DF8053002
:10E950008DF8067022460321E2E70AF1010315F85B
:10E960000A20EB5C8DF804208DF8053022463B0A26
:10E97000032101A80AF1020A8DF8063005F07EF99C
:10E980000028DAD18DF8047022460121C8E700BFC3
:10E99000F7660100084B70B5C31A0D4607499B1076
:10E9A000044659430648402205F0E0F92B4601464B
:10E9B0002046BDE870401847E40C0020B76DDBB678
:10E9C000005F010073B50C4C0C4A4023041B0093FC
:10E9D0000D460B460A49A41061430646094805F056
:10E9E000F1F9011E05DA30462B4602B0BDE8704051
:10E9F000184702B070BD00BFE40C00202F3E01009C
:10EA0000B76DDBB6005F010010B5EFF31184202372
:10EA100083F31288BFF36F8F074A136823F0020154
:10EA2000DB07116002D4012006F0C8F884F31188D6
:10EA3000BFF36F8F10BD00BF340D0020002270B5F2
:10EA4000012104461046FEF71DFC0F4801F002FEAE
:10EA50000E4B984215D101F00DFE26690C49304647
:10EA600004F0BEFC00280BDB01253564246908494D
:10EA700004F11C0004F0B4FC002801DBE564002074
:10EA800070BD6FF00400FBE78DEB00000000AD0BE4
:10EA9000846201001FB500220123CDE90223094A47
:10EAA000CDF800D06B46CDF804D005F0B9F90028B8
:10EAB00005DB4FF480420023684602F0F1FF05B009
:10EAC0005DF804FB4D3E010030B4104B0C2202FBFC
:10EAD000003301460020D3E90E529863EFF3118012
:10EAE000202484F31288BFF36F8F1C6C04F0C004E1
:10EAF00044F002041C6480F31188BFF36F8F1DB1D2
:10EB00002B46034830BC184730BC7047E40C00204B
:10EB1000005F010010B4EFF31182202383F3128809
:10EB2000BFF36F8F1748016841F002040460C80703
:10EB300007D482F31188BFF36F8F012010BC01F05E
:10EB4000ABBD4FF08041D1F80C04D1F80C14C907CB
:10EB5000EFD5EFF3118083F31288BFF36F8F0A496B
:10EB60000B6C03F0C00343F002030B6480F31188C5
:10EB7000BFF36F8F82F31188BFF36F8F002010BC3B
:10EB8000FFF7A2BF340D0020E40C002010B10128D3
:10EB900004D07047034B1B6C5B0701D1FFF794BF98
:10EBA000704700BFE40C00202DE9F0413849BFF365
:10EBB0005B8F0746012251E8003F41E80020002812
:10EBC000F9D1BFF35B8F33B9324933484B60CB6027
:10EBD0008A6004F018FC7B1E012B2BD8012F07D173
:10EBE0004FF08043D3F81C3403F00303012B21D0F2
:10EBF00006F00CFF0546F8B9284B1B78E3B14FF03F
:10EC000080430222C3F808230646DFF894804FF0C1
:10EC10008044D4F81824D4F81834D20315D503F05E
:10EC20000303012B01D0012F0FD155B386F31188B7
:10EC3000BFF36F8FBDE8F081EFF31186202383F3DC
:10EC40001288BFF36F8F0125DFE7ADB1304604F0C6
:10EC5000B5FDD4F81835002BDBD1D4F80421002AF7
:10EC6000D7D0C4F80431D4F804310123C4F81835DE
:10EC7000C8F88031A360CCE70021212003F094FB89
:10EC8000E7E74FF080430222C3F80423D2E700BF36
:10EC9000E00C0020D00C0020000D0020700E0020A1
:10ECA00000E100E008B5074806F0D6FC38B1064898
:10ECB000FEF7F2FC0448FDF723FD002008BD6FF0CD
:10ECC0001200FBE73C5F0100CDEC00000A2838B5DC
:10ECD000074D044604D1AB680D215B682846984770
:10ECE000AB6803485B68E1B29847204638BD00BF77
:10ECF0003C5F010070B5074E04464518AC4201D197
:10ED0000002070BD14F8011BB36802485B68984787
:10ED1000F4E700BF3C5F01000146014806F04EBD2C
:10ED2000C00600202DE9F047374D8AB0374CA76860
:10ED300002E02046984748B9FB6B002B58D1A668E3
:10ED4000B36B002B5BD1F36A002BF2D1336913B99B
:10ED50006FF0570606E02D48202202A99847064684
:10ED60000028E9D02A4C02AF4FF00009B145DDDAA6
:10ED70002B7817F8018B7BB9D4F800A0BAF1000FFB
:10ED80000AD124480022002301A902F005FED8B9C7
:10ED9000019B2360C3F8840095F800A02068BAF1B5
:10EDA000000F09D1D0F884307F2B12D9FFF7B4FFC0
:10EDB0000123C4F800A02B70B8F10A0F01D1002381
:10EDC0002B7009F10109D1E70123C4F800A02B70D1
:10EDD000E2E75A1C0344B8F10A0FC0F8842083F814
:10EDE0000480EED10C4BC4F800A01B689847E8E7FC
:10EDF000204698470028A2D10AB0BDE8F0872046F7
:10EE0000984700289FD1F7E72D0E00203C5F0100B6
:10EE1000380D0020C00600203C0D0020014AFFF7FD
:10EE20000FBD00BFF5EC00000F4B70B518600F4C24
:10EE3000204606F011FCB0B1A3685B6A0BB1204616
:10EE40009847A568AB690BB1084898472B6C1BB174
:10EE50000749064800229847A3681B6A1BB1BDE812
:10EE600070400248184770BD3C0D00203C5F010017
:10EE700025ED000000487047EC6201002DE9F04FDD
:10EE80008FB0044602AF00694FF0FF32012106F057
:10EE90004FFD6668306806F0DFFB30B96FF0120591
:10EEA00028463437BD46BDE8F08FF06818B106F04B
:10EEB000D3FB0028F2D0206904F0D3FF204605F0F0
:10EEC00038F8051E3CDDEA0734D4206904F0C7FF9A
:10EED000206904F0C6FF0323019307F11003009398
:10EEE00000231A469F21204604F0C1FF8046206976
:10EEF00004F0B5FFB8F1000FD0D1337E002B3BD02A
:10EF0000206904F0AEFF204605F013F8051E2EDD43
:10EF1000337E25EA03053D764346CDE9008880220D
:10EF20000621204604F0A3FF034678B1206904F0CF
:10EF300096FFB3E700220023204605F00BF80546B4
:10EF4000206904F08CFF002DC2DAA7E707F1180250
:10EF50000121009201918022204604F088FF0028C0
:10EF6000E4D100220023204604F0F4FF0546206986
:10EF700004F075FF002D91D1206904F072FF182371
:10EF80000193FB180093052200235A21204604F028
:10EF90006EFF05462069EA4604F061FF002D7FF40C
:10EFA0007DAF8B4BBA699A427FF478AF97F81E8099
:10EFB000B8F1010F9CBF08F101085FFA88F807F16A
:10EFC000200394BF4FEAC8084FF0100898441D462C
:10EFD0004FF0000BA84533D12369D869D5461946AF
:10EFE00003F1080600224D7C25B18D7C0AB19542C3
:10EFF00000D22A4602318E42F5D1002A3FF44EAFAC
:10F000004FF0FF359540ED4315F480557FF446AF42
:10F010004FF48052000B5A621862206904F021FFFD
:10F0200063685B7EDB0700F1BE80206904F017FF98
:10F03000206904F016FF206904F011FF00252FE776
:10F04000EA792B7843EA0223B3F57F4F40F0A98099
:10F05000EA786E79C7F80CD0142A28BF14229200DF
:10F06000242A134638BF2423073303F4FF63ADEB90
:10F07000030DAB792069BA60360246EA03462B7964
:10F080001E4304F0EEFEBA680DF10809CDE90092C6
:10F09000330205225A21204604F0E9FE0646206983
:10F0A00004F0DDFE002E63D1D9F804102369002995
:10F0B00003F111025EDA21F000410120A1F12006E6
:10F0C000C1F1200C00FA06F620FA0CFC46EA0C0608
:10F0D00000FA01F1C90841EA4676C3F811B00121EE
:10F0E000C2F804B04846C7E90032B96005F0DBF861
:10F0F000B9687A683B680131C9B2052902F1020298
:10F10000F0D1EA780A2A88BFD9F82820DE6183BFC7
:10F11000C2F3031101228A404FF480725A83D9F856
:10F12000003013F4C02F3AD007F1140249462846A4
:10F1300000F0D4F8064690BB97F8149009F1FF331D
:10F14000DBB2FD2B2BD819F0030F11D0206904F08E
:10F1500088FE19F0020F0FD10023CDE90033802281
:10F16000B721204604F083FE88B1206904F077FEC1
:10F17000D54693E60131ADE7CDE9006633468022FE
:10F180000621204604F073FE0028E5D0EDE7226951
:10F19000137C43F001031374206904F060FED7F878
:10F1A0000CD0083516E72B46CDE900558022B92151
:10F1B000204604F05CFE0546206904F050FE002D58
:10F1C000BFF636AF15F1860F3FF432AF68E600BFE9
:10F1D00053464450024B0B6001231360704700BF3D
:10F1E000680D0020004870470863010010B5012237
:10F1F00011460648064C06F09BFB05F07FFD20609B
:10F2000005F078FD6060002010BD00BF700D00208B
:10F21000680D002070B50C46154605F06BFD2946BB
:10F220000646204604F0B9FF08B3B4FBF6F306FB2C
:10F230001343E3B9B5FBF6F306FB1353BBB9B54271
:10F2400001D2002070BD4FF0FF324FF0FF3309486C
:10F2500002F026FC05F04EFD0646204601F09EFE1B
:10F26000AD1B3444F9D1034802F0F6FBE9E76FF037
:10F270001500E7E7700D0020F8B50E463046194638
:10F2800017461C4604F089FF08B346EA040515F04A
:10F2900003051CD1A4B10F484FF0FF324FF0FF33EC
:10F2A00002F0FEFB24F00304A54206EB050009D1A1
:10F2B000094AD2F80034DB07FBD5064802F0CCFB44
:10F2C0000020F8BD795901F089FE0435ECE76FF0B4
:10F2D0001500F6E7700D002000E00140C3780F2B09
:10F2E00014D9C96B0B480B0E13708B0200EA9110F6
:10F2F00003F47C030906034301F0FE4110680B434D
:10F30000054901400B431360002070476FF08500F2
:10F31000704700BF00FF0300FF000080F0B54068A9
:10F32000057B01F01F0444EA4514056987B0002DF0
:10F3300064D0B2F5001F00F1100506D12146284621
:10F3400005F0CDFC002007B0F0BD01AE0027B2F5FE
:10F35000800F0197776039D1B3F1007F14BF052387
:10F3600004238DF804300023CDE9046303938368FC
:10F3700023FA01F111F001011AD1B2F1A07F17D1E6
:10F3800004F01F03620903F5E0732AD0012A3BD180
:10F390001F4A52F82330DB070AD40DF10306324628
:10F3A0002146284601F054FC1A4B98421CD0029684
:10F3B00003AA2146284601F00DFB174B984220D1A5
:10F3C00001222146284601F0A7FCBBE7B3F1C06F3C
:10F3D00005D0B3F1007F14BF01230223C1E703234B
:10F3E000BFE74FF0A042D4E73146284601F08EFC3B
:10F3F000094B9842DBD06FF00B00A4E76FF085005B
:10F40000A1E76FF015009EE751F82330FFDE00BF43
:10F41000000300500400AD0B0000AD0B38B545688B
:10F420002B69B3B11035284601F060FC044680B961
:10F430000146284601F026FC084B98420BD10849AA
:10F440002246284601F0FEFB224605210620FDF754
:10F4500019FF002038BD6FF00400FBE70000AD0B82
:10F4600065F40000420970B5034602D0012A17D0A6
:10F4700070BD0D4E326951680029F9D003F01F03A9
:10F4800001250C689D400029F2D08A682A4002D0EC
:10F490004B68304698472CB1236821461C46F2E75A
:10F4A000024EE7E72346F8E7285F0100145F0100FA
:10F4B0002DE9F043466840F20635D006337B87B02D
:10F4C00002EA050554BFC2F34010032001F01F07F4
:10F4D000B5F5837F144647EA43178DF8030045D0FE
:10F4E0000FD8062D18D007D8B5B1022D40D06FF037
:10F4F000150007B0BDE8F083B5F5807FF7D1012591
:10F500000AE040F20222954234D0B5F5407F33D074
:10F51000B5F5007FEBD102250123220303FA01F1A7
:10F520002CD57368C3F80815326982BB07F01F0336
:10F530007F0929D0012F77D13E4A02EB830284F460
:10F540008033D2F80017C3F30043C4F3404444EAC5
:10F55000430421F4E16144EA800421F0070144EA14
:10F5600005230B43C2F800370020C2E70725D3E785
:10F570000425D1E70525CFE70325CDE7630344BF85
:10F580007368C3F80C15CFE74FF0A042D5E71036EB
:10F590000DF102023946304601F05AFB14F4403FA7
:10F5A00080460CD13946304605F097FB224B9845F2
:10F5B000DAD19DF80210304601F0A2FBD4E701AB8E
:10F5C0004FF0000903AA39463046CDE90439CDE9A8
:10F5D0000199CDF80C9001F0FDF9174B984286D1B6
:10F5E00014F4003315D09DF803308DF80E3084F4F8
:10F5F0008034C4F300444B4603AA394630468DF8A4
:10F600000C508DF80D4001F09FFA0B4B9842CDD075
:10F610006DE7CDE9043303AA0DF103033946304603
:10F62000039301F0D7F9F0E703F5E07352F82330C4
:10F63000FFDE00BF000300500000AD0B036803F0C5
:10F640001F025B09026004D0012B034818BF002091
:10F6500070474FF0A0407047000300502DE9F04F75
:10F66000DFF86091DFF860A185B01546834600EBB6
:10F67000810140F2FF18594503D1002005B0BDE8D3
:10F68000F08FDBF800305804C3F3C322C3F308043F
:10F6900000F191801B0E19F80270444508BF4FF02D
:10F6A000FF34192B00F28A80DFE803F00D141A1DD5
:10F6B00020261D8888888836638888888888888876
:10F6C0008888667C7F82C5F80C45621C5ED10BF190
:10F6D000040BD0E7C5F81445631CF8D000265FE0A2
:10F6E000C5F80845F1E7C5F81045F5E7661CC5F80B
:10F6F0000845ECD0002604E0601CC5F80C45E6D0B7
:10F70000012603A80394FFF799FF039B012202FA45
:10F7100003F3C0F80C3508E0C5F80845002FDBD12D
:10F72000631CD4D0002632460627DBF80030019354
:10F7300003F40040002818BF002203A8009218BF5D
:10F7400001260394FFF77AFF039C019B009A00EBCC
:10F750008400C3F3412CD0F800473B0243EA8C03FA
:10F76000134304EA0A04234343EA4603C0F800377C
:10F77000ADE7C5F80C45D1E7C5F86045621CDBF87C
:10F780000030A4D0C3F30043002BB9D003A80394E6
:10F79000FFF754FF039B012606FA03F3C0F8083570
:10F7A0003246C2E7C5F86445E8E7C5F86845E5E7CD
:10F7B000C5F86C45E2E76FF015005FE76FF0850074
:10F7C0005CE700BF4E680100F0F8FCFF2DE9F04156
:10F7D000044647680D4606F019F94FF0200888B92D
:10F7E000264B1B7873B16426606804F07BFEF0B989
:10F7F000012005F07BF9013EF6D10021212002F025
:10F80000D3FDF0E7EFF31186314688F31288BFF39A
:10F810006F8F606804F066FEA8B986F31188BFF3A5
:10F820006F8FEFE786F31188BFF36F8FE5E7EFF394
:10F830001186314688F31288BFF36F8F606804F039
:10F8400051FE0028EED0FB691D706368FA691B68E1
:10F850000020C3F844250122C3F84825C3F820013D
:10F86000D3F82041C3F85801D3F858019A6081F3C6
:10F870001188BFF36F8FBDE8F08100BF700E0020CC
:10F88000F7B50546002201210220FDF7FBFC02200E
:10F89000FDF7C8FC6B6818681A69C0F82425997DC3
:10F8A0005A7D0A43198B1B7D0B431343C0F86C35FB
:10F8B0006E68D6E9004313F0010348D02F6907F1C1
:10F8C0000C0005F01FF9304B98425AD1387B04F1F7
:10F8D0000C0204F5907105F00BF9387B012707FA4B
:10F8E00000F000F0B1FE0823C4F80035F369C4F855
:10F8F00044350023C4F84835A760D4F85831002BAC
:10F90000FBD00021C4F800156B68DC6801AA204612
:10F9100004F031FD002805DB019B22681979186885
:10F92000FFF79CFE6A6813680821C3F80015117A76
:10F9300051B9126AC3F834250122C3F83825C3F837
:10F940001011D3F810111A60002003B0F0BD082286
:10F95000C4F80025F269C4F84425C4F848350123E9
:10F96000A360D4F82031002BFBD00023C4F8203151
:10F97000D4F820310123E3604FF48073C4F80433DA
:10F98000BBE76FF00400E0E70000AD0B2DE9FF419D
:10F990000569D0F804802B6D0646A86C002835D187
:10F9A000002B53D0B8F838406A6CEF6C9C4228BFEB
:10F9B0001C46EB6C53B1296D41B107F06041B1F1C8
:10F9C000005F03D0082C6F6E28BF082400926A6C79
:10F9D000AC651AB1AA6C002A18BF2246CDE90127EE
:10F9E0001BB12B6D002B18BF2346002269464046F1
:10F9F000039301F041FD184B984229D06FF00401A8
:10FA0000304604B0BDE8F04104F0E7BE696CEF6C2D
:10FA1000B8F838400A46ABB1834228BF03469C423F
:10FA200028BF1C460029C4D001F06043B3F1005F39
:10FA3000BFD0082C28BF08242246286E06F06AF999
:10FA40002A6EB6E7844228BF0446EBE71946D7E79B
:10FA500004B0BDE8F08100BF0000AD0B2DE9F04F10
:10FA60008FB09846436801938B8804690F469904C8
:10FA70000646914600F11D814FF0FF324FF0FF33F3
:10FA800004F1100002F00CF86760D6F804B0D6F864
:10FA900010A0DBF8083003939AF85D3023B1DAF850
:10FAA00000309F4200F08980B7F804E01EF4006F38
:10FAB00040F036811EF0090F40F02F81CEF3451340
:10FAC000082B40F02A813B680293029AAD4B9A4280
:10FAD00040F223810BF10C0CBCE80F0004AD0FC504
:10FAE000BCE80F000FC5DDE902329A4228BF1A4672
:10FAF0009CE80300A44B9A4285E803001BD2A34B69
:10FB00009A4218D2A24B9A4215D2A24B9A4200F2C4
:10FB1000D980A14B9A4200F2D780A04B9A4200F2C2
:10FB2000D5809F4B9A4200F2D3809E489E4B9F49BE
:10FB3000824288BF0B461EF0020F09930EF00403A9
:10FB400000F0C880002B14BF032302238DF8283057
:10FB5000CEF300138DF82930DBF80030D3F80825F8
:10FB60001EF0020F4FEA5213CEF3400102F01F02C3
:10FB700040F0B780002B00F0B180012B40F0FA80FC
:10FB80008B4901239340C1F80C359AF85D302BB1B5
:10FB9000584601F029FC00238AF85D303346854A37
:10FBA00004A9584601F0ECFB834B984240F0A58035
:10FBB00001238AF85D30CAF80070012384F85C30B4
:10FBC000019B196C4A1C03D003F1440004F06FFE42
:10FBD000B9F1000F40F0A780C4F834900023A3636C
:10FBE00004F1480204F1380104F1340004F01EFD70
:10FBF0006064B8F1000F40F09F80C4F83C8000239F
:10FC0000236404F1500204F1400104F13C0004F0CB
:10FC10000DFD00252A46E06401212046256304F0FD
:10FC20003BFD3046FFF7B2FEA06B2A462B468342CF
:10FC300040F08B800023256C1946A94240F08C804F
:10FC40009342274638BF13464FF4FA5202FB03F59E
:10FC500057F8203B4FF000081B68B5FBF3F54FF455
:10FC6000004CC835414640F2E7304FF47A72002329
:10FC7000E5FB0C01FCF744FB02460B46384601F05D
:10FC80000FFF024618B9256B15F1740F6BD101985F
:10FC9000C4F8588001F0A8FB84F85D806FF0730110
:10FCA000304604F09AFD384601F020FF6FF07305EE
:10FCB00025E0A369002B7FF4DFAE63689F427FF4E9
:10FCC000DBAEE2E63D4B36E73D4B34E73D4B32E7FA
:10FCD0003D4B30E7003B18BF012337E74FF0A04111
:10FCE0004FE73BB1012B48D1314901239340C1F883
:10FCF00008354AE74FF0A041F7E76FF004052368A5
:10FD00009B8813F4005304D1636004F1100001F0E8
:10FD1000A3FE28460FB0BDE8F08F6FF01505EEE7A3
:10FD20006FF08505EBE7D9F800306363002B3FF4F3
:10FD300055AFD9F8043052E7D8F80030E363002B10
:10FD40003FF45DAFD8F804305AE7616B01EBC301B3
:10FD5000013349680A446AE7E06B00EBC1000131F6
:10FD60004068034469E7002DC9D00146306904F0BA
:10FD700093FCC4E7C1F80C15FFDE0023C3F8083577
:10FD8000FAE700BF47E801000048E8010024F4005A
:10FD900000127A00FF083D007F841E003F420F00E2
:10FDA0001FA107008FD0030048E8010090D0030096
:10FDB00000030050FD4701000000AD0B00093D00AD
:10FDC00080841E0040420F0020A1070000F01F02A7
:10FDD00040090DD001280ED10A4B03EB82030A4AD9
:10FDE000D3F80007024042EA8102C3F800277047B7
:10FDF0004FF0A043F1E702F5E072002353F8223000
:10FE0000FFDE00BF00030050F0F8FCFFF0B587B044
:10FE100001238DF8023002238DF804306B440393E4
:10FE20000F4601AB0DF10301002404930546029136
:10FE3000059400F06BFF0C4B984206460FD103AAC5
:10FE40003946284600F0C6FDB0420BD09DF803109D
:10FE5000284600F055FF6FF0040007B0F0BD6FF0CA
:10FE60001200FAE72046F8E70000AD0B70B5012359
:10FE700083400E4ABFF35B8FDC4352E8001F01EA68
:10FE8000040542E80056002EF7D1BFF35B8F4FF414
:10FE9000803282400648C0F80823BFF35F8FBFF36B
:10FEA0006F8F0B4214BF0120002070BD9C0D0020FD
:10FEB0000010014070B40E49D1E90034D01AC318C3
:10FEC00044F1000422F07F46C1E90034A6F5001396
:10FED000B3F5400F09D2074B1B681A0A1B069C1981
:10FEE000054B42F10005C3E9004570BC02F0F2BBCE
:10FEF000C0070020A00D0020C807002011B3BFF3E9
:10FF00005B8F0123104A834052E800CF4CEA030C78
:10FF100042E800C10029F7D1BFF35B8F0B4A4FF4D1
:10FF200080338340C2F80433094BBFF35B8F1B68F7
:10FF3000BFF35B8FC340DB0742BF064B4FF4003279
:10FF4000C3F80021704700BF9C0D00200010014045
:10FF5000980D002000E100E00D4B1868010A000632
:10FF6000BFF35F8F0B4BD3F80435181841F1000134
:10FF7000B3F5801F0AD2084BD3E90023904271EBFE
:10FF8000030303D210F1807041F10001704700BFFC
:10FF9000A00D002000100140C80700202DE9F04FFF
:10FFA00085B016461F469DF840A00446FFF75EFF49
:10FFB0000190FFF7D1FFB04271EB070354D23E4BE3
:10FFC000301A67EB0101984271F100014FD23B4BAF
:10FFD00003EB0413D3E902239F4208BF96425ED08D
:10FFE00037494FF4803804F1500508FA04F8AD00A1
:10FFF000C1F848832046ADB204F081FC26F07F4B67
:020000040001F9
:1000000005F1804504F5A87305F58835DC464FF009
:1000100003090293029A2CF07F4341F82230C1F881
:100020004483D1F80435274A6FF00200C01A6044B7
:1000300020F07F40904232D9286868B1D1F8043569
:100040000393A3EB0B0020F07F40B0F5000F26D9FF
:10005000204604F054FC039BBAF1000F07D109EBD2
:10006000030C09F10109D5E7BAF1000F09D06FF0CF
:10007000150520460199FFF741FF284605B0BDE868
:10008000F08F0123104ABFF35B8FA34052E8000FAB
:10009000184342E800010029F8D1BFF35B8F0749FC
:1000A0000E98230101EB0412C8500F9B5360C2E964
:1000B00002670025DDE700BF01008000B0070020D7
:1000C00000100140FDFF7F00980D00207FB51C4C03
:1000D0001C4BC4F80833C4F848331B4B00254FF0C1
:1000E000FF304FF0FF31C4F80855C3E902014FF467
:1000F0008033C4F80433154B02264FF4003201213B
:10010000C4F804631120C3F880212A46FDF7BAF829
:100110001120FDF787F80E4A0123A36023601360C6
:100120000C4B0D4A0093CDE9015500232846FFF7FB
:1001300035FF3046FEF738FD284604B070BD00BFDD
:100140000010014003000F00B007002000E100E0B4
:100150009C0D0020B5FE0000FFFF7F002DE9F74356
:100160002F4CD4F8043399070BD5D4F8043143B19C
:100170002C4A0023C4F80431D4F804311368013345
:100180001360D4F80433DA0329D5BFF35B8F264B11
:1001900053E8002F22F0010143E800100028F7D1B6
:1001A000BFF35B8FD30702D4D4F84031BBB1002535
:1001B000C4F84051D4F84031FFF7CEFEEFF311827E
:1001C000202383F31288BFF36F8F184BD3E90267A4
:1001D000B042B94106D282F31188BFF36F8F03B0EA
:1001E000BDE8F0834FF0FF384FF0FF39C3E90289D3
:1001F000D3E900101D604FF48033C4F84833C4F8CD
:100200004051D4F8403182F31188BFF36F8F002939
:10021000E5D0009032463B4628468847DFE700BFDE
:1002200000100140A00D0020980D0020B007002014
:1002300030B5431C124C85B005D08442A8BF04469B
:10024000012CB8BF0124FFF787FE0E4B0C4DD3E9FC
:100250000013401AB0F5000F10D22218AA4228BF8E
:100260002A4652184FF0000007490091CDE90100DD
:1002700043F10003FFF792FE05B030BD2A46F0E7D8
:10028000FFFF7F00C0070020B5FE000008B5FFF7A4
:1002900063FE024B1B68C01A08BD00BFC0070020E8
:1002A00010B5084C012363601120FCF7C9FF064B11
:1002B000C4F80833C4F84833044B4FF40032C3F891
:1002C000802110BD0010014003000F0000E100E09C
:1002D000F0B5816885B01039054621F0070403F0B8
:1002E00067F90B4B6E4603F1100C324618685968DB
:1002F000374603C7083363453E46F7D110232146EE
:10030000284603F00CF9003818BF012005B0F0BDF5
:100310000065010030B50D46816887B0102302AA40
:100320001039044603F0E6F8002802DA012007B08D
:1003300030BD102202A9204604F005FB00283AD166
:100340001E49102202A805F015FD00280CBF01234C
:1003500002232B70204604F0E2FA012301460DF13E
:100360000702204603F0C6F80028DFDB9DF80730BF
:1003700003F00F021B096A702B7101220DF10701B6
:10038000204604F0E0FA10B96B78042B03D901235E
:100390006B7000232B71A268183A22F00702083A0A
:1003A000A91C204604F0E2FA0028BFD1E91C20462F
:1003B00004F035FBBBE70323CBE700BF006501007A
:1003C0007FB5264D4400694655F8240004F02DFB06
:1003D000002835D1013402A955F8240004F025FB8A
:1003E00001282BD103238DF808308DF80B309DF8B0
:1003F00000509DF808601A4A00241078294604F03D
:1004000094FA18B35078314604F08FFAF0B193782B
:10041000042B03D09DF80310994217D1D378042BF5
:1004200003D09DF80B10994210D11379042B09D1F8
:100430005079831E022B03D804B070BD0028D6D09B
:10044000FF20F9E79DF802109942F1D00134032C06
:1004500002F10602D1D10120EEE700BFE064010005
:100460007E680100024AD2F80034002BFBD07047AE
:1004700000E0014010B54FF08053D3F830210D2A31
:1004800055D14FF080410022C1F80C21C1F8102154
:10049000C1F83825464AD3F80404C2F82005D3F839
:1004A0000804C2F82405D3F80C04C2F82805D3F8D0
:1004B0001004C2F82C05D3F81404C2F83005D3F8A0
:1004C0001804C2F83405D3F81C04C2F84005D3F868
:1004D0002004C2F84405D3F82404C2F84805D3F830
:1004E0002804C2F84C05D3F82C04C2F85005D3F800
:1004F0003004C2F85405D3F83404C2F86005D3F8C8
:100500003804C2F86405D3F83C04C2F86805D3F88F
:100510004004C2F86C05D3F84434C2F87035D1F801
:100520000034DB0709D56FF00103C1F800344FF048
:100530008053D3F830310D2B0CD14FF08053D3F8CA
:1005400034313BB14FF01023D3F808224FF08043F1
:10055000C3F858254FF01023D3F80022002A03DBFC
:10056000D3F80432002B22DA124901234FF0102075
:10057000C1F804351224FFF775FFC0F80042FFF7F9
:1005800071FFC0F80442FFF76DFF0023C1F8043586
:10059000FFF768FFBFF34F8F0749084BCA6802F4A3
:1005A000E0621343CB60BFF34F8F00BFFDE710BD88
:1005B00000C0004000E0014000ED00E00400FA054A
:1005C00030B50468CCB1BFF35B8FB4FA84F3C3F1E8
:1005D0001F03DBB201229A4024EA020250E8005FC6
:1005E000A54204D140E8002CBCF1000FF6D1BFF3C6
:1005F0005B8FE6D102480B7030BD0248FCE700BFBC
:100600000000AD0B0200AD0B10B50368CB40DB075B
:1006100014D401238B400268BFF35B8F43EA0201CD
:1006200050E8004F944204D140E8001CBCF1000F98
:10063000F6D1BFF35B8FEED1014810BD0148FCE756
:100640000000AD0B0400AD0B014BC3F8040570476F
:1006500000F00140044B1A7922B9012218601A7186
:100660000248704702487047A40D00200000AD0BFF
:100670000C00AD0B08B5074B1B682BB10020FCF735
:10068000F3FD08B9FCF7CEFD4FF080430022C3F81C
:10069000182508BDA40D002010B510B1012843D0C5
:1006A00010BD4FF08043D3F81814D3F81824C803B2
:1006B00021D502F00303012B04D013B1002004F074
:1006C00023FA00234FF080420220C2F81835082296
:1006D0004FF4827303F180430021196002F18042DC
:1006E0001C6801241460154A12680AB34FF0804355
:1006F000C3F80403D4E7D3F81424D107E1D5D3F821
:100700001C249207DAD40D4A12681AB10222C3F8E7
:100710000423C5E7D3F80421002AFBD00022C3F844
:100720000421D3F80431BBE700224FF48073D1E7F2
:100730001A68002AFCD019601B68B1E7A40D0020DC
:1007400010B54FF08043D3F8002152B10020C3F818
:100750000001D3F800210122C3F80823104B1B68C5
:1007600098474FF08043D3F8042172B10022C3F8B8
:100770000421D3F80421D3F81824D3F818249207BD
:1007800004D10122C3F818259A6010BD0222C3F8D3
:100790000823034BBDE810401B680120184700BF29
:1007A000A40D0020036803F01F025B09026004D05F
:1007B000012B034818BF002070474FF0A04070473E
:1007C00000030050034A430900F01F00D35C1844A3
:1007D000C0B270479068010070B50546FFF7F2FFA0
:1007E0000C4C08300E4634F81030DA0508D5C3F347
:1007F000432304EBC302284654F833305268984729
:10080000A3682BB1E26831462846BDE8704018471E
:1008100070BD00BF2C06002008B5FFF7D3FF034BC7
:10082000083033F81000400B08BD00BF2C06002034
:1008300008B5FFF7C7FF034B083033F81000C0F3CB
:10084000400008BD2C06002008B5FFF7BBFF034B96
:10085000083033F81000C0F3401008BD2C0600200B
:10086000034611F0010010B5CCB20DD1A207C4F3BC
:10087000400012D5094AD2F820055860C2F8200578
:10088000003818BF012008E04FF0A041D1F8202522
:100890001A60C1F82025002AE8D010BD00030050DE
:1008A00010B5FFF78FFF124A083032F81030D90523
:1008B0001CD5C3F3432123F4F85322F8103002F17E
:1008C0000E04002034F8023F13F4807F03D0C3F3FA
:1008D000432399420AD001302A28F3D1002342F859
:1008E00031300448BDE81040FFF78EBE10BD00BF98
:1008F0002C06002098060020F0B50546002004468E
:10090000012607468C420BD1114BD3F87C2132B122
:100910000022C3F87C21D3F87C3140F00040F0BDC8
:10092000E3B29B0003F580729B0806FA03F31D42B5
:100930000BD002F1804202F5C042D2F800C0BCF1F7
:10094000000F02D01760126818430134DAE700BFC5
:1009500000600040F7B506460846FFF733FF194F21
:1009600000F108050C4637F81530DB0727D530466F
:1009700004F08FF92046FFF767FF40B12046FFF7EC
:100980004BFF316800F5A270002341F8203020466B
:10099000FFF786FF002301A827F815300194FFF721
:1009A00001FF019B00EB8300074BD0F800271340A9
:1009B00043F00203C0F80037044803B0F0BD044818
:1009C000FBE700BF2C060020F0F8FCFF0000AD0B99
:1009D0000400AD0B2DE9FF41164680460846FFF79F
:1009E000F1FE0D463168044609B32846FFF720FFA3
:1009F00018B12846FFF728FF10BB0023CDE90033CC
:100A00008DF80E308DF80F300DF10F020B46284691
:100A10000DF10E0104F0D4F8474A04F1080132F850
:100A2000113023F0020343F0010322F81130736800
:100A300063B328461F785968FFF7FAFE10B1D1B1A9
:100A40003E4826E03C4A04F1080032F8103023F01A
:100A50002003DB04DB0C22F8103061B1032FEFD848
:100A60007168496891F800C0D8F80010A7B90CF572
:100A7000A27C41F82C70304A04F1080132F81130A0
:100A800023F01C0343EA870322F81130B3684BBB01
:100A90002B4804B0BDE8F08101EB8C0143EA4C33F4
:100AA000D1F810E52EF0030EC1F810E5D8F80010CB
:100AB00001EB8C0E43F02003DEF8101522F8103005
:100AC00021F44F3121F44071CEF810152902DEF8DF
:100AD000108501F47C5141EA074141EA0801CEF852
:100AE0001015C8E7D3E900672846FFF7D9FE002EA6
:100AF000CED0114DD5E90023964203D19F4201D1BA
:100B0000002209E00F480DF10F01FFF759FD0C4BD2
:100B10009842BED19DF80F2045F8326005EBC20324
:100B200008345F6035F8143043EA422343F480739D
:100B300025F81430ACE700BF2C0600200400AD0BF4
:100B40000000AD0B980600202DE9F0430C4685B05F
:100B50008046204611461E46FFF734FE054629B35F
:100B60002046FFF765FE18B92046FFF76DFE18BB5B
:100B7000314F05F1080937F8193013F01C0F02D076
:100B80004B78012B18D001238DF80F300023CDE9CD
:100B900000134A1C8B1C20460DF10F0104F010F8C5
:100BA00037F8193043F0030327F81930002E41D0ED
:100BB0002046FFF73DFE18B9204805B0BDE8F08398
:100BC00096F800C0D8F800301B4F0CF5A272002137
:100BD00043F8221005F1080237F8121021F0200125
:100BE000C904C90C27F8121075781DB3D8F8000095
:100BF000B67800EB8C002D04D0F8103523F499134F
:100C000023F4F853C0F81035230203F47C5305F4A1
:100C100040353605D0F810E52B4306F4801641EA3E
:100C20004C31334341F0200143EA0E0327F8121000
:100C3000C0F810350248C0E72C0600200400AD0BB8
:100C40000000AD0B014BC3E9021270472C060020D7
:100C500010B508461446FFF7F7FD50B10846FFF7F8
:100C6000B1FD054B083033F8103004485B0B23709E
:100C700010BD0348FCE700BF2C0600200000AD0BB0
:100C80000400AD0B70B5164D95F8744006462CBBAC
:100C90002146542205F1100005F064F830686E6EAC
:100CA00021468E420ED10023C0F87C31D0F87C3131
:100CB00040F30730FCF7B6FA01230A4885F8743090
:100CC000EB6670BDCBB29B0003F580727C2B08BF36
:100CD000845001F1010108BF8358E2E70248F0E7C0
:100CE0002C0600200000AD0B0C00AD0B034B93F85D
:100CF0007400003818BF0120704700BF2C06002088
:100D00000148FFF781BC00BF940600200148FFF7AF
:100D100057BC00BF9406002073B503681646D3F88D
:100D20000423002AA8BF4FF000420546A8BFC3F81D
:100D3000042308460C46FFF787FD00B30846FFF77B
:100D400077FD0146D8B92046FFF766FD04B2A4003E
:100D500004F580720346286881502968825821442E
:100D6000D1F8102542F00102C1F810252EB12968F2
:100D7000012202FA03F3C1F8043302B070BD204629
:100D8000FFF720FD0F4B083033F81030C3F3820318
:100D9000042B12D0052B12D001A80194FFF702FDFD
:100DA000019AD0F81035D34003F00103991C204676
:100DB00002B0BDE8704003F04CBF0321F7E7022109
:100DC000F5E700BF2C0600202DE9F04F694BDFF856
:100DD000A881D3F80403D8F86410C0B289B040F0F9
:100DE0000040FFF789FD051E2FDAC24600235AF89E
:100DF000701F06A8CDE90633FFF732FD5F4B019364
:100E00000DF118094FF0000B019A12F8013B019205
:100E1000DA0803F007031AF8022022FA03F3DA07CC
:100E20001CD409F10409BBF1000F14D0D8F86410E8
:100E30004FF00040FFF760FDD8F8701006A8FFF7EC
:100E40000FFD0028DAD125F000450124002D79D1CD
:100E500009B0BDE8F08F4FF0010BD5E7484B5B447C
:100E60000293D9F800100029DBD0029B91FAA1F17E
:100E70001C78B1FA81F141EA44142046FFF7A2FC44
:100E80000830059438F81070C808BB0819F800201D
:100E9000039301F00701012303FA01F122EA0102A1
:100EA00009F8002005A8FFF77DFC059A039B02F5D1
:100EB000E072C7F3820650F822205B073746C2F380
:100EC000014224D520463946D6B2FFF785FC05A855
:100ED0000594FFF767FC059B03F5E07350F823309A
:100EE000C3F301439E4207D10021204603F0B1FE27
:100EF0003146204603F0ADFE05A80594FFF752FCED
:100F0000059B012202FA03F3C0F82035A9E7022A63
:100F10000CD10321204603F09CFE06F00503012BB3
:100F2000EAD139462046FFF757FCE5E70221204683
:100F3000039203F08EFE032EF3D0039A032ADBD133
:100F4000022EEDE795FAA5F3B3FA83F304FA03F260
:100F50009B0003F1804303F5C04325EA0205D3F863
:100F60001005D3F81015C0F30520C1F30141FFF7B8
:100F700033FC6BE7006000402C060020A0680100F5
:100F8000A0680100044AD2F80034DB07FBD50160F9
:100F9000BFF35F8F704700BF00E001404FF0805308
:100FA0001A69B0FBF2F302FB130373B9084B022278
:100FB000C3F80425C3F80805D3F80024D207FBD5ED
:100FC00000220448C3F8042570470348704700BF57
:100FD00000E001400000AD0B0A00AD0B10B5054C60
:100FE0000123C4F80435FFF7CDFF0023C4F804350E
:100FF00010BD00BF00E0014001460148FFF7E0BA24
:10100000A4060020036803F01F025B09026004D0FD
:10101000012B034818BF002070474FF0A0407047D5
:101020000003005073B51646421C1C460546069B3D
:1010300018D0012902D1BBB103F0B7FE01A8019578
:10104000FFF7E0FF019B00EB83002402D0F80027AC
:10105000074B44EA86040C4313401C4344EA410115
:10106000C0F8001702B070BD03F0ACFEE6E700BFA9
:10107000F0F8FCFF4B69184A934221D00DD8174A6B
:1010800093421DD007D8164A934219D0154A93426D
:1010900016D015487047154AF9E7154A934208D00B
:1010A00004D8144A93420BD0134AF0E7134A9342F0
:1010B000EFD10279124B1348002A08BF1846704737
:1010C00091F8213013B1CB680133F2D1CB690133F0
:1010D000EFD10C48704700BF80841E0020A107009C
:1010E00048E8010090D003000400AD0B40420F001F
:1010F0000024F40000093D0000127A000048E801D5
:101100000300AD0B0000AD0B2DE9F04F874B4D698F
:1011100090F804909D4285B006460C4600F0CE80C3
:1011200000F2BE80824B9D4200F0CB8000F2B08086
:10113000804B9D4200F0C8807F4B9D420CBF4FF01A
:1011400080654FF080457D4F94F82300242202FBF8
:101150000973997F60F3000199773379217C02FB51
:1011600003739A7F61F341029A7794F82380B8F170
:10117000000F34D16269724B9A420CBF4FF0030AE0
:101180004FF0000A237E012B94BF0023012300931C
:101190002068534642460121FFF744FFCDF8008006
:1011A0006068534642460121FFF73CFFCDF80080BE
:1011B000A27EA06853464146FFF734FF237C83F0AC
:1011C00001030093E068534642460121FFF72AFFDE
:1011D00001210091E06953464246FFF723FF33792E
:1011E000002B7AD094F82130002B76D0242303FBF7
:1011F00009734FF0FF321A62A3680293D4E900BA70
:10120000E36994F81290227E94F81980D4F80CE0E7
:1012100094F810C094F8220003933379002B7AD00D
:1012200094F8201094F8244033687CB9029CC3F8E9
:1012300008B5C3F80CA5C3F81045039CC3F86C456A
:10124000C3F814E5C3F868C5C3F86405B8F1000035
:1012500018BF0120022AC3F8C095C3F824555CD0FA
:10126000032A5DD0012A01D140F00200C3F85405E1
:10127000C3F86015337924225343FB58002B52D016
:10128000306840F3073005B0BDE8F04FFBF7CABF48
:101290002C4B9D420CBF4FF080554FF0804552E7DC
:1012A000294B9D4213D0264B9D4213D0274B9D4284
:1012B0000CBF4FF000454FF0804544E74FF000551C
:1012C00041E74FF000653EE74FF000753BE74FF018
:1012D000206538E74FF0A05535E7242202FB097955
:1012E000E368C9F82030227C99F81E3062F341038C
:1012F00089F81E30A3680293E36994F81290227E65
:1013000094F819800393D4E900BA4FF0000C4FF021
:10131000FF3E022081E7022184E740F00400A5E7B8
:1013200040F00600A2E705B0BDE8F08F80841E0003
:1013300020A1070048E8010090D00300AC0D002078
:101340000048E80140420F000024F40000127A0037
:10135000431C07B50ED0019001A8FFF753FE019B77
:1013600000EB8300054BD0F80027134043F0020345
:10137000C0F8003703B05DF804FB00BFF0F8FCFFD5
:101380002DE9F04790F80490144C242505FB09F54D
:1013900004EB050A1F469AF81C3006469046D3B95E
:1013A00061B96251CAF80470242303FB0944002385
:1013B00063770B4801232377BDE8F087FFF75AFED8
:1013C000074B9842F8D1304644F80580CAF80470BB
:1013D000FFF79AFEE8E70348EEE700BFAC0D0020F8
:1013E0000000AD0B0C00AD0B2DE9F0410446067971
:1013F00000681F4D40F30730FBF722FF242373439F
:10140000EB5853B123681B4AC3F8082306EBC60107
:10141000206805EB810103F0E2FC2421236801FB35
:101420000651D3F80805D3F80C75D3F810858B7FD7
:10143000DB0716D4FFF78CFF4046FFF789FF3846DD
:10144000FFF786FF086AFFF783FF23794BB1236814
:10145000D3F86C05D3F81415FFF77AFF0846FFF7A9
:1014600077FF242303FB065500232B77BDE8F0818B
:10147000AC0D0020520108002DE9F0430779554DCD
:1014800024237B439046EA180E46517F85B081465F
:10149000002940F09C80EB5823B118F0140F04BFD2
:1014A0000123537796E80F00242404FB075404F12A
:1014B0000C0C8CE80F00206A421C04D0A37F9B0711
:1014C0001AD503F072FC3368D9F8004023B103F059
:1014D0006043B3F1005F06D1B36883B103F06043AA
:1014E000B3F1005F0BD0242303FB075300223A48DB
:1014F0005A7705B0BDE8F08303F064FCE3E718F029
:10150000010318BF0123C4F8503518F0020318BFB7
:101510000123C4F8403596E80F00EC468CE80F0034
:10152000039BC4F84405C4F84815C4F83425C4F82E
:1015300038350023C4F81831D4F818310723C4F81B
:10154000003524237B4318F0080F05EB03021DD15F
:10155000E8580121216158B9D4F81831002BFBD08B
:1015600062464021204603F0E2FB24237B43EA1835
:10157000EB5813BB106A461C13D107EBC70705EBEA
:101580008701204603F02BFC1448B2E7EB58A3B9BF
:10159000106A411CF8D0937F9A070BD503F012FC18
:1015A000F2E7937F9B0702D503F00CFCE5E703F01D
:1015B000FCFBE2E703F0F9FBE6E718F0040F4FF05D
:1015C000400314BFC4F80833C4F80433DCE704480C
:1015D0008FE700BFAC0D00200A00AD0B0000AD0B83
:1015E0000B00AD0B02494FF0402003F00EBC00BFD2
:1015F000AC0D00200149024803F007BCD00D0020CB
:1016000000F0024008B5144BA8220021184604F04F
:10161000A9FB0322026111494261114A8161C26141
:101620004FF480620262002282624262C2620166FC
:101630000C4941661021816603460267C266426713
:10164000BFF35F8F084911F8010D98540132102A39
:10165000F9D1BFF35F8F08BD10040020A26801001C
:101660001000002000000020BB68010070B5164685
:101670001D465A1C03681344C2689A42044605D2A8
:10168000006A082103F0F4FE002070BD32783DB1FD
:10169000AB1E062B9ABF0C4AD35C00231833DAB278
:1016A000204603F0E8FE0028EED03544B54203D1D1
:1016B000A3680133A360E8E723685A1C226015F889
:1016C000012D1A70F2E700BFBC68010038B5EFF3D6
:1016D0001185202383F31288BFF36F8F064B9C681C
:1016E00003F0CDFF85F31188BFF36F8F2046BDE86F
:1016F0003840FBF71BBD00BFF40D002038B5094B87
:1017000053F82040013053F82050A54200D838BD8E
:10171000636823B1204603F0B5FF0834F5E723687A
:101720009847FAE7E864010070B52B4B2B4C2C4D21
:10173000012286B003201A70FFF7E0FFFBF7D6FA0C
:1017400003F0BCFF0420FFF7D9FF2646AE4204F1A8
:10175000300410D300F06AFD204C224EAC4226D358
:1017600000F078FDFAF736FF1F4A137B23F00103E0
:10177000137306B070BD54F80C3C059354F8103C3C
:10178000049354F8143C039354F8183C029354F80F
:101790001C3C019354F8203C009354E90A2354E97B
:1017A0000C0100F049FB54F8303C5E65CDE7D4E90C
:1017B0000A23B3F1FF3F08BFB2F1FF3F05D052EA61
:1017C0000301206803D104F02AF93034C6E731461A
:1017D000183000F005FFF8E7700E002020610100CE
:1017E000206101004D5B01005008002008B503484E
:1017F000034A0021121A03F05DFF08BD1007002004
:10180000740E002070B5002386B00122CDE90423B8
:10181000134E144D01930F22CDE9023212491423C5
:1018200003FB005506EBC01604464FF4C07000FBE6
:1018300004110E4B00954FF4A072304600F0FCFAF4
:10184000737B0B4AEE6023F0040373734FF404635D
:1018500004FB033313442C746B6006B070BD00BFEF
:10186000D0070020F40D0020001F002007580100C1
:10187000C0160020BFB50020FFF740FF2C4B83F3BC
:1018800008882C4D2C4E6B692C4F43F400736B6110
:101890000024E02385F82230EC772C766C76AC7649
:1018A00085F820406B6A43F4E0236B6285F823409F
:1018B000FBF7A6FBFBF76EFD4FF0FF33AB62EB626D
:1018C000FBF72EFEFBF78AFD1D4BB36040F20112C1
:1018D0009A81C3E91844DC6603F0BDFE0120FFF7DE
:1018E0000DFF0220174DFFF709FF00F0D3FC164B48
:1018F00075610593012315490094CDE903434FF425
:1019000080623B46CDE90144284600F095FA6A7BA7
:10191000064622F0040228466A7304F0BCF820460A
:10192000FFF770FF3A4631462846FBF711FD00BF2E
:10193000001F002000ED00E0F40D00202917010039
:101940007009002050080020C3680100802000209A
:1019500038B5064C064DAC4201D3002038BDD4E961
:101960000112204603F0ABFE1434F4E7DC0600203D
:10197000DC06002038B5064C064D0020AC4200D3F2
:1019800038BD204603F000FF0028F9DB1C34F5E7E2
:10199000C0060020DC06002073B50C46EFF3118171
:1019A000202585F31288BFF36F8FC5685DB1256070
:1019B0002B68C360836901338361002081F3118840
:1019C000BFF36F8F11E052EA030603D125606FF079
:1019D0000B00F3E7CDE900230246083000F0B6FB28
:1019E00018B9034B9B685B69236002B070BD00BFF0
:1019F000F40D002037B51146EFF31185202282F354
:101A00001288BFF36F8F04689CB12368426823F08B
:101A100003039442036008BF43600121204603F0A2
:101A20005EFF044685F31188BFF36F8F204603B035
:101A300030BD51EA0302F5D000F10802CDE90013F0
:101A40001046294600F082FB0028EFD1014B9B682D
:101A50005C69EBE7F40D002038B50446EFF311851F
:101A6000202383F31288BFF36F8F04F073F848B11B
:101A70000022826704F00FF829460848BDE8384084
:101A800000F090BBD4E902329A4218BF0133A36040
:101A900085F31188BFF36F8F38BD00BF710E002032
:101AA00013B5EFF31181202484F31288BFF36F8FF5
:101AB000846844B1013C846081F31188BFF36F8F67
:101AC000002002B010BD52EA030406D181F3118850
:101AD000BFF36F8F6FF00F00F3E7CDE900230246ED
:101AE000014800F033FBECE7710E002070B50446AE
:101AF000EFF31185202383F31288BFF36F8F6FF00C
:101B00000A06204604F026F818B1866703F0C3FFE2
:101B1000F7E7A06029460248BDE8704000F042BBEC
:101B2000710E00201FB5094A92E8030002AB83E85A
:101B300003004FF480620093054906484FF0FF33DD
:101B400000F00CF9002005B05DF804FB30610100E5
:101B5000C0240020D00800202DE9F043DFF83481B4
:101B600085B005464FF0FF364FF0FF37EFF3118990
:101B7000202383F31288BFF36F8FD5F880408CB990
:101B8000022105F1980003F0DFFE002860D1002358
:101B9000CDE90067029305F1880249463E4800F00E
:101BA00027FCE3E7D5F884202368C5F88030944209
:101BB00008BFC5F88430D5F8983043F00203C5F863
:101BC0009830E36823F0040343F00103E3606368A3
:101BD00089F31188BFF36F8F20469847EFF311897F
:101BE000202383F31288BFF36F8FE368D90623F0B5
:101BF000010237D4E260E3689A071AD5D8F80000EA
:101C000023F00203E360A0B10268002188B14368B9
:101C10009C4237D1036869BBD8F80420C8F800306B
:101C2000824201D1C8F80430002340F8083BFFF796
:101C300013FFD5F8983023F00203C5F8983089F3E4
:101C40001188BFF36F8FDB0590D400F02BFB8DE77D
:101C500005F1900400220121204603F0D4FF002862
:101C6000F8D194E723F01103E36004F11000FFF7CB
:101C7000F3FEC0E70B60D8F80430834208BFC8F811
:101C80000410D1E722B11368014610461A46BDE799
:101C90001346F9E7140E0020710E0020F8B5C36852
:101CA0009A0704460F46C3F340062CD45B071AD4A8
:101CB0000B680BB983680B60E368DD0744BFA3685A
:101CC0003B603D684CBF02260126002D3AD01F4BD9
:101CD0009B68AB420AD0D5F89830D807C3F380028E
:101CE00014D46FF0120600233B6025E003F08EFE53
:101CF000D5F898300028F0D1D907C3F3C002F0D549
:101D000052B15B0708D46FF00F06ECE7002AFAD156
:101D1000C3F3C003002BF6D100232360D5F8843031
:101D200063B9C5E92044284603F019FEE36843F08F
:101D30000403E3603B68A3603046F8BD1C60C5F84F
:101D40008440F0E76FF01506CDE700BFF40D0020EA
:101D50000146014803F044BED0080020F0B589B028
:101D600004460020C4E920000E9D04F18800C4E967
:101D7000220004F19000C4E924004DB32879002822
:101D800040F2011008BF0120C4F8980000204FF075
:101D9000FF364FF0FF37CDE90330CDE90100CDE943
:101DA00006670C4B0094204600F092F855B1296864
:101DB00011B1204603F030FE6B791BB1237B43F059
:101DC00001032373204609B0BDE8F04003F027BEAD
:101DD0000120D9E7591B010037B501900846EFF300
:101DE0001184202181F31288BFF36F8FC16811F035
:101DF0001E0F16D153EA020508D101A9FFF74EFFC5
:101E000084F31188BFF36F8F03B030BD41F0080138
:101E1000C160019981621030034900F0E1FB0120AB
:101E2000EEE70020ECE700BF6D59010001460148D4
:101E3000FFF7D2BFD00800202DE9F043073285B06C
:101E400022F007020E461F461099017300F1580355
:101E50007F32C0E916330446002322F03F020421FA
:101E6000836041733F2A0F98A073C4E90633E3737C
:101E700006F14009A2F1400805D883F31188BFF3A9
:101E80006F8F084602DFB51829462046FAF740FF53
:101E900007300E9B20F00700A066C4E91898029353
:101EA0000D9B01932D1A0C9B00932A463B4631460D
:101EB0002046FBF71BFA00236365044B9B6803B1C4
:101EC000DB6EE366284605B0BDE8F083F40D002024
:101ED000F0B587B000250595109D04950F9D0395DD
:101EE0000E9D0295DDE912760D9D01950C9D0095E4
:101EF0000446FFF7A1FFB6F1FF3F08BFB7F1FF3F70
:101F000005D056EA070305D1204600F05DF92046CA
:101F100007B0F0BD03493A46334604F1180000F01B
:101F20005FFBF4E74D5B010038B50D4D2B4653F8D0
:101F3000184F9C4200D004B9EC68AB6838B95A7BA2
:101F4000D20604D1A26912B9DA897F2A05D89C4247
:101F500002D0204600F08CFA23466B6138BD00BFEA
:101F6000F40D002008B590F90D20437B002A0146AE
:101F700004DA03F07F03437303F053FD044B9868C6
:101F8000431A58425841BDE80840FFF7CDBF00BF93
:101F9000F40D002070B490F90D30427B002B29DB4A
:101FA000D30627D183692BBB134962F07F024273AA
:101FB0000A4652F8184F944218BF2346CC6923B9F9
:101FC000C0E900242060C8610CE090F90E5093F93C
:101FD0000E60B5420AD0AE4208DD5A68C0E9003250
:101FE0001060586070BC0020FFF79EBF9C42E7D095
:101FF0001B68E4E770BC7047F40D00202DE9F04148
:10200000002A427B0E460CBF1021082111420446D3
:102010000FD141EA0203D20918D1437308291BD01A
:102020000120FFF781FFBFF35F8F637B23F0600325
:102030006373274B9B68A34243D1EFF30583002BC7
:102040003FD13046BDE8F041FBF786B803F07F038F
:10205000437303F0E6FCE1E7A36813B1204603F005
:10206000E8FC04F1180003F0F0FDA56D04F1580739
:10207000AF4211D04FF0000875B1284603F0D9FCEB
:1020800005F1180003F0E1FDC5F878802846FFF758
:1020900081FFA56DAF42EFD10D4DAB689C42BFD122
:1020A000EFF30583002BBBD00120FFF73DFF094B69
:1020B000AB6040F201129A810022C3E91822DA666D
:1020C000B1E786F31188BFF36F8FBDE8F08100BFE1
:1020D000F40D00207009002070B590F90D20437BAD
:1020E000002A014604DA03F07F03437303F099FCEE
:1020F0004B7B154A63F07F0310464B7350F8183F33
:10210000D469834208BF002323B9C1E900042160D8
:10211000D1610CE091F90E5093F90E60B5420ED0EA
:10212000AE420CDD5868C1E900300160596090682A
:10213000431A5842BDE870405841FFF7F5BE9C4233
:10214000E3D01B68E0E700BFF40D0020F8B5124BA8
:102150000C461146114A98681060DDE90676EFF3E7
:102160001182202282F31288BFF36F8F9D68284668
:1021700003F069FCB6F1FF3F08BFB7F1FF3F06D09F
:1021800007493A46334605F1180000F029FA20467F
:10219000BDE8F840FAF7E0BFF40D00201C0E002067
:1021A0004D5B010049B9EFF3058030B9054B5A6921
:1021B0009B689A4201D0FAF7CFBF81F31188BFF331
:1021C0006F8F7047F40D002010B5EFF311842022BB
:1021D00082F31288BFF36F8F427B510704D484F3DC
:1021E0001188BFF36F8F10BD22F004024273FFF716
:1021F000D1FE21460248BDE81040FFF7D3BF00BF23
:10220000710E0020034648B9EFF3058232B9064A41
:1022100051699268914201D0FAF79EBF83F3118809
:10222000BFF36F8F704700BFF40D0020EFF31181F3
:10223000202383F31288BFF36F8F054B9A68D37BFB
:10224000013BD37381F31188BFF36F8F704700BFD9
:10225000F40D002038B5EFF31185202484F31288A3
:10226000BFF36F8F0A4B9A68D37B0133D37300207F
:10227000FFF75AFE85F31188BFF36F8FEFF31180DC
:1022800084F31288BFF36F8FBDE83840FFF7BABF01
:10229000F40D0020024B03F11802C3E90622704737
:1022A000F40D0020F8B5EFF31185202383F3128895
:1022B000BFF36F8F19498868437B03F07F03437333
:1022C00003F0AFFB8B685A7B084662F07F025A73BB
:1022D00050F8182FCC69824208BF002222B9C3E906
:1022E00000042360CB610CE093F90E6092F90E704C
:1022F000BE420ED0B7420CDD5168C3E900210B602D
:1023000053600120FFF710FE2846BDE8F840FAF7B9
:1023100023BFA242E3D01268E0E700BFF40D002023
:1023200050EA01032DE9F04105460E4603D1FFF7BF
:10233000B9FF00202BE0831C71F1FF3329DB03F090
:1023400099FC2C18EFF31188202383F31288BFF334
:102350006F8F124F124BB8681860FFF703FEB86812
:1023600010492A463346183000F03AF9BA68537BD0
:1023700043F0100353734046FAF7EEFE03F07AFC85
:10238000201A63EB0303012873F10003D1DBBDE8DE
:10239000F0816FF00104241AD4E700BFF40D00208F
:1023A0001C0E00204D5B0100B1F1FF3F08BFB0F1F2
:1023B000FF3F08B506D10A4B986803F07BFB4FF04E
:1023C000FF3008BDFFF7ACFF4FF47A7147F6FF739B
:1023D0000022C0FB0132D80B40EA4240F1E700BFC7
:1023E000F40D0020014B9868704700BFF40D0020E9
:1023F000D3B5DDE90667089CCDE90067FFF7A6FEC7
:102400001CB1034B9B685B69236002B0D0BD00BF69
:10241000F40D0020044BC01A044BC0105843044B69
:1024200001221A54704700BFF0090020ABAAAAAAE3
:10243000710E0020C3897F2B12D80A4B1B6863B131
:10244000094B90F90E201B689A4209DB437BDB069F
:1024500006D1064BC31A18BF012303F001007047D1
:102460000023FAE7240E0020200E0020D0070020D1
:1024700070B50E4B0E4C1E7C06EB460304EBC304FA
:102480000546204603F0E1FB0A4B002228469A55F8
:10249000FFF7D0FF48B1084B08491A68013A2046B7
:1024A000D317BDE8704000F09BB870BDF40D00205C
:1024B000F0090020710E0020240E002015240100D8
:1024C00038B5EFF31185202383F31288BFF36F8FA4
:1024D000104B114A9C681068A04206D1FFF7C8FF54
:1024E00085F31188BFF36F8F38BD00211B7C11600D
:1024F0000A4AD35C002BF3D02046FFF79BFF00284D
:10250000EED0637BDB0602D12046FFF7E5FD2046D7
:10251000E4E700BFF40D00201C0E0020710E002027
:1025200008B50648064A0749121A03F0C5F8BDE87F
:102530000840054A0549064803F0BEB8C00400201B
:1025400010070020E868010000000000E0680100BA
:10255000C0040020034B1B680BB9FDF797BE002099
:10256000704700BF280E002030B570B10B4B5B6880
:1025700098420AD0036843B1D3E90421D0E9044565
:10258000121941EB0501C3E90421D0E900321360BF
:102590005A600023C0E9003330BD00BFA806002008
:1025A00010B50E4B1C689C4204D1FFF7D3FF6FF0AF
:1025B000004010BDFFF7CEFF002CF8D0D4E9043264
:1025C0001B1A62EBE072B3F1004F72F10001EEDA18
:1025D000002AACBF18460020EBE700BFA806002089
:1025E000B3F1FF3F08BFB2F1FF3FF8B504461D4607
:1025F00016465ED08160EFF31187202383F31288A3
:10260000BFF36F8F013275F1FF3324DA2E49D1E920
:1026100000206FF001039B1A4FF0FF3262EB0000C5
:102620009E1B60EB0500012E70F1000301DA01260C
:102630000020C4E90460254ED6F800C07568B44592
:1026400008BF4FF0000CBCF1000F0DD1C4E90065CC
:102650002C6074601CE0FFF77DFF013645F100053A
:10266000361845EBE070E4E7DCE90420D4E90431F6
:10267000934271EB000E1DDAD21ADCF8043060EBE5
:102680000100CCE90420C4E900C31C60CCF804407C
:102690003368B34209D09C4207D10D4B1C6824B962
:1026A000FFF77EFF2146FDF7C3FD87F31188BFF3D7
:1026B0006F8FF8BD9B1A61EB0001AC45C4E9043192
:1026C000C4D0DCF800C0BEE7080A0020A80600203D
:1026D000280E00202DE9F84FEFF3118C202383F30F
:1026E0001288BFF36F8FDFF8B0A0DFF8B0902C4FE7
:1026F000C9F80000DAF800000024504508BF0020A7
:102700000025D7E90021D9F80030E04678B3D0E9B8
:10271000046C4FEAE37EB3427EEB0C0B05DAF61A4B
:102720006CEB0E04C0E9046421E0B21841EBE671E1
:10273000C0E90445C7E90021FFF716FF88F31188B7
:10274000BFF36F8F83689847EFF31188202383F3DB
:102750001288BFF36F8FD9F80030DAF800009B1BA6
:102760005045C446C9F80030CBD1D7E900219A18AA
:1027700041EBE3730024C7E90023C9F80040FFF7E9
:102780000FFF2146FDF754FD88F31188BFF36F8FCB
:10279000BDE8F84FFFF794BEA8060020280E0020E1
:1027A000080A002010B5EFF31184202383F3128868
:1027B000BFF36F8FFFF7CEFE054A0346D2E9000153
:1027C000181841EBE37184F31188BFF36F8F10BDCC
:1027D000080A002073B506460D4603F017F978B9CC
:1027E0000B4B9B68DC6E7CB12A1D09D200200021B6
:1027F000CDE9000146F00401204602F068FF08B967
:10280000002401E00460041D204602B070BD00BF3A
:10281000F40D00200CB430B589B005460C461C22DE
:10282000002101A803F09EFA02238DF806300E4B1A
:102830000293059523462CB1B4F1004F28BF4FF009
:102840000043013B1D440DAA0C99069501A8009276
:1028500000F00CF814B1059B00221A7009B0BDE815
:10286000304002B0704700BF435E01002DE9F04FD9
:102870008DB043680293837815469A07804640F1ED
:102880000D8100240E78002E00F00A81252E0BD039
:102890004B1C03930134029B414630469847002865
:1028A000C0F2F6800399EDE74E788B1C252E03933A
:1028B000F0D00027B946BB46BBF11F0F38D8A6F1B0
:1028C0002003102B0AD8DFE803F02A090930090990
:1028D000092109090928092D09091F00A6F130035A
:1028E000092B33D92A2E37D11BF0400F55F8043B62
:1028F00040F08280002BA7BF4BF0200B9946C3F11C
:1029000000094BF0280B01E04BF0010B039B13F87F
:10291000016B0393002ECFD130E04BF0020B4BF054
:10292000040BF3E74BF0080BF0E74BF0100BEDE76F
:10293000BBF17F0F19D8A6F13003092BD2D81BF0B9
:10294000400F03D00A2101FB0737DFE70A2101FB13
:1029500009394BF0200BD9E72E2E06D11BF0400F82
:1029600040F09E804BF0400BD0E76C2E31D02BD83E
:10297000682E36D06A2E3CD04C2E3AD0002F46F02E
:102980002003B8BF2BF04002A3F16501BCBF1FFAC2
:1029900082FB0027022901D9612B2FD1073525F0B1
:1029A0000705DFF8ACA2083507271BF0080F66D033
:1029B0000AEB070B56465E4563D1A4EB0A0A06EB09
:1029C0000A02A9EB07096FE1742E9FD07A2E9DD0E1
:1029D000D4E71BF0800F18BF4BF4007B4BF0800B4B
:1029E00094E71BF4807F18BF4BF4007B4BF4807B93
:1029F0008CE74BF4207B89E71F4687E7A6F163014C
:102A0000122900F2F080DFE811F013004F00EE0011
:102A1000EE00EE00EE004F00EE00EE00EE00EE00E5
:102A2000EE00FE00E900EE00EE001B00EE00AF003D
:102A300055F8043B8DF8183001270DF1180AB4E75A
:102A400055F804AB834BBAF1000F08BF9A461BF050
:102A5000400F14BF39464FF0FF31504602F0C3FA21
:102A60000746A2E7029B41462020984700280FDB3B
:102A7000013EB742F6D34C44A41BB14698E74E46FC
:102A8000F7E716F8010B029B41469847002892DAB7
:102A900098F8023043F0040388F802304FF0FF3416
:102AA00020460DB0BDE8F08F1BF0800F34D01BF432
:102AB000007F2CD0073525F00705AA4669685AF82B
:102AC000080B2BF010050029ADB237DA404261EB5C
:102AD000410145F480650DF1180B0A235A4603F0B5
:102AE00059F9A0EB0B0301936B0662D5019B25F00E
:102AF00001019F4289B240F3A180002E00F099802D
:102B000015F0100240F09C80BB460D4623E0AA461B
:102B10005AF8040BC117D4E7AA461BF4807F5AF871
:102B2000041B01D10846F5E71BF4007F15BF48B22E
:102B300008B241F3C01141F3C031C2E750EA0103CA
:102B4000C9D11BF0400FC6D0002FC4D12BF0110209
:102B500095B2BB46019740F2064115EA01021CBF3F
:102B60000BF1010B00222CE02BF010021FFA82FB6C
:102B70000A231BF0800C49D01BF400711DBF0735E0
:102B800025F00705AA46AA461ABF5AF8080B696835
:102B90005AF8040B50EA010545D12BF016051BF03D
:102BA000400FADB242D0002F40D12BF0170295B2AA
:102BB000019715F0100248D0019B002E42D103F17D
:102BC000010B29075AD4EB0706D5D9456FDD0199CA
:102BD000A9EB0B035F18CB465B4649E04BF0100BAB
:102BE00010237826C5E7782B04D1C6F1780343F08B
:102BF0001003BEE7029B4146252098470028FFF6B8
:102C000047AF023447E608230026B2E7AA461BF482
:102C100080715AF8040BBDD01BF400711ABFC0B20A
:102C2000614680B2B6E72BF0060295B20DF1180BA3
:102C300054E725F01105ADB2BB468CE70D46B8E769
:102C40003B460D4603F1020BBBE7DDF804B082E71B
:102C5000D8680100D1680100CDE904324146029BE9
:102C6000202098470028FFF613AF049B059A0133F4
:102C70009945F1DCA4EB0B01CC189B460AB3029BEF
:102C80004146302098470028FFF602AF8EB9013444
:102C90002744019B391B994224DC1D465DBB019AE8
:102CA000A9EB0B09224455461446914435E0019F97
:102CB00092E7023441463046029B98470028E7DA03
:102CC000E6E640F206410D42E2D015F0020F14BFD5
:102CD0002B20202015F4806F04F10104414618BF19
:102CE0002D20E9E7029B414630209847002804F157
:102CF0000104CEDACCE606AB013D4146585D029BAD
:102D000098470028CADAC3E6029B4146202098472C
:102D1000002804F10104FFF6BBAEA9EB0403002B6D
:102D2000F2DCBFE57047F0B4034600681979DB8830
:102D3000066987683468DA0754BF43F4B01383F434
:102D4000D01301258D4023F48012DB074CBF2C43A8
:102D5000AC4334603B68F0BC184703460A46006841
:102D60001979012303FA01F103691B68194218BF9D
:102D700082F0010212B18368DB68184783681B691F
:102D8000FBE7014640F2E73008B54FF47A720023C2
:102D900000EBC1304914F9F7B3FABDE80840FFF77A
:102DA00003BB0A448A4200D1704711F8013B40BA84
:102DB00080B25840C0F303134340180380B243402D
:102DC000580100F4FF505840ECE7836800EBC10164
:102DD000B3F5004F2CBF51F8220031F812007047B4
:102DE00000EBC1018068B0F5004F2CBF41F82230E4
:102DF00021F81230704708B50122FFF7E6FFD040F6
:102E000008BD8368B3F5004F00EBC10108D34B68E0
:102E10001AB143F001034B60704723F00103FAE756
:102E20004B881AB143F001034B80704723F0010334
:102E3000FAE753000122FFF7D3BF8368B3F5004FD1
:102E400034BF04230823C91A081AC0087047B0F514
:102E5000004F34BF04230823481C0833A0EBD300E1
:102E6000B0FA80F0C0F11F0070472DE9F04117461D
:102E700003220E460446FFF7A8FF8642054607F1E7
:102E800004080AD1E3680122BA4023EA0203E3609E
:102E9000002344F82830BDE8F08131460222204664
:102EA000FFF793FF2B460646014644F8285020467C
:102EB0000322FFF795FF3346294620460222BDE84C
:102EC000F041FFF78DBF70B50D4686680446FFF7E9
:102ED00092FFB6F5004F014601D3012809D03046D4
:102EE000FFF7B5FF294602462046BDE87040FFF7D0
:102EF000BCBF70BD2DE9F04705468068FFF7A7FF0E
:102F000005EB800A8846DAF810900646B9F1000F02
:102F10001BD00327DAF8104028462146FFF76BFF45
:102F2000404507D3324621462846FFF79EFF2046FC
:102F3000BDE8F087032221462846FFF746FF013F00
:102F4000CAF8100001D08145E4D1EB6801364FF09A
:102F5000FF34B4401C40EAD094FAA4F2B2FA82F2F0
:102F6000131D55F82340DEE72DE9F04114460546D0
:102F70000E46FFF740FFA4EB0608371B0744424606
:102F800031462846FFF755FF3A4621462846FFF7C7
:102F900050FF4346002221462846FFF721FF2146E5
:102FA0002846FFF728FF3B46211800222846BDE8A7
:102FB000F041FFF715BF2DE9F041164604460F46D4
:102FC000FFF719FF314605462046FFF714FF054479
:102FD0002A4639462046FFF72CFF31462046FFF7A8
:102FE0000AFF2B46311800222046BDE8F041FFF7CA
:102FF000F7BE2DE9F0410D4686680446FFF7FBFE5B
:10300000B6F5004F014601D3012832D03046FFF714
:103010001EFF04EB80010E6996B9E368012282402D
:103020001343E36002220D612B4629462046FFF739
:10303000D7FE032229462046BDE8F041FFF7D0BE67
:10304000022231462046FFF7C0FE294603460746C6
:103050002046FFF7C5FE0322334629462046FFF7E8
:10306000BFFE39462B462046FFF7BAFE0222314604
:10307000E1E7BDE8F081F8B50C460546FFF7BBFE79
:103080002618012231462846FFF79FFEC3070CD4BD
:1030900031462846FFF717FF21462846FFF7ABFECB
:1030A000214622182846FFF786FF0022214628469F
:1030B000FFF78BFE271A012239462846FFF785FEC7
:1030C00010EA020613D139462846FFF7FCFE2146D6
:1030D00032462846FFF779FE2246211A2846FFF796
:1030E0006AFF214632462846FFF76FFE241A214622
:1030F0002846BDE8F840FFF77CBF38B571B10568D8
:103100002846FFF79AFE0022044601462846FFF7AC
:1031100078FE2146BDE83840FFF7ADBF38BD70B539
:10312000066809B9002070BDB368B3EBD10FF9D9B7
:10313000B3F5004F34BF04230823CC1D1C44E4081E
:1031400021463046FFF7D6FE05460028EAD0014664
:103150003046FFF750FEA04209D92C44294630469C
:103160002246FFF701FF21463046FFF742FF304677
:1031700001222946FFF745FEB368B3F5004F34BF7F
:103180000423082303EBC5031844CCE72DE9F843D7
:1031900006681446B26801F1FF39B2F5004F34BF3A
:1031A0000423082319EA01090F460BD0494239408C
:1031B0008B424F4628BF0B46894654B90025284606
:1031C000BDE8F8839942F8D82146BDE8F843FFF7F7
:1031D000A6BFB2EBD40FF1D9E11DB2F5004F3944CF
:1031E00034BF04220822C91A1144C9083046FFF727
:1031F00081FE80460028E1D0B368B3F5004F34BFAC
:103200000423082309EBC0051D4435447B1E1D44DF
:10321000B5FBF7F57D43A5EB090529463046FFF7D9
:103220000CFE2C44073424F00704A41B80450746F9
:103230004FEAE40408D2024641463046FFF794FEC6
:1032400041463046FFF7D5FE39463046FFF7D3FDFD
:103250003844844208D2394630462246FFF784FE7D
:1032600021463046FFF7C5FE012239463046FFF7BA
:10327000C8FDA4E7B2F5802F2CBF08230423D21A7F
:103280002DE9F0418C18CD1D25F0070524F0070429
:10329000641B0026E40805602146AC60EE60204611
:1032A000FFF7D5FD421D9200013002F107074FEAFA
:1032B000D707A2F110023146B8BF324605F110001F
:1032C00002F050FD3A4631462846FFF7B2FD33463C
:1032D000324631462846FFF783FDA4EB070828460F
:1032E00031460122FFF78DFD42463946FFF7A1FD29
:1032F0003B46324639462846FFF772FD21462846AE
:10330000FFF797FD4346324621462846FFF768FD02
:10331000214628460122FFF774FD3946BDE8F041F9
:10332000FFF767BE002070470FB407B504A951F836
:10333000040B0191F9F7EAF903B05DF804EB04B06E
:103340007047038B13F0070305D10368002B0CBFF4
:10335000002003207047022B05D1408BB0FA80F08B
:10336000400980007047012B05D10368002B0CBF7A
:103370000020052070470020704710B50C4600B1B2
:1033800011B96FF0150010BD081D00F093F800286A
:10339000F9D1A368032BF6D9F3E72DE9F0410D46E7
:1033A00007461946281D90461E4600F094F804462C
:1033B00038B13346424629463846A446BDE8F04176
:1033C0006047BDE8F08110B4EFF31182202484F34C
:1033D0001288BFF36F8F416110BC0121F9F7FEBA6B
:1033E00038B50C46054658B151B10B6843B14B682E
:1033F00033B11C22002102F0B5FC2C61002038BD45
:103400006FF01500FBE770B505460E46FFF7B5FFF8
:10341000041E14DBEFF31182202383F31288BFF321
:103420006F8F6B8B2C8B4FF6FF718B4204F0070470
:1034300007D182F31188BFF36F8F6FF00A04204623
:1034400070BD022C0CD101336B8382F31188BFF362
:103450006F8F0023224631462846FFF79EFFEEE796
:10346000062C14D8DFE804F004131313041A040024
:10347000002333606B683BB9C5E90066ACB9022133
:103480002846F9F7ABFADAE71E606E60F6E782F3DA
:103490001188BFF36F8F6FF00404D0E782F31188B7
:1034A000BFF36F8F6FF08504C9E782F31188BFF314
:1034B0006F8FC4E7034658B1426802F00302012A45
:1034C00003D0032A04D1026812B10020986070472B
:1034D0006FF0150070474268816002F00302032A12
:1034E0004FF0000203460CBF006810465A60704758
:1034F00070477047002930B4044618460BDBA568B6
:103500000844A84207D8E0686468214484682468B5
:10351000A44630BC60476FF0150030BC70470029EE
:1035200030B4044618460BDBA5680844A84207D807
:10353000E0686468214484686468A44630BC6047DD
:103540006FF0150030BC70470029034610B41046D8
:103550000BDB9C680844A04207D8D8685B68194414
:1035600083689B682BB110BC18476FF0150010BC26
:1035700070476FF05700FAE70029034610B4104671
:1035800009DB9C680844A04205D8D8685B681944E8
:1035900010BC00F0D6B86FF0150010BC704708B52D
:1035A000C0688368DB689847006808BDC0687047DA
:1035B00008B5C0688368DB689847407908BD4368F0
:1035C0000A689A4297BF4A6800239B18012088BF67
:1035D00018464B607047F8B5836804460BB3026A1F
:1035E000B3FBF2F502FB1535D0E904763DB1006876
:1035F00094F82410551B2A46184402F0B3FBA36824
:10360000E06822683E442B4481684D683146A847F3
:1036100040B9E3695BB92369A268134423610023BD
:10362000A3600020F8BD135CDB4313540130A36892
:1036300022688342F7D8E06881680D683146A84760
:103640000028EFD1E369A168206832469847002836
:10365000E1D0E7E72DE9F04789461646984604464B
:1036600098B382680369134482693344934230D823
:103670000025D4E90170A6EB050A3F1ABA4515D218
:10368000B54209D223685246184409EB050102F0FD
:1036900041FBA3685344A360B8F1000F1CD0A0689D
:1036A000A8B12046BDE8F047FFF795BF23683A462A
:1036B000184409EB050102F02DFB6368A360204666
:1036C000FFF789FF18B93D44D3E76FF00D00BDE85F
:1036D000F0876FF00B00FAE74046F8E770B5044654
:1036E00000F501701E46FFF7B5FF054636B1D4F868
:1036F0000002FFF7FEFE0023C4F80032284670BD2A
:1037000030B5054685B0084605F50071F9F77AFA37
:10371000044698B9D5F80002FFF748FFD5F8003203
:1037200002949A6801925B68009301464FF400731B
:103730002A4605F50170F9F78DFA0446204605B0D2
:1037400030BD2DE9F0418768FB6804460D461646FA
:103750009847BB682BB1324629462046BDE8F04168
:1037600018476FF05700BDE8F081012801D1EFF351
:103770000583FDF7ABBF01460068FFF7F6BF08B54C
:10378000F9F7C2FABDE80840F9F7E2BA00210120D2
:10379000FFF7EBBF61B662B680F31188BFF36F8F9E
:1037A000704772B6002383F31188BFF36F8FBFF3A6
:1037B0004F8F30BF62B6BFF36F8F704772B6002372
:1037C00083F31188BFF36F8FBFF34F8F20BF80F358
:1037D0001188BFF36F8F62B67047202809D9B0F106
:1037E000004F08D80138B0FA80F0C0F11F00400047
:1037F0007047082070473E20704708B5F9F744FF2E
:10380000002008BD7047002303824369C3607047EE
:10381000C1698968F9F79EBF8288521A034682807F
:10382000006808441860704710B503681C8864BAC3
:10383000A4B20221FFF7F0FF204610BD8388C288A2
:103840008168D21A03685B1AD01A704703898B42C9
:103850000AD9436803EBC10053F831302BB94368F0
:10386000002B08BF0020704700207047F0B5037898
:1038700085888779C679CE71002013F0070F08601C
:10388000C3F3C10308788F7114BF03240124012BF3
:1038900028BF012344EAC30320F01F006DBA03438D
:1038A00052BA0B704A808D80F0BD37B505460C4684
:1038B0000846FFF7A8FF45F8044B0823204623825B
:1038C00050F80C4F1C44FFF7B9FF0022034600924A
:1038D00002212246284601F0B0FE03B030BD2DE99A
:1038E000F04F85B005460E4690461F4601F0B2FCEB
:1038F00020B96FF04C0005B0BDE8F08F00234FF009
:1039000014093B6009FB086934464FF0010A02A91B
:10391000284601F09CFCDDE90232009368BB284692
:1039200001F0C1FC0028E4D00020E4E7A14598BFE5
:10393000344661688A4214D121680098019202F0ED
:1039400019FA019A68B9237CD3B9D4E9023128461F
:103950009847C0B184F810A03B68013314343B6031
:10396000D5E714340BF1010BD845DFD100212846EF
:1039700001F0F0FC0028CAD1D1E74FF0000BF3E7CB
:103980006FF06F00B7E76FF02200B4E72DE9F04168
:1039900090B00646FFF70CFE4FF00133D6F80880D2
:1039A00003FB00F70025454503DB012010B0BDE80F
:1039B000F081A8EB0504402CA8BF402423466A46AA
:1039C00029463046FFF796FD00280CDBA4106A4616
:1039D0000023A34201D14035E5E752F8041BB94268
:1039E00003D10133F5E70B20E0E70020DEE720B14B
:1039F00001280CBF0120FF20704703207047027888
:103A00000B789A420FD30CD842784B789A420AD35B
:103A100007D842884B889A4205D38CBF01200020EA
:103A20007047012070474FF0FF30704713B5FFF724
:103A3000DEFF00281CDB01A9C0B2F9F7E3F800287B
:103A400018DB0198FFF7A2FF044638B90198214618
:103A50008268FFF791FD48B9002401E00128FBD0FE
:103A60000198FFF746FD204602B010BD0D24F7E790
:103A70000E24F8E70A24F6E773B5FFF7B8FF00282D
:103A80000C4615461E4614DB01A9C0B2F9F7BAF878
:103A900088B9214633462A460198FFF72BFD044694
:103AA0000198FFF726FD002C18BF0B24204602B01A
:103AB00070BD0E24FAE70A24F8E737B5FFF797FF41
:103AC00000280D460FDB01A9C0B2F9F79BF80446A8
:103AD00058B90198FFF76CFD28700198FFF709FDB0
:103AE000204603B030BD0E24FAE70A24F8E770B58B
:103AF00006460C4600F03EF80546304600F029F92F
:103B00000346013B85F00100032B0CD8DFE803F0EE
:103B100008060902022304B1237070BD0123FAE7ED
:103B200028460023F7E74FF0FF30F6E773B546105D
:103B30000546304600F01EF8002304460DF107014B
:103B400030468DF80730FFF7D2FFA84204D19DF828
:103B50000730013B012B09D9A04202D09DF8073064
:103B600023B1631B5842584102B070BD0120FBE7EE
:103B700070477047002070470020704770B50546B9
:103B800088B00E46002400236A4631462046FAF7E4
:103B9000C7FB28B920222946684602F0EBF810B18D
:103BA00024B14FF0FF34204608B070BD0124EAE78D
:103BB000002301461A461846FAF7B2BB022805D080
:103BC000033801288CBF012005207047032070476F
:103BD00008B50020F8F7CCFD70B5BCB0044600F184
:103BE000100517AE002200232846FDF703FF01460B
:103BF00008B93CB070BD03AB6846CDE900460293FE
:103C0000F9F7B4FEEEE7F9F737BE70B505460E4694
:103C1000FAF7A6FD044618B1B36A1BB129469847C6
:103C2000204670BDEA7A05F11801183002F072F8EA
:103C3000F6E710B5044640B1CB6A0BB1183098478F
:103C40002046BDE81040F9F717BE10BD4FF4807054
:103C5000704738B50446018AC068FBF7DFF80546AF
:103C60002046FFF7D0FF284638BD10B5044600684F
:103C700018B1FFF7C8FF0023236010BD10B586B050
:103C800003461446009103AA052104A8F8F786FD0F
:103C9000042104A8A04706B010BD2DE9FF41036828
:103CA00004460E4615462BB1012D09D8002004B05C
:103CB000BDE8F081FAF754FD20600028F4D1F5E763
:103CC000378841F204439F423BD040F606139F429F
:103CD000ECD12068FFF797FD2068028A50F80C3F6E
:103CE00003EB0208FFF7AAFD023D01460095B31C55
:103CF00003AA4046F8F7D2FD38BB2268039B118A1D
:103D00000B44138240F606139F4207D12068038AB2
:103D1000012B1AD90C30FFF787FDA0802368A188FA
:103D20001A8A8A42C2D310D8D9680020FFF739F81E
:103D3000034650B921680A8A023A0A822068236041
:103D4000B5E723681B8A002BC6D12046FFF78DFFFD
:103D5000ACE7FCF735BB203870470369C9B20C22C9
:103D600001FB0233186C00F00700704770B5C9B250
:103D70000369EFF31185202484F31288BFF36F8F5A
:103D80000C2606FB0134246C14F0C00408D0A242B7
:103D900006D085F31188BFF36F8F4FF0FF3070BDF1
:103DA00006FB013301221A6485F31188BFF36F8F7C
:103DB000436803EBC1035B6898470020EFE780226C
:103DC000FFF7D4BFF8B5069F0469C9B2EFF31186B7
:103DD000202585F31288BFF36F8F0C2505FB014466
:103DE000256C05F0070CBCF1010F0CD1276486F39C
:103DF0001188BFF36F8FC4E90E23436853F8313045
:103E000098470020F8BD05F0C005AF4286F3118841
:103E1000BFF36F8F0CBF6FF077004FF0FF30F1E70B
:103E200013B580240094FFF7CDFF02B010BD10B48D
:103E30000069CBB21C2403FB0400002110BC104716
:103E40000020FCF729BC002000F0B8BE1046FDF7AA
:103E500003BE036920330B60012313607047FDF735
:103E6000FBBD4FF0FF324FF0FF33FDF719BEF0B549
:103E70008BB044680769119DCDF818D000200090E0
:103E80008DF804000120079010988DF80010CDE9FE
:103E90000805D00702F080060BD512F0040F1BBAFC
:103EA00003D13A7C0493D10718D5CDF8013005230E
:103EB0000793002D06AB0CBF01220222CDE903239C
:103EC000029321460223059351F8040B86B18368BF
:103ED0001C68002302AAA0470BB0F0BDBDF811304A
:103EE000ADF801309DF813308DF803300423DFE77F
:103EF00083681C6804ABEDE773B500230D1E4668AC
:103F000018BF0421CDE9003308BF062180220446F2
:103F1000FFF7ADFF737EDB0609D540B93DB9CDE9AA
:103F200000000346802298212046FFF7A0FF02B040
:103F300070BD1FB5012301930DF10F030093002302
:103F40001A460521FFF793FF08B99DF80F0005B049
:103F50005DF804FB2DE9FF41064615461C46012786
:103F60000DF10F080023CDE900871A4605213046E0
:103F7000FFF77DFF40B99DF80F30DB0704D52846D9
:103F80002146FEF711FAEDE704B0BDE8F0812DE916
:103F9000F347054600690F1ED0F81C9016467DDBDE
:103FA000BB184B457AD847EA0204C4F30B04002C33
:103FB00074D1FFF756FF21462846FFF79DFF4FF0CB
:103FC000FF3A0446002E46D101212846FFF794FF10
:103FD000002C08BF04462869FFF741FF204602B0C5
:103FE000BDE8F0872869A04600F1110319305A781E
:103FF00082B10AFA02F137EA01010BD101219140A5
:10400000B14207D8B8F1000F1CD098F801109142C6
:1040100038BF984602339842E9D1B8F1000F13D067
:10402000002398F800108122CDE9003328463B4652
:10403000FFF71DFF98F801200123934004461F4419
:10404000F61A21E09846E5E76FF0150401212846AD
:10405000FFF752FFBFE7002CF8D1CDE9004423461B
:10406000802206212846FFF702FF04460028EDD1F2
:104070004E45B7D1CDE9000003468022C72128462E
:10408000FFF7F5FE00260446002CDFD140F2676200
:1040900000232846FFF75EFF044693E76FF0150400
:1040A0009CE72DE9F74F054600690E1E1F46B0F844
:1040B0001A80C36991464EDBF2199A424BD8FFF73A
:1040C000D0FE00212846FFF717FF0446C0BB8246FA
:1040D0002FB901212846FFF70FFF044634E0B84509
:1040E000C34628BFBB4606EB0B0396FBF8F2013B29
:1040F000B3FBF8F393421CBF08FB1262A8EB020B60
:10410000CDE900AA0023802206212846FFF7AFFE52
:104110000446A8B9CDE9009B3346812202212846F6
:10412000FFF7A5FE044658B9012200232846FFF7F1
:1041300011FFA7EB0B07D9445E4404460028C7D003
:1041400001212846FFF7D8FE2869FFF788FE2046A0
:1041500003B0BDE8F08F6FF01504F8E7F7B505463A
:1041600000690C1E1E461746C36913DBA2199A424A
:1041700010D8FFF776FE2346CDE900760122032111
:104180002846FFF774FE04462869FFF768FE2046BC
:1041900003B0F0BD6FF01504F9E738B505460C46DD
:1041A00000F0A2FD002D07DBA84205D9401B844288
:1041B0008CBF0020012038BD0020FCE770B50D4603
:1041C0002846194616461C46FFF7E7FF38B124B1CA
:1041D00022462946304601F09DFD002070BD6FF05B
:1041E0001500FBE7F7B51C461646002382682360DE
:1041F000A36013690D4601AA69469847019B5A1EA0
:1042000001921BB96FF0150003B0F0BD0098A268D1
:1042100047682168676085B9B31AD0F800C0634564
:1042200028BF63461A4403FB07112160A26002689D
:104230009A4206D808300090E0E76B1AB3FBF7F318
:10424000EBE70020E0E713460022FFF7CBBF2DE9A4
:10425000F047836886B01B698846914601A902AA87
:1042600098470024A2462546029BAB4202D806B0DE
:10427000BDE8F087019F07EBC50700267B68049324
:104280003A68B2420AEB060302D801359A46EBE7D8
:1042900003940593494603A8C0470028E7D0049B30
:1042A00001361C44ECE74B1E5B0800EB8300C9079A
:1042B000C36958BF1B0CC3F3072113F0FF031DBFD5
:1042C0000020117053706FF01500704743685B68F1
:1042D000D3F810350B600020704743685B6802EA32
:1042E000010021EA0201C3F80805C3F80C150020FB
:1042F000704743685B680020C3F80815704743683F
:104300005B680020C3F80C15704743685A68D2F800
:10431000043521EA03000B40C2F80805C2F80C3549
:104320000020704710B503695868F8B1884219D168
:104330009C6808685860A14200D19860002008601D
:104340002AB15A680A609A68596002B999600020D7
:1043500010E0814206D10868206098688142EDD162
:104360009C60EBE7044600680028F2D1002AE8D1FF
:104370006FF0150010BD30B543681360057A4468CE
:1043800004EBC504A34202D36FF0010030BD5C7999
:104390008C4201D00833F0E70020F7E743681B6840
:1043A000D3F88004C3F88004704742681368D3F8D8
:1043B000100150B1126A002012780A70C3F810017F
:1043C000D3F8102101221A6070474FF0FF30704778
:1043D000002A0FDD42681368D3F8100158B100209D
:1043E000C3F81001126AD3F8100112780A70012084
:1043F000186070470020704710B54368196803695A
:10440000EFF31182202080F31288BFF36F8F1868BA
:10441000002484731B680120D8734FF48003C1F813
:10442000043382F31188BFF36F8F10BD03691A68DC
:10443000012191731B680022DA73704702691168C9
:104440000346C87B40B15B681B68D3F8580118B1BC
:1044500000230B6113689889704743681B68D3F881
:104460001001003818BF0120704743681B681022F4
:10447000C3F80423704743681B681022C3F808235D
:10448000704743681B684FF40072C3F804237047F9
:1044900043681B684FF40072C3F80823704738B5AF
:1044A00043681D68D5F804335B02044605D4D5F88B
:1044B000040310F0100006D138BDFFF7BFFF00283D
:1044C000F5D00120F8E72046FFF7C7FF003818BFF6
:1044D0000120F1E7012070470369186801601B683B
:1044E0005A60704702680346D2F8580140B95B68C9
:1044F000DB0706D4D2F82001003818BF012070472E
:104500000120704710B4436802691B68D3F8041394
:10451000C90517D5D3F82011A1B1EFF311812024DB
:1045200084F31288BFF36F8FD3F8204134B1002495
:10453000C3F82041D3F820410124DC6081F31188C5
:10454000BFF36F8F1468D3F858115CB161B10021CB
:1045500021611468A47B3CB14FF48000C3F80803C8
:104560001368997310BC7047D3F8241121B100214E
:10457000C3F82411D3F8243112681368002BF1D04A
:10458000516810BC18472DE9F041066933689C89D1
:10459000BFF35B8F94420546A8BF14461033012732
:1045A00053E8002F002A03D143E800700028F7D118
:1045B000BFF35B8F0CBF3B4600232BD133682246F1
:1045C000986801F0A7FBEFF31188202383F312888A
:1045D000BFF36F8F69680846FFF784FF326840B900
:1045E0001061044688F31188BFF36F8F2046BDE841
:1045F000F0810B689268C3F844250022C3F848454F
:10460000C3F82021D3F82011C3F85821D3F858213A
:104610009F60E7E71C46E9E7002201210420F8F744
:1046200031BE002201212F20F8F72CBE10B50B68F7
:1046300013B91360184605E003685C681CB1146088
:104640000368186810BD083303600B68013B0B60FA
:10465000EDE713B501AA0446FFF78DFE002805DB40
:10466000019B226819791868FAF7F8FF02B010BDAB
:1046700003460A4600681979012303FA01F1036928
:104680001B68194218BF82F0010212B18368DB680F
:10469000184783681B69FBE710B504460068D0B172
:1046A0008368C3B149B101210830FFF7E1FF2368F6
:1046B0001869BDE8104000F0CABF12B98388DB0456
:1046C00009D4006900F0C3FF20680021BDE8104054
:1046D0000830FFF7CDBF10BD10B501220021044600
:1046E000FFF7DAFFA36933B9636004F11000BDE896
:1046F0001040FDF7B1B910BD10B5006903688B42D9
:1047000006D190F85C4034B9FFF7E6FF204610BDB3
:104710006FF01500FBE76FF00F00F8E72DE9F843A5
:104720004468066905460021E06BFFF792FF002808
:1047300023DB216C481C17D1636B9847B4680127B1
:104740000834D6E9023203EBC203A4F10802934213
:1047500015D83046FFF7C0FF6B680021D86BFFF714
:1047600078FF00EAE07008E004F14400FBF74EFB3C
:1047700010F1130F01D0411DDED1BDE8F88354F8CC
:10478000080C00F069FF28B354F8080C14F8041C56
:1047900034F8023CD0F810E0D0F80890DEF800C001
:1047A000DA0754BF43F4B01383F4D01323F4801218
:1047B00007FA01F8DB074CBF48EA0C032CEA0803B0
:1047C000CEF80030D9F800309847002804F10804EA
:1047D000B7DAD2E76FF01200CFE738B505690446C3
:1047E000296305F12000FDF737F9002285F85C20E8
:1047F00020691146BDE83840FFF74EBF38B5027852
:104800000346002A52D10C69A26D32B9606D6FF077
:104810007301BDE83840FFF7E0BFE06C40B1216DA7
:1048200031B1DB6823B1834202D0616E01F072FACC
:10483000A36CA56D9BB19D4211D85B1BA3644BBBC0
:10484000636B08336363A36B013BA36304F148020A
:1048500004F1380104F13400FFF7E8FE6064236DD1
:104860009BB19D4211D85B1B2365CBB9E36B083329
:10487000E363236C013B236404F1500204F1400123
:1048800004F13C00FFF7D2FEE064606DBDE8384003
:10489000FBF77CB8636C002BE1D02B446364DEE74C
:1048A000E36C002BF1D02B44E364EEE738BDF8B5A0
:1048B0000C46054600F015FA002221460646284619
:1048C000FCF72AFA03212046FBF780FA00F023F8D0
:1048D00007462B689B5953B100262146284600F015
:1048E000FEF920460121FBF771FA3046F8BD00F0D1
:1048F00012F8C01B0628ECD96FF07306EDE700F143
:1049000050039B009BB203F1804303F588330022E0
:104910001A601B68704708B5FBF71EFB08BD80686E
:10492000183820F0070010387047042809D00528EF
:1049300003D1481E18BF01207047431A58425841FE
:1049400070470120704738B515460C4661B15AB121
:10495000FEF72EFE2544214611F8013B834203D188
:10496000A942F9D1012038BD0020FCE738B50C463A
:104970000123114622460546FEF7BCFD00280FDB49
:10498000012221462846FFF7DEFF38B92378012BA4
:1049900014BF022301232370002038BD0323FAE74C
:1049A0000120FAE72DE9F7431D4606460F469046DB
:1049B000FEF7F5FD6C1E044440420440082C1AD852
:1049C0003046FEF7F5FD2A4681464146684601F02D
:1049D000A1F9621B49460DEB050001F0C3F923461E
:1049E0006A4639463046FEF79AFD003818BF012066
:1049F00003B0BDE8F0834FF0FF30F9E707B50123BE
:104A00008DF8042001AAFFF7CDFF03B05DF804FB89
:104A100081681839012221F00701FFF7EFBF826892
:104A2000183A22F00702FFF7A1BF13B50C46C0B237
:104A300001A9F8F7E7F850B921460198FBF76AFC9D
:104A400004460198FEF755FD204602B010BD012432
:104A5000FAE713B541EA021104468DF80710FFF793
:104A60005EFF012301460DF107022046FFF79AFF82
:104A700002B010BDF7B50D1E69460CBF17462F4694
:104A80000446FBF747FC78B99DF80060022E22D05F
:104A9000032E0BD0012E24D135B19DF80330032B0A
:104AA00002D12046FFF7B4FF03B0F0BD002DFBD1CB
:104AB0002046FBF70DFC0028F6D157B12046FFF742
:104AC000A7FF0028F0D1002231462046FFF7C1FFA2
:104AD000EAE70226F7E735B9A26829462046FEF73D
:104AE00033FD0320E0E70420DEE7004700F0AFBD20
:104AF000C00000F1804000F5F830C0F81015C0F893
:104B000014257047FCF778BAF7B5044618B10128A8
:104B100024D003B0F0BD4FF080430222C3F8082335
:104B20000122DA60C3F80401D3F8043106460123F8
:104B30008DF8073042F210754FF08047DCB1012C40
:104B4000E7D1D7F80C3403F480338EBB002BE0D0D0
:104B50000120FFF7CBFF013DF3D1DAE74FF08043AF
:104B60000022C3F808035860C3F80021D3F80031CD
:104B70000DF10706DBE7D7F8183403F480333EB9AC
:104B8000002BC6D00120FFF7B1FF013DF3D1C0E7F4
:104B9000D7F8182402F003023260002BB9D09DF838
:104BA00007000128B5D1FFF7A1FF013DC6D1B0E74D
:104BB000D7F80C2402F001023270EEE7FFF7A4BF31
:104BC000F7B5019001A8DDE9084716461D46FBF739
:104BD000E9FD019BB6F1000C18BF4FF0010C00EB92
:104BE00083000B1E18BF0123002D43EA4C0314BFA2
:104BF0004FF00C0C4FF0000C002C43EA0C0314BFD8
:104C00004FF4E06C4FF0000C002F43EA0C03D0F897
:104C1000002714BF4FF4403C4FF0000C43EA0C0354
:104C200022EA030301B109780EB136787600194300
:104C30000DB12D78AD0031430CB124782402294305
:104C40000FB13F783F040C433C43C0F8004703B02A
:104C5000F0BD1FB50DF10F03019300238DF80F1068
:104C600000931A461946FFF7ABFF05B05DF804FB49
:104C700008B50146FBF7E8FD40B10846FBF7CCFD5F
:104C800000B2800000F5807080B208BD4FF4BE70A5
:104C9000FBE738B5054608460C46FBF7D5FDB0B135
:104CA0000846FBF7C5FD90B90846FBF7B5FD2A6835
:104CB00001238340C2F808332A6803B202EB83035E
:104CC000D3F8102522F00302C3F8102538BD204682
:104CD0000021BDE83840FFF7BCBFFBF73BBEFFF744
:104CE000D8BF0846FFF7C4BF4FF080531A69586910
:104CF000504370474FF08053186970474FF080530E
:104D00005869704770B5A2F58074A408012606FAA8
:104D100004F4054614EA010008D0A85830B1002177
:104D2000A950AA581A6822431A60304670BD2DE96E
:104D3000F341002304460D460193904601AB4FF426
:104D4000A672FFF7DFFF4FF4827229462046FFF775
:104D5000D9FF4FF48C72074629462046FFF7D2FF51
:104D6000064630B1B8F1000F1DD017B1D4F83C356C
:104D70003E4601AB4FF4887229462046FFF7C2FF3A
:104D800030B1B8F1000F03D016B90FB1D4F83C35EB
:104D900001AB4FF4907229462046FFF7B3FF01980C
:104DA00002B0BDE8F0814646E3E707B5019001A8EF
:104DB000FCF728F9019A01239340C0F8083503B0A5
:104DC0005DF804FB07B5019001A8FCF71BF9019AF7
:104DD00001239340C0F80C3503B05DF804FB0123B8
:104DE00070B504460D464361642600220221204628
:104DF000FFF79DFF20B90120FFF778FE013EF4D1B7
:104E000000236B77C4F8003570BD70B501F10C025A
:104E10000C4640210546FFF78AFFC8B1206A421CB4
:104E200004D0A37F9B0710D5FFF7CCFF637F1BB196
:104E300021462846FFF7D3FF0023204623726168EE
:104E400050F8083BBDE870401847FFF7AEFFEDE7AC
:104E500070BDFCF7D7BB08B5FFF7FBFF002008BD0E
:104E600030B5026A0346D2E9014084424FF00000A7
:104E700002D30123D36030BD1874506801305060F4
:104E8000186A4268541E0268242505FB042218464D
:104E90005C1950F8045B42F8045BA042F9D19960B8
:104EA0000120E8E7F0B5064604460F4694460FCECB
:104EB0008BB001AD0FC50FCE0FC5216A33684A68AC
:104EC0002B602068A56822B90223CB6000200BB0BC
:104ED000F0BDFB0713D50B682426013A06FB02330D
:104EE0007E0703D41A7C0AB10F23EEE7224603F1B2
:104EF000240153F8046B42F8046B8B42F9D1B907D3
:104F000041BF226A536803F1FF335360AC4505D2B9
:104F1000236A002BDAD00422DA60D7E77A0748BF89
:104F200020603B0701D40120D1E706AB93E80700DE
:104F3000143484E80700F6E710B502601A44029BB7
:104F4000836001294FF00003C2600374037583611D
:104F500001D8036210BD24224A43243A8418046213
:104F60008350026A8C1E9460026A5360026AD360A6
:104F7000026A1374026A022953741EBF036A243042
:104F80001860E7E7182871F100030ED3B0F5807FB1
:104F900071F100030BD3B0F5803F71F1000308D32A
:104FA000002914BF09200520704701207047022006
:104FB00070470320704737B508294FF000044FF0C1
:104FC0000005CDE900450A460AD80146684600F0CA
:104FD000A1FEDDE9000103B0BDE83040FFF7D2BF1C
:104FE000002003B030BD03460020884200D1704746
:104FF0001A5C002AFBD00130F7E700B1C1607047AE
:1050000043680360836801338360006AFFF7F5BF7C
:1050100008B50268C3689A4205D3006A0821FFF701
:10502000ECFF002008BD0120FCE738B504460D4622
:10503000FFF7EEFF40B123681B78B5EB531F04D098
:10504000206A0A21FFF7D9FF002038BD10B50446B9
:10505000FFF7DEFF38B123681A78FF2A05D0206AEF
:105060000A21FFF7CAFF002010BD01332360FBE7D0
:1050700010B5027D044632B1FFF7E8FF48B10023C6
:1050800023754FF0FF3220460721BDE81040FFF79F
:1050900009BF10BD2DE9F84F04460E4691461D4646
:1050A000FFF7B6FF804628B1A36843B90321206A01
:1050B000FFF7A3FF4FF000084046BDE8F88F2268D5
:1050C000177807F01F0BBBF11F0F12D12DB3206A09
:1050D00018B1037C0BB11521EAE701232B700025E1
:1050E0002368636001352B442360A368013BA36000
:1050F000E2E7BBF1170F14D9ABF11803D9B20329BA
:105100000BD801259D40A94509D3E36805F1010AA3
:105110005244934207D20821C9E70721C7E7052176
:10512000C5E70025F1E74A460021304600F01AFEA7
:1051300015B986F800B0D2E72268711E531913F82A
:10514000010901F8010F9A42F9D1236A002BC7D057
:105150001B7C002BC4D00737FFB2022FC0D94946B1
:105160003046FFF728FF8245BAD015219FE738B5B2
:105170000C4611460546FFF758FF08B9002038BD18
:1051800004220023A1182846FFF784FF0028F5D049
:105190002B682360F3E737B5002304468DF803300E
:1051A000FFF743FFA8B104220DF103030DEB020149
:1051B0002046FFF76FFF60B19DF8035065B9019974
:1051C0002046FFF74DFE50B963682360A3680133A2
:1051D000A360002003B030BD6FF00F01F0E725752C
:1051E000F8E738B504460D46FFF7C1FF48B122681D
:1051F000E3689B1A6A689A4204D908212046FFF79F
:10520000FFFE002038BD38B504460D46FFF7E9FF24
:1052100018B123686A681344236038BD70B50D4621
:10522000002104461646FFF700FF38B132462946F2
:1052300020460023BDE87040FFF72CBF70BD04225C
:10524000FFF7ECBFFFF7FBBF0222FFF7DCBF032233
:10525000FFF7D9BF10B505210446FFF79CFF50B1F9
:10526000237D4BB9A3686FF00042934205D305211B
:105270002046FFF7C5FE002010BD5B00A360FBE7E2
:10528000037D23B98068B0FA80F040097047036855
:10529000C268934205D21878A0F1FF0358425841E2
:1052A000704700207047FFF7E3BE70B50D46072139
:1052B0000446FFF7BAFE48B123681E7806F01F06C1
:1052C000182E05D9206A0A21FFF797FE002070BD2D
:1052D0000023012229462046FFF7DCFE0028F5D0F6
:1052E000182EF4D12B781F2BF1D815212046FFF76B
:1052F00087FEEBE737B50C460DF107010546FFF7D2
:10530000D4FF58B19DF80730143BDBB2012B8DF868
:10531000073006D90A212846FFF772FE002003B0A5
:1053200030BD03F001032370F9E738B50D460621BF
:105330000446FFF77AFE08B9002038BD0023042296
:1053400029462046FFF7A6FE0028F5D0A3680133C2
:10535000A360F2E7F0B58FB00446FFF759FE0028CE
:105360005DD023681D7800220023CDE902236D095A
:10537000234605AA04F1200718685968164603C693
:105380000833BB423246F7D118683060062D1CD076
:105390002A1F0023012A4FF008028DF804300DEB7C
:1053A000020198BF01AB05A8FFF774FE064600286E
:1053B00035D0042D3BD019D8023D012D21D9059BB4
:1053C0002360A368013BA3602AE001A905A8FFF7B9
:1053D000ACFF20B3059B089A934204D30821206AAE
:1053E000FFF70BFE1BE01D786D09CFE7052DE6D119
:1053F000DDE90232B3F1004F72F1000113D3294607
:10540000EDE7E3682168029A5B1A9A4203D8059B8C
:1054100013440593D3E708212046FFF7F1FD00264A
:1054200030460FB0F0BDDB185241CDE902329DF895
:10543000045025B16FF00F020023CDE90223029B37
:1054400007938DF8285005A8FFF71AFF014638B1D9
:10545000002DB4D005A8FFF7F9FD0028AFD1DEE795
:1054600005A8FFF777FF0028EDD1D8E7FFF764BD67
:1054700000B1C160704710B50368C468A34205D38A
:10548000006A0821FFF7F4FF002010BD02F01F02A0
:1054900042EA411119700368013303600120F4E707
:1054A00070B505460E46104619461446FFF783FDB3
:1054B0002246431E31462846BDE87040FCF7D6B868
:1054C000F8B51746C36802689A4204460D4606D3EB
:1054D000206A0821FFF7CCFF00263046F8BD9B1A52
:1054E0004A689A42F4D80E4656F8043B53B1042158
:1054F0003046FFF760FD6A6823681344E26803449E
:105500009A42E5D33246042339462046FFF7C8FFC6
:1055100006460028E0D020682968884202D06A68E0
:1055200000F006FC23686A6813442360D5E7082A64
:1055300073B513460C4606D9006A0521FFF798FF9C
:10554000002002B070BD8E1816F9012C002A0FDA67
:105550000A4669460C46B24204D101212246FFF7B1
:105560009FFFEEE712F8015BED4301F8015BF2E704
:105570000021F3E713460A460021FFF791BF07B564
:10558000042201910DEB0201FFF7D1FF03B05DF89A
:1055900004FB07B5042201910DEB0201FFF7EAFFBE
:1055A00003B05DF804FBFFF7F4BF0222FFF788BFEA
:1055B0000322FFF785BF07B5CDE900126946FFF763
:1055C000F7FF03B05DF804FB38B50C4605461146FD
:1055D0002046FFF708FD214602462846BDE8384030
:1055E000FFF7E9BF1F220421FFF745BF1F22052156
:1055F000FFF741BF1F220721FFF73DBFFFF7FABFAB
:1056000010B50A4609781839072905D9BDE81040B0
:1056100001230721FFF744BF006A1521FFF728FF88
:10562000002010BD07B514318DF807100DF10701EA
:10563000FFF7E6FF03B05DF804FB1FB50024CDE9DA
:105640000144069C0094FFF777FC04B010BD08B13C
:10565000F8F736B97047704740B1C368587810F012
:1056600001001EBF1878B0FA80F040097047EFF3D0
:105670001183202383F31288BFF36F8FFEE708B5F1
:10568000FFF7F5FF10B5D0E9003433B90020E26828
:10569000537843F00103537010BD2046984700280B
:1056A000F4D00028B8BF4042E368FF28A8BFFF201D
:1056B0001870ECE700F056BB00F02CBB704710B43C
:1056C00000F10C04C0E9034410BCFDF7D3BD2DE983
:1056D000F04F89B0DDE9126705463B46914606A8C2
:1056E0003246059100F0CAFADDE9063405F1140AE4
:1056F000CDE90234EFF311844FF0200888F31288CB
:10570000BFF36F8F05F10C0B05994A462846FDF74C
:105710003DFD30B184F31188BFF36F8F09B0BDE850
:10572000F08F3E43F6D0DDE9022306A800F0CAFA66
:10573000DDE906675A46CDE9006721465046FCF789
:1057400005FDEFF3118488F31288BFF36F8FDBE759
:1057500038B50446EFF31185202383F31288BFF395
:105760006F8FFDF7CAFC04F10C0000F016FA30B19F
:10577000294604F11400BDE83840FCF713BD85F359
:105780001188BFF36F8F38BD4169836843EA010216
:1057900012F003020FD1C2600269013A01FB023329
:1057A00082689A4201D900207047C2681A60426933
:1057B000C3609B1AF4E76FF015007047F8B5044614
:1057C0000D46EFF31186202383F31288BFF36F8F0A
:1057D000C7686FB900F0BEF950B18767456100F046
:1057E0005AF9314604F10800BDE8F840FCF7DABC8C
:1057F000E3682B60A369E560013BA36186F3118830
:10580000BFF36F8FF8BD08B52024EFF3118384F345
:105810001288BFF36F8FFDF7C4FFF6E72DE9F84359
:10582000994604469DF820300D46904600F1080642
:10583000EFF31187202282F31288BFF36F8F03B139
:105840004568304600F086F958B100238367C0F8F8
:10585000148000F020F930463946FCF7A3FC002004
:105860000CE0B9F1000F1CD00821FCF7B3FF38B9E8
:1058700087F31188BFF36F8F6FF00B00BDE8F883DB
:105880000122C0F804800260016801F0030165B9DB
:1058900022680A43026062682060002ADBD16060EF
:1058A000D9E7C8F800904046EEE72A68032A0BD8EB
:1058B0000160616811B9C4E90000CCE70A6802F030
:1058C000030202430A60EAE722F003020A4302608D
:1058D0002A6802F0030240EA02032B60BBE710B51E
:1058E000044630B10268930703D0446809B100F060
:1058F0000AFA204610BD0023C0E9003300F1080376
:10590000C0E90233704707B50123009300230A461C
:105910001946FFF783FF03B05DF804FB07B50023CA
:105920000A4600931946FFF779FF03B05DF804FBC0
:105930003AB18A4205D3C0E90212C0E90000002052
:1059400070476FF015007047026801238B4022EA10
:105950000303036022FA01F000F00100704720B158
:1059600000221146883000F04EB9704773B50446E6
:10597000EFF31185202383F31288BFF36F8F002389
:10598000A0F11006032104380193FFF7DDFF28B1D1
:10599000A369019301A93046FCF780F985F31188CA
:1059A000BFF36F8F02B070BD38B504460D461022AC
:1059B000002100F0D7F9656038BD13B501900846A5
:1059C000EFF31184202383F31288BFF36F8F01A9B3
:1059D000FCF764F984F31188BFF36F8F02B010BD38
:1059E00010B5FFF7EAFF041E08DDEFF31180202356
:1059F00083F31288BFF36F8FFCF704FC204610BDC1
:105A000008B5A022002100F0ADF908BDEFF3058034
:105A1000003818BF012070476FF057007047FCF73F
:105A2000D3BBD0E9003213605A600023C0E90033D1
:105A3000704708B5FFF7F5FF437B23F0020343737C
:105A40000023836008BD38B504460D46FCF78AFA8A
:105A5000637B43F002036373E5B1A5602B689D424D
:105A600009D16B68C4E900531C606C6012E06A687D
:105A70009A42F6D01B68002BF3D094F90E2093F9CC
:105A80000E108A42F3D09142F1DD5A68C4E9003227
:105A900014605C6038BD10B5EFF31184202383F3EC
:105AA0001288BFF36F8FFCF775FA84F31188BFF388
:105AB0006F8F10BD10B50446183000F0C6F8EFF334
:105AC0001181202383F31288BFF36F8F627B12F062
:105AD000100204D081F31188BFF36F8F10BD2046F0
:105AE000BDE81040FCF78ABA08B5EFF31181202217
:105AF00082F31288BFF36F8F83680BB1FFF799FFB2
:105B000081F31188BFF36F8F08BD38B50446EFF3FA
:105B10001185202383F31288BFF36F8F437B13F02B
:105B2000280F0BD183680BB1FFF783FF637B51B95B
:105B300003F0FB0363732046FCF72CFA85F311880E
:105B4000BFF36F8F38BD03F0EB03F3E70121183883
:105B5000FFF7DBBF38B5EFF31185202383F31288FD
:105B6000BFF36F8F0468A0420DD034B12046FFF719
:105B700060FF04F1180000F068F885F31188BFF3A6
:105B80006F8F204638BD0024F7E710B5FFF7ACFF54
:105B9000BDE81040183000F058B838B50468054624
:105BA000AC424FF0000000D138BD002CFCD02046A4
:105BB000FFF7EBFF2046FFF76EFF2C680120A542A0
:105BC000F1E7EFF31181202282F31288BFF36F8F88
:105BD000027BD2070CD581F31188BFF36F8F0023AE
:105BE00083F31188BFF36F8F0423184602DF7047D9
:105BF000437B1B0704D581F31188BFF36F8F704778
:105C00000122FCF7FBB938B5EFF31185202383F3AC
:105C10001288BFF36F8F0468A04212D09CB1A167B5
:105C200062612046FFF705FF04F1180000F00DF84F
:105C30002046FCF7AFF9012085F31188BFF36F8F81
:105C400038BD0020F8E72046F6E710B5EFF31184E1
:105C5000202282F31288BFF36F8F03683BB1FCF7F9
:105C600083FC002084F31188BFF36F8F10BD6FF0A9
:105C70001500F7E708B5FCF795FD08BDB3F1FF3F48
:105C800008BFB2F1FF3F70B504461D46164613D05B
:105C90001A4315D06FF00102921B4FF0FF3363EBF4
:105CA0000501002904DAFCF77DFD821941EB0501AD
:105CB000C4E90021204670BD4FF0FF321146F7E7DE
:105CC0000022FBE7B3F1FF3F08BFB2F1FF3FF8B599
:105CD000074616461C4610D054EA020311D0FCF7C2
:105CE00061FDB0420A46A14103460AD2F31A64EBB1
:105CF0000204C7E900343846F8BD4FF0FF331C46B4
:105D0000F7E70023FBE720B1011F50F8040CFFF771
:105D10001FBD70470A44914200F1FF3300D1704724
:105D200010B511F8014B03F8014F9142F9D110BDA4
:105D3000884210B501EB020402D98442234607D8F9
:105D4000431EA14208D011F8012B03F8012FF8E7F8
:105D5000024401468A4200D110BD13F8014D02F8F9
:105D6000014DF7E702440346934200D1704703F820
:105D7000011BF9E710B501390244904201D100201E
:105D800005E0037811F8014FA34201D0181B10BDA4
:105D90000130F2E7F0B5C3F137070446FFB203F074
:105DA0001F031046082BE6B233D0102B3ED06508F7
:105DB000A40844EA817445EAC1752D194FEA91029D
:105DC00042EB5102290941EA02716D1842EB1212AD
:105DD000290A41EA02616D1842EB1222290C41EABC
:105DE00002416D1842EB1242AD1842F10002EC087C
:105DF00044EA4274D10804EB8402A6EB4205EDB2FA
:105E0000092D0CD90134A5F10A0541F10001EDB2CB
:105E100012E0E40844EA417406F00705C908303589
:105E200054EA010200F8015BBCD1F0BD240944EA48
:105E3000017406F00F050909092D84BFED19EDB2B3
:105E4000EDE7D1E9043293421EBF5A1C0A61187073
:105E5000704700000148006870470000100A0020E9
:105E6000D464FF7F01000000B1D8000000000000F2
:105E70003DEA0000005F0100574E010000000000F5
:105E80005119010000000000751901000000000018
:105E90001DF40000285F01001DF40000145F0100E4
:105EA00081F800003C5F0100A5EC0000000000004C
:105EB000CD00010000000000B1D60000000000008D
:105EC000251B0100000000001D470100645F010068
:105ED000EDF10000505F01001D470100785F0100F7
:105EE0007DEE00008C5F0100D5D8000000000000AE
:105EF00031E7000000000000B1E7000000000000F2
:105F0000FD67010090620100A0620100B006002060
:105F1000E40C0020326801001063010040630100BE
:105F2000B6060020800D00204068010028630100B3
:105F300040630100B80600208C0D00205668010067
:105F400064630100AC630100BA060020380500203C
:105F50001868010000000000F4620100B40600208F
:105F60000000000064680100F0630100D8640100D3
:105F7000BC0600205C05002071680100646401001B
:105F8000D8640100BE060020C40500200C68010092
:105F9000BC620100D8620100B2060020400D002062
:105FA00041070100EB4A0100000000008D370100AD
:105FB0003C5F010005450100000000008D37010035
:105FC000E5150100EB4A0100000000008D370100DB
:105FD000C90D0100EB4A0100000000008D370100EF
:105FE000000000008D370100000000008D37010027
:105FF000000000008D370100000000008D37010017
:10600000000000008D370100000000008D37010006
:10601000000000008D370100000000008D370100F6
:10602000000000008D370100000000005D0101004C
:10603000000000008D370100000000008D370100D6
:10604000000000008D370100000000008D370100C6
:10605000000000008D370100000000008D370100B6
:10606000000000008D370100000000008D370100A6
:10607000000000008D370100000000008D37010096
:10608000000000008D370100000000008D37010086
:10609000000000008D370100000000008D37010076
:1060A000000000008D370100000000008D37010066
:1060B000000000008D370100000000008D37010056
:1060C000000000008D370100000000008D37010046
:1060D000000000008D370100000000008D37010036
:1060E000000000008D370100000000008D37010026
:1060F000000000008D370100000000008D37010016
:10610000000000008D370100000000008D37010005
:10611000000000008D370100F5150100EB4A010079
:10612000E5E20000A9E60000FFFFFFFFFFFFFFFF21
:10613000C86801000001000000000000000000002D
:106140000338FDD870470000285F01001D000100E2
:10615000285F01001E000100285F01001F000100F0
:1061600007000000000000000000000000C0000068
:10617000505F010001000000000000000040070027
:106180008C5F01000200000000C00000000200005F
:10619000505F01000300000000C000000040070045
:1061A000505F01000400000000C20000003E070034
:1061B000505F01000500000000C20000003E070023
:1061C000505F0100060000000040070000C0F8001A
:1061D0008C5F0100C00400200000000000000B06DE
:1061E00002000000E86101000000000027670100D4
:1061F00024000202000000202F67010020000B1184
:1062000031D700000000000005380100CDDF00009C
:1062100081E1000000000000E5E400000000000053
:10622000000000000000000000000000000000006E
:10623000000000000000000069E40000CDE600005E
:10624000CDE600000000000000000000000000009B
:10625000000000000000000000000000000000003E
:106260000000000000000000B5E600000062010030
:10627000786201008001000000290020F26701001F
:1062800000000000C5E9000095E9000000000000E2
:1062900015EB000009EA0000413E0100473E010005
:1062A00095EA0000BF3D0100213E01000000000012
:1062B0005B3D01000000000000000000785F01006D
:1062C00000127A0000010000285F010008000100B0
:1062D00000000000000000005D410100A34001003B
:1062E0008F3F010075EE0000533E010001000000E9
:1062F00000FF0000BD41010079F2000015F200002E
:10630000E5F10000D5F100000400000000FF0000EE
:10631000FF03000000030050000000000100000027
:106320000060004000000000FFFFFFFF0000005081
:1063300000000000000000000060004000000000BD
:10634000B1F40000CD420100DB420100F342010044
:10635000FF4201000B4301001DF300002543010033
:1063600000000000002000400100000000000000CC
:10637000886301000000D60100000000000000005A
:106380002F0E00202E0E00200020004094630100FC
:10639000010000009C6301000400000006000000F2
:1063A000050000020806000107060003AB430100D8
:1063B000CDF700009D43010087450100D143010056
:1063C000F94301002D4401003D4401006B440100EC
:1063D000774401003D4401005B4401008344010017
:1063E000914401009F440100D5440100D9440100BB
:1063F00000F00240010000000048E8010000000039
:106400000000000000000000FFFFFFFF0000FF0091
:106410000000000000000000FFFFFFFF020000017D
:106420000100000023460100FFFF00003C64010062
:10643000FFFFFFFF000000000000000000F002402E
:1064400048640100010000005064010003000000E6
:10645000170000041600000615000005285F010063
:1064600014000100004000400000000000127A000B
:10647000000000000000000000000000FFFFFFFF20
:106480000000FF000000000000000000FFFFFFFF11
:10649000000000010100000019460100FFFF00009C
:1064A000B0640100FFFFFFFF0000000000000000DB
:1064B00000400040BC64010001000000C464010011
:1064C00003000000280000040C0000050B0000067B
:1064D000285F0100080001005DFA0000F946010094
:1064E0000300000001000000685E0100685E01001A
:1064F000B05E0100B85E0100E85E0100005F0100CF
:1065000077C295F360D2EF7F3552500F2CB6798069
:106510004C454420524F4A4F206E6F20646973707F
:106520006F6E69626C650A004C45442056455244C2
:1065300045206E6F20646973706F6E69626C650AC6
:10654000004C454420415A554C206E6F20646973BD
:10655000706F6E69626C650A004446552045787418
:1065600065726E616C2054657374202D20466972CB
:106570006D77617265206361726761646F20636F1C
:106580007272656374616D656E7465212076312E5B
:10659000300A00496E696369616E646F20746573C7
:1065A000742073696D706C65206465204C4544737C
:1065B000205247422E2E2E0A004C45443A20524F7C
:1065C0004A4F0A004C45443A2056455244450A0079
:1065D0004C45443A20415A554C0A004661696C6565
:1065E0006420746F207265626F6F743A20737069F3
:1065F0006E6E696E6720656E646C6573736C792E60
:106600002E2E0A007F7F7F7F7F7F7F7F7F7F7F7F30
:106610007F7F7F7F7F7F7F7F7F7F7F7F7F7F7F7F8A
:106620007F7F7F7F7F7F7F7F7F7F7F7F7F7F7F3EBB
:106630007F7F7F3F3435363738393A3B3C3D7F7F6B
:106640007F407F7F7F000102030405060708090AD7
:106650000B0C0D0E0F101112131415161718197FAD
:106660007F7F7F7F7F1A1B1C1D1E1F20212223245A
:1066700025262728292A2B2C2D2E2F303132337F07
:106680007F7F7F7F4142434445464748494A4B4CC0
:106690004D4E4F505152535455565758595A6162A6
:1066A000636465666768696A6B6C6D6E6F70717242
:1066B000737475767778797A30313233343536378A
:1066C00038392B2F2A2A2A20426F6F74696E67206F
:1066D0006E524620436F6E6E6563742053444B20A8
:1066E00076322E392E302D373738376232363439FC
:1066F000383430202A2A2A0A002A2A2A2055736987
:106700006E67205A6570687972204F532076332E59
:10671000372E39392D316638663364633239313476
:1067200032202A2A2A0A00464C4153485F3000533F
:1067300052414D5F30007263006572720067726F84
:10674000757000736C6F740076657273696F6E009C
:106750003C3F3F3F3E006861736800626F6F746149
:10676000626C650070656E64696E6700636F6E666B
:1067700069726D6564006163746976650070657245
:106780006D616E656E7400696D616765730073702D
:106790006C697453746174757300636F6E666972AB
:1067A0006D000A02040C01171D2568752E256875F9
:1067B0002E256875002E2575006F666600696D616F
:1067C00067650064617461006C656E0073686100E8
:1067D00075706772616465000505010101010601BC
:1067E000010101030201010103030303010303018A
:1067F00006066D63756D677220736D7000636C6F54
:10680000636B4034303030303030300073323566B6
:106810006C3132386C403000666C6173682D636F88
:106820006E74726F6C6C657240343030316530302C
:1068300030006770696F40353030303033303000B1
:106840006770696F403530303030303030000001D3
:10685000020304050607756172744034303030322B
:106860003030300073706940343030326630303050
:1068700000737069403430303034303030000401FF
:1068800004030402040104010403010303040104DA
:1068900000202A2A2A2A2A2A2A2A2A2A2A2A2A2A8C
:1068A00000015465726D696E616C000000000000AB
:1068B00000545452205245474745530001020203F9
:1068C0000303036D61696E00737973776F726B7187
:1068D00000286E756C6C29002A666C6F61742A0042
:1068E000FFFFFFFFFFFFFFFF00000000D13B0100A3
:1068F0000000000000010000000000000000000097
:106900000000000000000000000000000000000087
:106910000000000000000000253301006461010058
:1069200000000000FB370100000000000000000034
:10693000000000000C62010006000100B5E200004A
:10694000000000003C62010006000000BD3B0100A9
:1069500000000000FDE70000000000000000000053
:1069600048050020000000000000000000000000BA
:106970000000000000000000300E00202000000099
:106980000000000000000000000000005C64010046
:10699000010000006C0500206C05002000000000D4
:1069A000010000007C0500207C05002000000000A4
:1069B00001000000000000000000000000000000D6
:1069C00000000000000000000000000000000000C7
:1069D0000000000000000000645F010000000000F3
:1069E00000000000580E0020500E002000000000A3
:1069F00000000000D064010001000000D405002068
:106A0000D40500200000000001000000E405002083
:106A1000E40500200000000001000000000000006C
:106A20000000000000000000000000000000000066
:106A30000000000000000000000000000000000056
:106A4000785F01000000000000000000680E0020D8
:106A5000600E0020000000000000000000000000A8
:106A60000000000000000000000000000000000026
:106A70000000000000000000000000000000000016
:106A80000000000000000000000000000000000006
:106A900000000000000000000000000000000000F6
:106AA00000000000000000000000000000000000E6
:106AB000000000000000000008000000FF000000CF
:106AC000000000000300000000000000FFFF0F00B6
:106AD000A8060020A806002000000000000000001A
:106AE0000000000000000000C0060020C0060020DA
:106AF000702F00200000000002000000880000004D
:106B0000000000000000000000000000E40600207B
:106B1000E40600200000000000000000F406002051
:106B2000F40600200400040004000000000000003F
:106B30006C620100002F002015E015E0076950018C
:106B400010002000E0258852E678CC13F95100A807
:106B5000431413844CCE9A82758EBD0FD7D7F13172
:106B6000147627BD01002000FC5701DC6135E132BD
:106B70003847BDC40F04D2E5BEE5833B23C29F93D3
:106B8000593D00018CFA9994200000011F6B6D4162
:106B90007A8EBC46192700D0D9C205E12DDB61D21F
:106BA0008D9FE4490FDDD8995B3A2A2158DDFAB56B
:106BB000593BA40ED8C287813D1A5FA96006FAAE80
:106BC000829CB8E8B86D9EF6A652DE99FFAAAA2A62
:106BD0004ECE9EEC93DF2E76062133DD26073C3326
:106BE000B6FA7B424050B1AEBB110832F291DBBC29
:106BF000A18DC30695E1BAA88867D63B4837EAF06D
:106C00008409CC4F1B95CF16FE4670AADF18C02012
:106C100072643208C5F62C7C52D6E777B3E22C6C4E
:106C20005D66C12554187C6509BE5E2A95EDFA2D76
:106C3000FBC508A29CF14C0E5EA9DC892E2E1AE43D
:106C400029DF8B5C352BE1835ADD417964E51D300A
:106C5000D0C4F2331DF4D113C624A2BCFAF9F8C48F
:106C6000529A0FD4A9D21AB736D0C49377353AA026
:106C7000EA0FCF6CBFB40AC8DA3E10CB43B998C351
:0C6C800016BA161F5684CCBF3742ECBF7A
:00000001FF
