:1000000000790020E11F00007B730000CD1F00007D
:10001000CD1F0000CD1F0000CD1F0000000000001C
:100020000000000000000000000000008D21000022
:10003000CD1F00000000000059210000CD1F00006E
:100040003923000039230000392300003923000040
:100050003923000039230000392300003923000030
:100060003923000039230000392300003923000020
:100070003923000039230000392300003923000010
:100080003923000039230000392300003923000000
:1000900039230000392300003923000039230000F0
:1000A00039230000392300003923000039230000E0
:1000B00039230000392300003923000039230000D0
:1000C00039230000392300003923000039230000C0
:1000D00039230000392300003923000039230000B0
:1000E00039230000392300003923000039230000A0
:1000F0003923000039230000392300003923000090
:1001000053B94AB9002908BF00281CBF4FF0FF317E
:100110004FF0FF3000F00CB8ADF1080C6DE904CEE3
:1001200000F008F8DDF804E0DDE9022304B07047D0
:10013000704700BF2DE9F04786468C460846089E6A
:10014000154674461946002B40F0C2808542B2FA2B
:1001500082F245D94AB1C2F1200300FA02FC2EFA1C
:1001600003F3954043EA0C0C94404FEA154EA8B2B5
:10017000BCFBFEF8230C0EFB18CC08FB00F943EA8D
:100180000C43994528D9EB1808F1FF3704D299455B
:1001900002D9A8F102072B44A3EB0903A4B2B3FBD5
:1001A000FEFC0EFB1C330CFB00F044EA0344A042AF
:1001B00014D92C190CF1FF3304D2A04202D9ACF1AE
:1001C00002032C44241A43EA07401EB1D440002302
:1001D00034607360BDE8F0874746DDE76346F1E7CA
:1001E00092BB431B01214FEA154EAFB2B3FBFEFC9D
:1001F000200C0EFB1C330CFB07F840EA0343984528
:1002000062D9EB180CF1FF3004D2984502D9ACF159
:1002100002002B44A3EB0803A4B2B3FBFEFC0EFBCD
:100220001C330CFB07F744EA0344A7424ED92C19B0
:100230000CF1FF3304D2A74202D9ACF102032C44E3
:10024000E41B43EA0040C0E7C2F1200320FA03F1B7
:10025000954090402EFA03F303434FEA154EAFB298
:10026000B1FBFEFC0EFB1C10190C0CFB07F841EA5D
:100270000041884504FA02F422D969180CF1FF30D4
:1002800004D2884502D9ACF102002944A1EB08014F
:100290009BB2B1FBFEFC0EFB1C110CFB07F743EA03
:1002A00001439F420ED9EB180CF1FF3104D29F425B
:1002B00002D9ACF102012B44DB1B41EA004192E779
:1002C0006046E3E76146F7E76046A3E76346B7E7C2
:1002D000834206D916B9002108467BE7C6E900E04B
:1002E000F9E7B3FA83F78FB9834201D3724508D88F
:1002F000BEEB020460EB030301209C461EB9002103
:1003000068E73846FAE7C6E9004CF8E7C7F1200C81
:10031000BB4022FA0CF41C432EFA0CF120FA0CF329
:10032000B84001434FEA14490EFA07F5B3FBF9F858
:100330001FFA84FE09FB18300B0C08FB0EFA43EA87
:1003400000439A4502FA07F240D9E31808F1FF305A
:1003500004D29A4502D9A8F102002344A3EB0A0370
:1003600089B2B3FBF9F809FB183308FB0EFE41EA2A
:1003700003418E452CD9611808F1FF3304D28E4514
:1003800002D9A8F10203214443EA0040A0FB0298ED
:10039000A1EB0E014145CE46434602D306D14D4561
:1003A00004D2B9EB020E68EB04030138002EA6D08C
:1003B000B5EB0E0261EB030101FA0CFC22FA07F324
:1003C0004CEA0303F940C6E9003198E74046C5E727
:1003D0004346D9E7F0B52F4B2F4AC3F800262F48E4
:1003E000C3F8042685B0C3F808264921C3F80C26B3
:1003F000C3F81026C3F81426C3F81826C3F81C2621
:1004000006F031FF00F058F800F09CF801A800F069
:100410004BFD234B1B68834204D02248452106F044
:1004200022FFFEE7039A2048492106F01CFF1F48DF
:10043000492106F018FF4FF44041002007F03BFD32
:10044000044620B11A48452106F00DFFFEE7694633
:100450009DF8080000F054F8009B039D1D44019B8B
:100460001E8903F0B5FCAF1901F042F801F016F84F
:1004700001F0E0FDAB5983F3088884F31488BFF3DF
:100480006F8FBFF36F8F7B6898470A48452106F04E
:10049000EAFEFEE7000001403546526EEA9D00008C
:1004A00008080020039E0000269E0000559E0000C4
:1004B0007A9E0000AD9E000010B50E4C204608F05C
:1004C000EDFF28B9BDE810400B48452106F0CBBE32
:1004D0002269A168136843F4804313600B68074ADC
:1004E0000E212046984720460022BDE810400E21EC
:1004F00006F043BB94970000D09E0000010002006C
:1005000008B5024638B105480023452106F0ABFE88
:100510006FF0150008BD0860FCE700BF079F0000F2
:1005200021B1012906D06FF015007047044B53F834
:1005300030007047024B03EBC0035868704700BFA0
:10054000A899000002484FF4C05104F0B5B900BFAB
:10055000F02D00202DE9F04FF9B0DDE9848ADFF8B5
:10056000F891869CD9F8006038A817461D4608F017
:10057000E9FC002138A804F0D5FAB8F1000F07D043
:10058000BAF1000F04DD5246414638A808F0E3FCFA
:100590003B897A89D7F80CB013449B444FF000088C
:1005A000C34564D80DA938A808F014FD38A808F090
:1005B000CDFC24B120220DA9204606F033FF0023F4
:1005C00000932A464FF6FF73394607A806F000FB52
:1005D000804600285BD128460C9C00F0FDF984423F
:1005E00055D8DFF878B1DFF878A14FF0FF340DF17E
:1005F000160305AA06A907A806F038FB002846DB63
:1006000040F0A280069907A806F07CFB50B9BDF81F
:100610001600544A4FF6FF7132F8023B8B4236D037
:100620009842F9D1BDF81670102F3AD0202F6DD016
:10063000012FDCD1BDF81430202B28D8069938AA18
:10064000284606F01EFE044608BB9DF814300293AF
:10065000202B09D8DAF80030434F0393039B9C42C8
:100660001DA836DB08F072FC4FF0FF34BFE7839B18
:10067000829AABEB080A9A4528BF9A4653464146F0
:10068000284606F0FEFD28B138A808F05FFCD9F82E
:1006900000605CE08299524638A808F05CFCD044C7
:1006A0007EE7BDF81470202FF1D106993B4638AA99
:1006B000284606F0E6FD0028E9D13A4638A90DA8FB
:1006C00006F02EFBDBF800308342E0D14FF001084A
:1006D0008DE708F037FC00211DA804F023FA7A68A2
:1006E00057F8081B12681DA808F035FC15A91DA8AD
:1006F00008F070FC029A38A915A806F083FE18B914
:100700001DA808F023FC72E70134A7E7631C3FF43F
:100710006EAFDAF80030A342A6DDBDF81430B3F5B1
:10072000807FB4D1069938AA284606F0AAFD002891
:10073000ADD1E4B2BDF81430009438AA39460DA802
:1007400000F014F806468FE7B8F1000F9FD030464E
:1007500079B0BDE8F08F00BFC40400200808002075
:10076000B0990000BC9D0000B49900002DE9F04F45
:10077000DFF8E4A1ADF5417D07462AA89DF828B32E
:10078000DAF800501E468946904608F094FB09228C
:1007900001212AA804F042F9704B53F83B4005941C
:1007A00003EBCB0380AA5B681B681C442146302303
:1007B00005A807F06AFC002840F0C580059B809AD8
:1007C00013449C4240F0BF802CAA214605A807F0A4
:1007D00070FC002840F0B7800DF1B80B5A46214656
:1007E00005A807F066FC0390002840F0AC802CA818
:1007F00008F00DF8059A2B90944240F0A480039BDA
:10080000CDF804B000931A462CA92AA808F010FBD2
:10081000002840F098802AA804F016F9002840F03B
:1008200092802CA807F0F3FF2B902AA808F04DFB2C
:10083000864240F08880B6F5807FDAF8005040F0BC
:100840008280B9F1200F7ED180AA41462AA804F007
:1008500021F90446002876D19DF8FF32BC2B72D1D5
:1008600006900DF59079DF260FA808F06BFB0021AC
:100870000FA804F057F920220DF2DF210FA808F08D
:100880006AFB042206A90FA808F065FB07A90FA8B8
:1008900008F0A0FB202E9DF81B30B046A8BF4FF0FB
:1008A000200801334846424607A9A6EB08068DF802
:1008B0001B3006F0B7FD002EC144D5DC0FA808F0B0
:1008C00045FB48AB80AA184600219C46067812F8E2
:1008D00001EB013186EA0E06DF2900F8016BF5D144
:1008E0001A7802F07F021A7013F8016B5EBB0134B4
:1008F000BE2CF9D19CF8BE30012B24D10FA808F0F2
:1009000021FB31460FA804F00DF9154908220FA864
:1009100008F021FB394620220FA808F01CFB2022FA
:100920000DF2DF110FA808F016FB07A90FA808F0B9
:1009300051FB0FA808F00AFB20220DF2DF2107A8C7
:1009400006F0EEF905462AA808F0C1FA28460DF58A
:10095000417DBDE8F08F00BFC4040020B4990000C1
:100960002D9F0000094A0B78400052F820108B425E
:1009700009D0013052F82000834214BF4FF0FF30FD
:100980004FF4C06070474FF4C0607047BC990000DE
:100990001FB50F4B13F830000C4601F04BF950B95E
:1009A0002068816810236A46103906F06AFC28B175
:1009B000206806F065FC4FF0FF3006E00549102284
:1009C000684606F01FFD0028F2D104B010BD00BF3C
:1009D000BC990000DA9D000013B5044606F0A7F9A3
:1009E0006A460146204606F0DAF830B1044845214F
:1009F00006F039FC002002B010BD0098FBE700BFF4
:100A0000359F00002DE9F041384F88B006460020A0
:100A10000D463C68FFF784FD06A9C0B201F00AF953
:100A2000E0B92946FFF77CFD2C2407A9C0B204FBDE
:100A3000056401F0FFF8A8B12C2068433218069B2A
:100A4000116911F0100F1DD01DB10699304606F046
:100A500059FA274B1C68069806F012FC204608B08D
:100A6000BDE8F081079806F055FC8046079806F02F
:100A700007FC631EE21C13F8011F4145DCD19342C1
:100A8000F9D1E1E736581B4886422AD1D668108949
:100A9000801926D25289121823D29868824220D215
:100AA00040F60C6211401CD14FF480720192124A40
:100AB0000092CDE90311224602910846FFF74AFD54
:100AC00004460E4B1B68A342C5D065B106980021B1
:100AD000826806F000FC0A4A0A48452106F0C3FB7A
:100AE000B7E73C68EDE7084AF6E700BFC40400201A
:100AF000C00400203DB8F396F0450020080800200F
:100B0000789F0000829F0000709F00007FB50D4617
:100B1000044600212846CDE9021106F0B2F928B3B7
:100B20002368194EB34203D103AA204606F03DF9CB
:100B3000E36AB34204D102AA0121204606F035F946
:100B4000DDE90232934288BF0393039BAB60039AB3
:100B50002946204600F0AAFB0C4B1A68002A03DD48
:100B60000B48572106F07FFB04B070BD01A9FFF7C9
:100B70000FFF019805F1080106F0E4F8AB68019851
:100B8000039306F07DFBE2E73DB8F3966C2C002062
:100B9000AA9F00002DE9F84FDFF870B01C4C1D4DE6
:100BA000884691469A4600260B9B9E4201D3002020
:100BB0000FE00B9B154A9F1BB7F5806F28BF4FF4C2
:100BC00080673B4606EB0A01404606F05AFB10B12F
:100BD0000120BDE8F88F0A993B465A4671184846ED
:100BE00006F064FB0028F3D1C4F800563E44C4F874
:100BF0000456C4F80856C4F80C56C4F81056C4F885
:100C00001456C4F81856C4F81C56CDE70C0800203A
:100C1000000001403546526EF0B59A4B43620E46D5
:100C200003F580530021036589B004460846FFF7A9
:100C300077FC04F120010546C0B200F0FBFF03463B
:100C4000E8B90121FFF76CFC04F14C010546C0B284
:100C500000F0F0FF0346E0B9204606F0E7F805464D
:100C6000C8B900221146204606F089F8054668B347
:100C700085480022572106F0F6FA01239DE0002264
:100C8000CDE90023814800232A46452106F0EBFAEE
:100C9000FEE70122F4E77E484FF40072572106F088
:100CA000E2FA01239D4284F85830DAD194F85830A2
:100CB0008DF81730042B00F28380012B00F287801F
:100CC00000F09A80FF2384F8583095E0204600F029
:100CD000FFF90028D1D004A806F0CAF80146204642
:100CE00006F065F918B16B482A465721C3E704A8F6
:100CF00006F0C7F880F0010104AAC9B2204606F048
:100D00003EF802460028B3D104A806F0BAF805461A
:100D100060BB04A92046FFF7F9FE9DF8173084F860
:100D20005830033B012B06D8284600F0E3F810B1F9
:100D3000FF2384F858309DF81730023B022B0BD864
:100D4000002000F0C1F838B1FF2384F85830524831
:100D5000452106F088FAFEE794F85830FF2BF6D0CC
:100D600004AA0021204606F00AF886E79DF81770CD
:100D7000012F17D1104603F0D7F8831E022B05462A
:100D80000DD839462046FFF73DFE444B1B6898427C
:100D900005D0434B1D68A84214BF0525012584F8E2
:100DA000585083E701212046FFF72CFE3B4B1B6880
:100DB00098420CBF9DF81730052384F8583075E72A
:100DC000052B7FF47FAF002000F094F811E004A918
:100DD0002046FFF79BFE94F85830DA1E012A14D8FB
:100DE000002000F087F800287FF46CAF002000F0AE
:100DF0006BF800287FF466AF94F85830FF2B07D1CA
:100E00002548452106F02FFAFEE7022BF4D1EDE745
:100E10000022012B234D039214D01146204605F0E9
:100E2000AEFF78B12D68102200210DEB020006F014
:100E300004FBE06C06F024FA206A06F021FA28464A
:100E400009B0F0BD00212046FFF7DCFD134F3B68E1
:100E50009842E7D12B689842E4D0114B1B68984226
:100E6000E0D0039B01330393039B012B00D0FEE7EB
:100E7000206A05F092FE3071236A5B6834603D6839
:100E8000B360D0E70C0C002068A00000D99F0000E0
:100E900026A0000094A00000BEA0000008080020CA
:100EA000C0040020C404002038B5064D044660226A
:100EB0000021284606F0C1FA21462846FFF7ACFE7D
:100EC00038BD00BF0C2C002013B5094B01A913F845
:100ED000300000F0AFFE48B9019807F09AF80446D8
:100EE000019806F0CDF9204602B010BD0124FAE7C2
:100EF000C49900001FB50F4B01A913F8300000F092
:100F000099FEA8B9019802A902F0B8FF044668B991
:100F10009DF80B30032B03D1019807F048F80446E5
:100F2000019806F0ADF9204604B010BD0124F7E7A2
:100F30000124F8E7C49900002DE9F34106460C4668
:100F400017461D460BB9002628E0184605F099FF04
:100F50000028F8D16946FFF71BFD009838B9012435
:100F6000009806F08DF9204602B0BDE8F08101A995
:100F700005F0E8FE0028F2D1009806F081F930462D
:100F8000019906F062F8736A5E686B79012B21D1D2
:100F9000002CD8D12B68834298BF00262146002020
:100FA000FFF7BEFA6946C0B200F044FE0028D6D171
:100FB000009820233A46314606F063F9044600289B
:100FC000CDD1002DCCD03C680D4BE41A18BF4FF0AA
:100FD000FF34C5E7022BB6D12B68012B05D983421C
:100FE000B1D8B4FA84F46409ADE7ACD1002CD5D003
:100FF000012CA8D12C79023C18BF0124A3E700BF23
:101000003DB8F3962DE9F04F074685B00C460146F2
:1010100000201646FFF7A6FC051E52DB3846E46D9D
:1010200005F085FE5FFA84F96B1E09FB03084FF09B
:10103000000A4FF0010B4FF0FF34A5B9BAF1010FD0
:1010400003DD2248452106F00EF9631C07D0B4F5F4
:10105000007F2ADA013440F201133460B38028465D
:1010600005B0BDE8F08F6B1E00930DF10F02012358
:101070004146384606F005F9031E019323DB0122A1
:101080000DF10F01384606F02DFF019B40B15B4585
:1010900001D00AF1010A009DA8EB09089B46CCE7A4
:1010A000B4F1FF3F08BF2C46F5E70223A4F5007416
:1010B0007371631004F0010401330134336034713F
:1010C000CDE70725CBE70125C9E700BFCAA000008F
:1010D00070B5866A456D044605F0A6FFAE420AD09B
:1010E0006B1CB34207D0834205D01448572106F049
:1010F000BAF8002070BDB6F5007F1CD91048572102
:10110000F5E7626A216D02EBC30201EBC30152688D
:101110004968914202D00B485721E8E701339D42CC
:10112000EFD1AE4205D9636A03EBC5035B68934216
:10113000F1D10120DEE700231A46F0E7EDA0000020
:1011400025A1000054A1000000B589B004A9032026
:1011500006F03AFF9DF81020012A41D0254B264980
:10116000032A08BF0B469DF8132002929DF8122017
:1011700001929DF81120214800924921204A06F051
:1011800072F806A9012006F01FFF9DF81820012A19
:1011900028D0184B1849032A08BF0B469DF81B207E
:1011A00002929DF81A2001929DF81920009213488E
:1011B000144A492106F057F89DF81030012B13D13D
:1011C0009DF81230032B0FD19DF81830012B0BD056
:1011D0000D48492106F047F8022009B05DF804FBEC
:1011E0000A4BC0E7094BD9E70948492106F03BF80B
:1011F0000020F2E780A1000089A100009DA100006D
:101200008FA10000DEA10000EEA1000084A100007B
:101210000DA2000070B54B6814461E4A03F0FF2370
:10122000934286B006460D462FD10B68012B2CD178
:1012300004A9204602F022FE9DF81020012A26D0A3
:10124000154B1649032A08BF0B469DF8132002923E
:101250009DF8122001929DF8112000921048114A29
:10126000492106F000F89DF81030032B0DD12146DE
:10127000304605F047FE204606F099FEA968204654
:1012800005F06EFD204602F0D9FD06B070BD064B9C
:10129000DBE700BF0001000480A1000089A100007D
:1012A0009DA10000DEA1000084A100002DE9F04F07
:1012B000164689B005460C467448492105F0D3FF0F
:1012C0003146284605F0C1FE6B6A824620465E68BC
:1012D00005F0D7FDE8B1E86D05F024FDAF6A002305
:1012E000013F3344834201D2013FFAE7BA4510D3AC
:1012F0006748572105F0B7FF07FB06F365480AFB6F
:101300000662572105F0AFFF0123E37109B0BDE884
:10131000F08F06A9032000F08DFC07A9012000F042
:1013200089FC079A21462846FFF774FF6379012B51
:101330004BD1DFF864B1574641E02268C2F10103A6
:1013400053449F423AD86B6A196853F8370003EB4D
:10135000C703012A53F8083CA3EB0103A0EB0109E2
:10136000049311D1079B0393E368022B08D04146F5
:10137000284605F0C7FD22464146284605F0F8FDFF
:101380000399284605F0BEFD32464946404605F021
:10139000B7FD049B42464146CDE900962846FFF73B
:1013A000F9FB2146284605F079FD236801332360C7
:1013B00020B1DBF800300133CBF80030013FDDF81D
:1013C0001880002FB9D10123236002236371012704
:1013D000BA45DDF8189006D2484605F051FF079847
:1013E00005F04EFF92E723689F424DD36A6ADDF80D
:1013F0001CB052F837100491FB00083B11680391B0
:10140000D1582A6DD0581368A0EB03082379012B1B
:1014100038D1039B3246C91A4846059105F070FD44
:101420000599009143464A46594601962846FFF7DA
:10143000B1FB2146284605F031FD0223237118B186
:10144000154A13680133136032464146584605F089
:1014500057FDDDE9032349469B1ACDE900865A462C
:101460002846FFF797FB2146284605F017FD23681D
:10147000013323600123237130B1074A136801331C
:10148000136001E0022BDFD00137A1E724A20000A6
:101490004DA200007CA200006C2C0020BFF36F8FD7
:1014A00072B6124B4FF0FF32C3F88020C3F884208D
:1014B000C3F88820C3F88C20C3F89020C3F8942088
:1014C000C3F89820C3F89C20C3F88021C3F8842176
:1014D000C3F88821C3F88C21C3F89021C3F8942164
:1014E000C3F89821C3F89C21704700BF00E100E0D9
:1014F000F8B5254B254D4FF0FF3401275F60C3F849
:101500004843C3F8084303F5C04300265F60C3F8AF
:101510004843C3F8084303F5983302205F60C3F8DB
:101520004843C3F80843C5F8084300F04DFE6F6018
:10153000C5F84C61D5F84C31C5F81061D5F81031BB
:10154000C5F84461D5F84431C5F8006505F518358E
:101550002820C5F8084300F037FE6F60C5F84C61DD
:10156000D5F84C31C5F81061D5F81031C5F8446193
:10157000D5F84431064BC5F80065C3F808454FF06F
:101580008043C3F80843F8BD00B00040002000408D
:1015900000F00140014B1B68184700BFC804002041
:1015A000014B1860704700BFC804002007B50B4608
:1015B000002102460091034800F006F803B05DF8F0
:1015C00004FB00BF951500002DE9F04F8DB01D46BE
:1015D000531E8246019103934FF00009039B5878F4
:1015E000252803F1010419D11E4600204FF0FF38D1
:1015F000023603460290444631780396392954D87E
:101600001F2914D8002900F0EE8101992520D04728
:1016100001993078D04709F10209DFE7002800F08E
:10162000E2810199D04709F101090394D6E7A1F1BC
:101630002002192AE9D801A757F822F0A5160000C0
:101640000B1600000B160000A51600000B1600007C
:10165000251700000B1600000B1600000B160000EB
:101660000B16000071170000A51600000B160000F5
:1016700085170000311700000B1600003F1700000F
:101680005F1700005F1700005F1700005F17000082
:101690005F1700005F1700005F1700005F17000072
:1016A0005F17000008460136A6E7582900F0EB80D6
:1016B000A1F16302D7B2172FA7D8172AA5D801A77F
:1016C00057F822F02D190000AB1700000B16000090
:1016D0000B1600000B1600008B170000AB17000064
:1016E0000B1600000B1600008B1700000B160000F5
:1016F0000B1600000B160000611800000B1600000E
:101700000B160000011900000B160000AB170000BB
:101710000B1600000B160000611800000B160000ED
:101720008B17000001992520D04709F1010955E7E1
:10173000029A02F0FE0202924FF00008B3E7002C7A
:101740000DDAB8F1000F0DDA029A002A00F0438199
:1017500024EAE4740A2202FB0414303CA3E7B8F143
:10176000000FF5DB0A2202FB0812A2F130089AE70B
:10177000B8F1000F55F8042B80F22F81002A80F277
:101780002E815442022202928DE7682903D1682BF0
:1017900006D1482387E76C2902D16C2B00F0218108
:1017A000002B7FF432AF0B467DE77A2B06D17529EB
:1017B00055F8046B14D14FF0000B0CE06C2BF6D0F5
:1017C0004C2BF4D1073525F007037529D3E9006BBD
:1017D00003F1080506D120283BD1854F013C09E0E3
:1017E0004FEAE67BBBF1000FF5DA7642814F6BEBF7
:1017F0004B0B013C0DF12D03059300230493304660
:1018000059460A220023FEF77BFC059B303203F881
:10181000012DB4460593049B5A46BCF10A0F8B4632
:1018200072F1000203F1FF3106460491E7D2C3F1E1
:10183000010B30330DEB0306B8F1000FA6F10406DF
:101840006DDA029BD9077DD4A8EB0B03A4EB0B0444
:1018500013E02B280ABF684F684F04F1FF34C9E733
:1018600070290FD155F8042B0023FAB9634F644E49
:10187000053C6FF004034FF0050B029A920770D4F9
:10188000A04666E078216C2B03D155F8042B002389
:1018900008E04C2BF9D1073525F007031D465B689E
:1018A00055F8082B232825D1880621D5554F023C11
:1018B00001F06001A1F1390B0DF12D0E002602F0AF
:1018C0000F01092988BF594430310EF8011D102A33
:1018D0004FEA121141EA03714FEA131C73F100033E
:1018E00006F1FF3008D2C6F1010B06F13003A1E783
:1018F000454FDCE7414FDBE706460A466346DEE735
:1019000055F8046B304605F076FDB8F1000F8346BC
:1019100002DB4045A8BFC346384F4FF00008A8EB94
:101920000B03002B92DDA4EB0804A6E755F8043B5B
:101930008DF81830314F013C4FF0FF334FF0010B61
:1019400006AE9AE7A046EAE7029301992020D04725
:10195000029BB8F10108F7D524EAE472013C9144F6
:10196000A41AB84606E0049302920199D047029A5D
:10197000049B9046424612F8010B0028F3D11A4608
:10198000013A15D5002BACBFC7EB03077F425B467E
:10199000013B15D5BBF1000FA8BF5F444F4426465D
:1019A000013E14D5002CA8BF3F1907EB080915E626
:1019B0000493029201993020D047049B029ADFE7FA
:1019C0000293019916F8010BD047029BE0E70199B9
:1019D0002020D047E4E70122D5E6904663E614468E
:1019E00061E64C235FE648460DB0BDE8F08F00BFCE
:1019F000BDA30000BBA30000BFA30000069F000022
:101A0000C7A30000C1A30000C4A300002DE9F04754
:101A1000058B04462807904611D4022905F00705D6
:101A200040F0CC80204605F046FB78B10138218B90
:101A3000042811D8DFE800F0C2106D859500012957
:101A40000CBF45F0100545F02005258388F311886B
:101A5000BFF36F8FBDE8F08701F0070AAA4500F0D9
:101A6000A5800027B9463E46A368002B00F0BC8045
:101A700041F00801218388F31188BFF36F8FA168BB
:101A8000002900F0BA800D68002900F0B680D1F876
:101A90000480334652462046C047002D76D02B683E
:101AA00029461D46F0E701F007035A1F012A1BD8FB
:101AB000002221F00701062B276889B2C4E9002221
:101AC00009D13B4603E0628B013262831B68002B25
:101AD000F9D141F002012183204605F0ECFA0028FB
:101AE0007AD041F0200176E0042B0AD121F00701E1
:101AF00089B22183204605F0DEFA10B141F02001C1
:101B00002183218B01F0070AAA454FD00027B9464F
:101B1000AAE7236921F0070141F00601062DD3F859
:101B2000009021832DD1B9F1000F3FD041F0080181
:101B3000218388F31188BFF36F8F3A492046C84745
:101B400029E021F00701236941F0040189B2042D45
:101B5000D3F804902183E6D000273E464FF0040AD4
:101B600082E721F00701236941F0050189B2052DC3
:101B7000D3F808902183D6D000273E464FF0050ABF
:101B800072E700273E464FF0060A6DE72B4687E7CF
:101B9000B9F1000FD1D1EFF31188202383F312881C
:101BA000BFF36F8F238B23F008032383258BEA0673
:101BB0002ED525F01003238305F007056669218BD8
:101BC000002EBFF670AF00232768C4E9003321F070
:101BD000070141F001012183218B01F0070AAA4589
:101BE0004FF000097FF440AF002F9CD041F0080176
:101BF000218388F31188BFF36F8F002FC8D03D6811
:101C0000394633465246204605F081FA2F46F4E71E
:101C1000AB067FF51BAF25F02003238305F00705F6
:101C200000E700BF3B710000014B036000207047DC
:101C3000D099000070B5114B1C680D46DCB1104BFB
:101C4000196800238B4202DB6FF0010070BD224651
:101C500012F8106B864202D001331446F2E7E068B6
:101C600010B96FF01200F1E707F018FC0028F8D067
:101C70002C600020EAE76FF00C00E7E7CC040020BE
:101C8000D099000070B588B005460C46C0B26946D0
:101C90001646FFF7CFFF00281BDB0098C8B143684A
:101CA0000293836822680195CDE903360023CDE9CC
:101CB00006230593C56805F0E3FA6DB12846084987
:101CC00001AA05F044FE079808B9059B236008B0F7
:101CD00070BD6FF01500FAE76FF01200F7E700BF74
:101CE0002373000008B5054805F0CEF9044805F057
:101CF000CBF9BDE80840034805F0C6B9CDA3000004
:101D0000FEA3000031A4000030BFFFF7FDBF00BFFD
:101D1000074A936893F90E10002907DB5269934232
:101D20001FBF044A536843F080535360704700BF9D
:101D3000C02D002000ED00E070B5264B15469A6AD4
:101D400012F0100F9A6A14BF1124102412F0080F19
:101D50009A6A18BF1224920706460AD5586B9A6AE7
:101D6000140634D519B19A6A22F080029A621324BB
:101D700001E06FF01500174B9A6A12F0010F9A6A92
:101D800018BF142412F0200F9A6A18BF1524D20627
:101D900002D49B6A9B070AD50E4B5B68190506D5D2
:101DA000314600F083FA10B180F309880224094B10
:101DB0009A6A920642BF5A6A22F400525A629A6A9A
:101DC00042F0FF029A6200232B70204670BD6FF034
:101DD0001500CCE700ED00E0134B9A6A12F0007F8B
:101DE0009A6A14BF1E201D2012F0807F9A6A18BFC5
:101DF0001F2012F4002F9A6A18BF212012F4802F9E
:101E00009A6A18BF222012F4003F9A6A18BF232052
:101E100012F4803F9A6A6FEA02426FEA12429A62B3
:101E200018BF2420704700BF00ED00E010B5194B2B
:101E30000246986A9C6A10F4805F14BF172016202F
:101E400014F4006F9C6A18BF1820A40509D5986B7C
:101E5000986A000404D51AB19A6A22F400429A6280
:101E600019200C4B9A6A12F4806F9A6A18BF1A20D4
:101E7000D2050CD49B6A13F4005F18BF1C20054ADE
:101E8000936A43F47F43936200230B7010BD1B20C1
:101E9000F5E700BF00ED00E070B5454B5B688AB028
:101EA0000546C3F30803002686F31188BFF36F8F3E
:101EB00002F07F40B0F17F4F11D102F00C000828F2
:101EC0000DD010074CBF0D4601260022033B8DF8B4
:101ED0000720032B05D8DFE803F01E5D615A354665
:101EE000F3E700249DF807309BB92022294602A879
:101EF00005F098FA099B002E54D0C3F3080222B9CA
:101F00006FEA53236FEA4323099302A9204605F0A1
:101F10002AFA0AB070BD264BDA6A9107E1D4DA6A70
:101F2000002ADEDBDA6A5200DBD55A69A96942F47D
:101F300080725A61BFF34F8FBFF36F8F5A6931F8C8
:101F4000021C22F480725A61BFF34F8FBFF36F8F70
:101F50004DF6027291420AD09A6AD2B24AB10DF19C
:101F6000070201212846FFF7E7FE0446BAE72C687E
:101F7000B8E79A6A12F47F4F05D00DF107010120EE
:101F8000FFF754FFF1E79B6AB3F5803FA9D3FFF752
:101F900023FFEAE70DF107020021E3E70DF1070156
:101FA0000020EDE723F4FF7323F00103ACE700BF4B
:101FB00000ED00E0044B5A6942F010025A615A6980
:101FC00022F008025A61704700ED00E0EFF308804C
:101FD000EFF3098101B57246FFF75EFF01BD00BF57
:101FE000002080F31488BFF36F8F02F09FFE002063
:101FF0000D490860BFF34F8F0C4880F3088800F04C
:102000002BF8202080F3118809484FF40461401810
:1020100080F30988EFF314800221084380F31488C9
:10202000BFF36F8F00F00AF994ED00E00079002013
:10203000404700200749D1F890200023C2F307222F
:102040001846934200DB7047C1F89830C1F8A000F1
:102050000133F6E700ED00E008B572B6002383F324
:102060001388FFF7E7FF144B4FF0FF32C3F88020CF
:10207000C3F88420C3F88820C3F88C20C3F89020CC
:10208000C3F89420C3F89820C3F89C20C3F880219B
:10209000C3F88421C3F88821C3F88C21C3F89021A8
:1020A000C3F89421C3F89821C3F89C2162B6BFF30A
:1020B0004F8FBFF36F8F08BD00E100E0084B9B68B6
:1020C00083420BD1EFF3058343B1064B5A6842F0CC
:1020D00080525A605A6A22F400425A6207F0D3BA18
:1020E000C02D002000ED00E0094A93686FF00A015E
:1020F0009967084958674B6843F080534B60002349
:1021000083F31188BFF36F8F9368986F704700BF98
:10211000C02D002000ED00E010B50446EFF3118360
:10212000202383F31288BFF36F8F094B586998609F
:10213000084B4FF000625A600022436F426783F3FE
:102140001188BFF36F8F00F015F9204610BD00BF56
:10215000C02D002000ED00E00B498A684FF03000F0
:102160001044EFF3098C80E8F01F74467046FFF7C7
:10217000D3FFA64604498A6802F1300090E8F01FB8
:102180008CF3098870470000C02D00201EF0040F5A
:102190000CBFEFF30880EFF30980816911F8021C8E
:1021A0000229FFD001B505F0E4F801BD40B20028D6
:1021B00007DB044A4109012300F01F00834042F875
:1021C0002130704700E100E040B200280CDB4309F9
:1021D000064900F01F0020330122824041F82320ED
:1021E000BFF34F8FBFF36F8F704700BF00E100E078
:1021F000054B420900F01F0053F82220012303FA87
:1022000000F01040704700BF00E100E040B200283D
:10221000A8BF00F1604001F10101B8BF064B4FEAD1
:102220004111ACBF00F5614000F00F00C9B2B4BF6E
:10223000195480F80013704714ED00E00B4A08B5FC
:102240000B4B22F07F029A60BFF34F8FBFF36F8F6B
:10225000D3F8882022F47002C3F8882003F0F2FE3D
:1022600004F030FB00F05CF803F030FF00000000E9
:1022700000ED00E042F8203C009B42F81C3C0A497B
:10228000019B42F8183C029B42F8143C21F00101EA
:102290004FF0807342F8043C42F8081C0023203AB7
:1022A00002654367704700BFA3700000094A0346F8
:1022B000906870B113F1160F406E05D0A0F1400286
:1022C0009A4205D8834203D2814228BF002070473A
:1022D00000207047C02D002008B50B4B0E46154658
:1022E000986000F047F82C4686F309884FF000000C
:1022F000064B984720464FF000014FF000024FF088
:102300000003034C204700BFC02D00209173000044
:10231000A3700000014B10221A61704700ED00E02D
:10232000044800232021C2180133302B82F8001307
:10233000F9D1704700E100E008B5EFF30583064AE4
:10234000103B02EBC30152F8330049688847BDE8EF
:102350000840FFF7DDBC00BF0C980000024B034AA9
:102360000348012100F076B80000022000000020A0
:10237000449A0000426E054B403A1A60044A4021DC
:10238000C3E901121846012100F06EB8702C00203C
:1023900000000B15084AC2F898000B6823F01F03D1
:1023A000034343F01003C2F89C308B6843F00103F1
:1023B000C2F8A030704700BF00ED00E02DE9F04307
:1023C000DFF8608085B00E461F4604464FF00009D6
:1023D000B14523DA6068D8B13FB1411E08421BD134
:1023E0001F2819D92368194216D12368019304F0D4
:1023F000F2FFA36803430393D8F89050C5F3072571
:10240000D0B2013DA84207D801A9FFF7C3FF421C83
:1024100009F101090C34DBE76FF01502104605B035
:10242000BDE8F08300ED00E0044B0522C3F89420E2
:10243000BFF34F8FBFF36F8F704700BF00ED00E019
:10244000BFF35F8F024B0022C3F89420704700BF98
:1024500000ED00E010B5034C01232278FFF7AEFF3A
:10246000207010BDF046002008B50B4A00231278FA
:10247000FFF7A4FF10F1160F07D0084A0021D2F889
:102480009030C3F30723984200DB08BDC2F89800E0
:10249000C2F8A0100130F2E7F046002000ED00E0A5
:1024A0002DE9F043534B544CD3F890302568C3F3D7
:1024B00007239D4285B000F29A80FFF7C1FF0020FC
:1024C0000C2685421AD14D4C4D4F25706846FFF7BA
:1024D000ABFBDFF82081DFF82C9106460025AE42E9
:1024E00013D1237843490020D1F89020C2F307226A
:1024F000934276DBFFF798FF002042E0616806FB1D
:102500000011FFF747FF0130DBE7009800EB0511F2
:102510004FEA051CCB683B40B3F5000F48D00AD802
:10252000B3F5001F30D0B3F5800F36D0B3F5801F60
:1025300010D00135D3E7B3F1807F42D0B3F1007FF3
:10254000F7D150F80C3088684A6804F044FF40F432
:10255000802009E050F80C3088684A6804F03BFF9E
:1025600040F0885040F43020CDE901230390D8F8A2
:1025700090302078C3F30723013B98422AD96FF0AB
:10258000150005B0BDE8F08350F80C3088684A6843
:1025900004F021FF40EA0900E6E750F80C308868B3
:1025A0004A6804F018FF40F0007040F40030DBE7A8
:1025B00050F80C3088684A6804F00DFF40F08270D3
:1025C000D2E750F80C3088684A6804F004FF40F005
:1025D0008870C9E701A9FFF7DDFE23780133237076
:1025E000A7E7C1F89830C1F8A00001337CE74FF0AD
:1025F000FF30C6E700ED00E0509A0000F0460020F2
:102600000000F0FF00000811014B1860704700BF88
:10261000D0040020044A0123C2F840354FF0804224
:102620000020C2F87835704700E0014020B1034B2C
:10263000800143F001031847704700BFA0990000D4
:10264000084B70B5C31A0D4607499B100446594301
:102650000648402204F006FF2B4601462046BDE80E
:1026600070401847902C0020B76DDBB66C970000C7
:1026700073B50C4C0C4A4023041B00930D460B46CB
:102680000A49A41061430646094804F016FF011EDA
:1026900005DA30462B4602B0BDE87040184702B05C
:1026A00070BD00BF902C002023750000B76DDBB615
:1026B0006C97000010B5EFF31184202383F3128888
:1026C000BFF36F8F074A136823F00201DB07116025
:1026D00002D4012006F08BFD84F31188BFF36F8FC5
:1026E00010BD00BFE02C0020002270B5012104467F
:1026F0001046FFF78BFD0F4802F008FC0E4B984286
:1027000015D102F013FC26690C49304604F022FD75
:1027100000280BDB012535642469084904F11C00FD
:1027200004F018FD002801DBE564002070BD6FF0A7
:102730000400FBE7392800000000AD0B709A000090
:102740001FB500220123CDE90223094ACDF800D0AC
:102750006B46CDF804D004F0DDFE002805DB4FF415
:1027600080420023684603F043FD05B05DF804FB9A
:102770004175000030B4104B0C2202FB00330146BF
:102780000020D3E90E529863EFF31180202484F3E4
:102790001288BFF36F8F1C6C04F0C00444F0020475
:1027A0001C6480F31188BFF36F8F1DB12B46034863
:1027B00030BC184730BC7047902C00206C9700004C
:1027C00010B4EFF31182202383F31288BFF36F8FCD
:1027D0001748016841F002040460C80707D482F377
:1027E0001188BFF36F8F012010BC02F0B1BB4FF016
:1027F0008041D1F80C04D1F80C14C907EFD5EFF3E0
:10280000118083F31288BFF36F8F0A490B6C03F0BA
:10281000C00343F002030B6480F31188BFF36F8F92
:1028200082F31188BFF36F8F002010BCFFF7A2BFA7
:10283000E02C0020902C002010B1012804D070471B
:10284000034B1B6C5B0701D1FFF794BF704700BFC0
:10285000902C00202DE9F0413849BFF35B8F0746EB
:10286000012251E8003F41E800200028F9D1BFF3E0
:102870005B8F33B9324933484B60CB608A6004F0D8
:102880007CFC7B1E012B2BD8012F07D14FF08043FE
:10289000D3F81C3403F00303012B21D006F048FECB
:1028A0000546F8B9284B1B78E3B14FF0804302226C
:1028B000C3F808230646DFF894804FF08044D4F82C
:1028C0001824D4F81834D20315D503F00303012BD0
:1028D00001D0012F0FD155B386F31188BFF36F8F4D
:1028E000BDE8F081EFF31186202383F31288BFF354
:1028F0006F8F0125DFE7ADB1304604F05DFDD4F800
:102900001835002BDBD1D4F80421002AD7D0C4F825
:102910000431D4F804310123C4F81835C8F88031E3
:10292000A360CCE70021212003F022FFE7E74FF06E
:1029300080430222C3F80423D2E700BF8C2C00207E
:102940007C2C0020AC2C00201347002000E100E08C
:1029500008B5074806F0A2FD38B10648FFF754FE57
:102960000448FEF71DFE002008BD6FF01200FBE7D3
:10297000A8970000792900000A2838B5074D0446B9
:1029800004D1AB680D215B6828469847AB680348C3
:102990005B68E1B29847204638BD00BFA8970000A9
:1029A00000487047E09A00002DE9F04F8FB00446D0
:1029B00002AF00694FF0FF32012106F0ADFD6668FD
:1029C000306806F06BFD30B96FF0120528463437D9
:1029D000BD46BDE8F08FF06818B106F05FFD002835
:1029E000F2D0206904F0B7FD204604F022FE051E57
:1029F0003CDDEA0734D4206904F0ABFD206904F023
:102A0000AAFD0323019307F11003009300231A4644
:102A10009F21204604F0A5FD8046206904F099FD21
:102A2000B8F1000FD0D1337E002B3BD0206904F0E9
:102A300092FD204604F0FDFD051E2EDD337E25EAC5
:102A400003053D764346CDE90088802206212046D5
:102A500004F087FD034678B1206904F07AFDB3E7FE
:102A600000220023204604F0F5FD0546206904F00D
:102A700070FD002DC2DAA7E707F1180201210092CC
:102A800001918022204604F06CFD0028E4D1002250
:102A90000023204604F0DEFD0546206904F059FDC0
:102AA000002D91D1206904F056FD18230193FB18E5
:102AB0000093052200235A21204604F052FD0546CA
:102AC0002069EB4604F045FD002D7FF47DAF8C4B73
:102AD000BA699A427FF478AF97F81E80B8F1010F77
:102AE0009DBF08F101085FFA88F84FEAC8084FF067
:102AF000100807F120034344FB6007F12005FB6841
:102B0000AB4233D12369D869DD46194603F1080683
:102B100000224D7C25B18D7C0AB1954200D22A4617
:102B200002318E42F5D1002A3FF44EAF4FF0FF350F
:102B30009540ED4315F480557FF446AF4FF4805235
:102B4000000B5A621862206904F005FD63685B7E21
:102B5000DB0700F1C180206904F0FBFC206904F070
:102B6000FAFC206904F0F5FC00252FE7EA792B78C0
:102B700043EA0223B3F57F4F40F0AC8095F803A001
:102B80006E79C7F808D0BAF1140F28BF4FF0140AB5
:102B90004FEA8A0A5346242B38BF2423073303F411
:102BA000FF63ADEB030DAB792069360246EA0346BD
:102BB0002B790DF108091E4304F0CDFC05223302E8
:102BC0005A21CDE9009A204604F0CBFC78602069B8
:102BD00004F0BFFC7A68002A63D1D9F80460D4F805
:102BE0001080002E08F1110A5DDA26F0004601215E
:102BF000A6F12002C6F1200001FA02F221FA00F04B
:102C0000024301FA06F6F608002146EA42765046EB
:102C1000082204F012FC012152464846796004F073
:102C2000C2FE79680131C9B205290AF1020AF3D15D
:102C3000EA780A2A88BFD9F82820C8F81C6083BF20
:102C4000C2F3031101228A404FF48072A8F81A20BF
:102C5000D9F8003013F4C02F3AD007F114024946D6
:102C6000284600F0D3F8064690BB97F8149009F177
:102C7000FF33DBB2FD2B2BD819F0030F11D02069E5
:102C800004F069FC19F0020F0FD10023CDE90033E5
:102C90008022B721204604F064FC88B1206904F04A
:102CA00058FCDD4690E60136ADE7CDE900663346D7
:102CB00080220621204604F054FC0028E5D0EDE7F0
:102CC0002269137C43F001031374206904F041FC72
:102CD000D7F808D0083512E72B46CDE900558022F9
:102CE000B921204604F03DFC0546206904F031FC82
:102CF000002DBFF633AF15F1860F3FF42FAF65E619
:102D000053464450024B0B6001231360704700BFD1
:102D10000C2D002000487047FC9A000010B50122DD
:102D200011460648064C06F0F7FB06F000FB206053
:102D300006F0F9FA6060002010BD00BF142D0020DD
:102D40000C2D002070B50C46154606F0ECFA29460D
:102D50000646204604F0A1FD08B3B4FBF6F306FBDB
:102D60001343E3B9B5FBF6F306FB1353BBB9AE420D
:102D700001D9002070BD4FF0FF324FF0FF330948FA
:102D800003F036FA06F0CFFA0646204602F062FD5E
:102D9000AD1B3444F9D1034803F006FAE9E76FF0BC
:102DA0001500E7E7142D0020F8B50E463046194609
:102DB00017461C4604F071FD08B344EA060515F0F9
:102DC00003051CD1A4B10F484FF0FF324FF0FF3381
:102DD00003F00EFA24F00304A54206EB050009D126
:102DE000094AD2F80034DB07FBD5064803F0DCF9CA
:102DF0000020F8BD795902F04DFD0435ECE76FF085
:102E00001500F6E7142D002000E00140C3780F2BD9
:102E100014D9C96B0B480B0E13708B0200EA91108A
:102E200003F47C030906034301F0FE4110680B43E1
:102E3000054901400B431360002070476FF0850087
:102E4000704700BF00FF0300FF000080F0B540683E
:102E5000057B01F01F0444EA4514056987B0002D85
:102E600064D0B2F5001F00F1100506D121462846B6
:102E700006F04EFA002007B0F0BD01AE0027B2F513
:102E8000800F0197776039D1B3F1007F14BF05231C
:102E900004238DF804300023CDE904630393836891
:102EA00023FA01F111F001011AD1B2F1A07F17D17B
:102EB00004F01F03620903F5E0732AD0012A3BD115
:102EC0001F4A52F82330DB070AD40DF103063246BD
:102ED0002146284602F018FB1A4B98421CD0029655
:102EE00003AA2146284602F0D1F9174B984220D177
:102EF00001222146284602F06BFBBBE7B3F1C06F0D
:102F000005D0B3F1007F14BF01230223C1E70323DF
:102F1000BFE74FF0A042D4E73146284602F052FB0B
:102F2000094B9842DBD06FF00B00A4E76FF08500EF
:102F3000A1E76FF015009EE751F82330FFDE00BFD8
:102F4000000300500400AD0B0000AD0B38B5456820
:102F50002B69B3B11035284602F024FB044680B932
:102F60000146284602F0EAFA084B98420BD108497C
:102F70002246284602F0C2FA224605210620FFF723
:102F800045F9002038BD6FF00400FBE70000AD0BF1
:102F9000952F0000420970B5034602D0012A17D0D0
:102FA00070BD0D4E326951680029F9D003F01F033E
:102FB00001250C689D400029F2D08A682A4002D081
:102FC0004B68304698472CB1236821461C46F2E7EF
:102FD000024EE7E72346F8E7949700008097000049
:102FE0002DE9F043466840F20635D006337B87B0C2
:102FF00002EA050554BFC2F34010032001F01F0789
:10300000B5F5837F144647EA43178DF8030045D092
:103010000FD8062D18D007D8B5B1022D40D06FF0CB
:10302000150007B0BDE8F083B5F5807FF7D1012525
:103030000AE040F20222954234D0B5F5407F33D009
:10304000B5F5007FEBD102250123220303FA01F13C
:103050002CD57368C3F80815326982BB07F01F03CB
:103060007F0929D0012F77D13E4A02EB830284F4F5
:103070008033D2F80017C3F30043C4F3404444EA5A
:10308000430421F4E16144EA800421F0070144EAA9
:1030900005230B43C2F800370020C2E70725D3E71A
:1030A0000425D1E70525CFE70325CDE7630344BF1A
:1030B0007368C3F80C15CFE74FF0A042D5E7103680
:1030C0000DF102023946304602F01EFA14F4403F78
:1030D00080460CD13946304606F018F9224B984507
:1030E000DAD19DF80210304602F066FAD4E701AB5F
:1030F0004FF0000903AA39463046CDE90439CDE93D
:103100000199CDF80C9002F0C1F8174B984286D186
:1031100014F4003315D09DF803308DF80E3084F48C
:103120008034C4F300444B4603AA394630468DF838
:103130000C508DF80D4002F063F90B4B9842CDD046
:103140006DE7CDE9043303AA0DF103033946304698
:10315000039302F09BF8F0E703F5E07352F8233095
:10316000FFDE00BF000300500000AD0B036803F05A
:103170001F025B09026004D0012B034818BF002026
:1031800070474FF0A0407047000300502DE9F04F0A
:10319000DFF86091DFF860A185B01546834600EB4B
:1031A000810140F2FF18594503D1002005B0BDE868
:1031B000F08FDBF800305804C3F3C322C3F30804D4
:1031C00000F191801B0E19F80270444508BF4FF0C2
:1031D000FF34192B00F28A80DFE803F00D141A1D6A
:1031E00020261D888888883663888888888888880B
:1031F0008888667C7F82C5F80C45621C5ED10BF125
:10320000040BD0E7C5F81445631CF8D000265FE036
:10321000C5F80845F1E7C5F81045F5E7661CC5F89F
:103220000845ECD0002604E0601CC5F80C45E6D04B
:10323000012603A80394FFF799FF039B012202FADA
:1032400003F3C0F80C3508E0C5F80845002FDBD1C2
:10325000631CD4D0002632460627DBF800300193E9
:1032600003F40040002818BF002203A8009218BFF2
:1032700001260394FFF77AFF039C019B009A00EB61
:103280008400C3F3412CD0F800473B0243EA8C038F
:10329000134304EA0A04234343EA4603C0F8003711
:1032A000ADE7C5F80C45D1E7C5F86045621CDBF811
:1032B0000030A4D0C3F30043002BB9D003A803947B
:1032C000FFF754FF039B012606FA03F3C0F8083505
:1032D0003246C2E7C5F86445E8E7C5F86845E5E762
:1032E000C5F86C45E2E76FF015005FE76FF0850009
:1032F0005CE700BFCBA40000F0F8FCFF2DE9F04133
:10330000044647680D4606F013F94FF0200888B9C7
:10331000264B1B7873B16426606804F0D9FBF0B9C2
:10332000012005F0FCFE013EF6D10021212003F032
:103330001FFAF0E7EFF31186314688F31288BFF3E6
:103340006F8F606804F0C4FBA8B986F31188BFF3DF
:103350006F8FEFE786F31188BFF36F8FE5E7EFF329
:103360001186314688F31288BFF36F8F606804F0CE
:10337000AFFB0028EED0FB691D706368FA691B681B
:103380000020C3F844250122C3F84825C3F82001D2
:10339000D3F82041C3F85801D3F858019A6081F35B
:1033A0001188BFF36F8FBDE8F08100BF1347002085
:1033B000F7B50546002201210220FEF727FF022073
:1033C000FEF7F4FE6B6818681A69C0F82425997D29
:1033D0005A7D0A43198B1B7D0B431343C0F86C3590
:1033E0006E68D6E9004313F0010348D02F6907F156
:1033F000080005F0A0FE304B98425AD1387A04F10B
:103400000C0204F5907105F08CFE387A012707FA5A
:1034100000F001F075FD0823C4F80035F369C4F825
:1034200044350023C4F84835A760D4F85831002B40
:10343000FBD00021C4F800156B68DC6801AA2046A7
:1034400004F019FB002805DB019B22681979186834
:10345000FFF79CFE6A6813680821C3F80015117A0B
:1034600051B9126AC3F834250122C3F83825C3F8CC
:103470001011D3F810111A60002003B0F0BD08221B
:10348000C4F80025F269C4F84425C4F8483501237E
:10349000A360D4F82031002BFBD00023C4F82031E6
:1034A000D4F820310123E3604FF48073C4F804336F
:1034B000BBE76FF00400E0E70000AD0B2DE9FF4132
:1034C0000569D0F804802B6D0646A86C002835D11C
:1034D000002B53D0B8F838406A6CEF6C9C4228BF80
:1034E0001C46EB6C53B1296D41B107F06041B1F15D
:1034F000005F03D0082C6F6E28BF082400926A6C0E
:10350000AC651AB1AA6C002A18BF2246CDE9012782
:103510001BB12B6D002B18BF234600226946404685
:10352000039302F005FC184B984229D06FF0040178
:10353000304604B0BDE8F04104F0DCBB696CEF6CD0
:10354000B8F838400A46ABB1834228BF03469C42D4
:1035500028BF1C460029C4D001F06043B3F1005FCE
:10356000BFD0082C28BF08242246286E03F05AFF3B
:103570002A6EB6E7844228BF0446EBE71946D7E730
:1035800004B0BDE8F08100BF0000AD0B2DE9F04FA5
:103590008FB09846436801938B8804690F4699045D
:1035A0000646914600F11D814FF0FF324FF0FF3388
:1035B00004F1100002F01CFE6760D6F804B0D6F8E3
:1035C00010A0DBF8083003939AF85D3023B1DAF8E5
:1035D00000309F4200F08980B7F804E01EF4006FCD
:1035E00040F036811EF0090F40F02F81CEF34513D5
:1035F000082B40F02A813B680293029AAD4B9A4215
:1036000040F223810BF10C0CBCE80F0004AD0FC598
:10361000BCE80F000FC5DDE902329A4228BF1A4606
:103620009CE80300A44B9A4285E803001BD2A34BFD
:103630009A4218D2A24B9A4215D2A24B9A4200F259
:10364000D980A14B9A4200F2D780A04B9A4200F257
:10365000D5809F4B9A4200F2D3809E489E4B9F4953
:10366000824288BF0B461EF0020F09930EF004033E
:1036700000F0C880002B14BF032302238DF82830EC
:10368000CEF300138DF82930DBF80030D3F808258D
:103690001EF0020F4FEA5213CEF3400102F01F0258
:1036A00040F0B780002B00F0B180012B40F0FA8091
:1036B0008B4901239340C1F80C359AF85D302BB14A
:1036C000584602F0EDFA00238AF85D303346854A09
:1036D00004A9584602F0B0FA834B984240F0A58006
:1036E00001238AF85D30CAF80070012384F85C3049
:1036F000019B196C4A1C03D003F1440004F064FBE5
:10370000B9F1000F40F0A780C4F834900023A36300
:1037100004F1480204F1380104F1340004F013FA12
:103720006064B8F1000F40F09F80C4F83C80002333
:10373000236404F1500204F1400104F13C0004F060
:1037400002FA00252A46E06401212046256304F0A0
:1037500030FA3046FFF7B2FEA06B2A462B46834272
:1037600040F08B800023256C1946A94240F08C80E4
:103770009342274638BF13464FF4FA5202FB03F533
:1037800057F8203B4FF000081B68B5FBF3F54FF4EA
:10379000004CC835414640F2E7304FF47A720023BE
:1037A000E5FB0C01FCF7ACFC02460B46384602F088
:1037B0001FFD024618B9256B15F1740F6BD10198E6
:1037C000C4F8588002F06CFA84F85D806FF07301E1
:1037D000304604F08FFA384602F030FD6FF0730582
:1037E00025E0A369002B7FF4DFAE63689F427FF47E
:1037F000DBAEE2E63D4B36E73D4B34E73D4B32E78F
:103800003D4B30E7003B18BF012337E74FF0A041A5
:103810004FE73BB1012B48D1314901239340C1F817
:1038200008354AE74FF0A041F7E76FF00405236839
:103830009B8813F4005304D1636004F1100002F07C
:10384000B3FC28460FB0BDE8F08F6FF01505EEE72A
:103850006FF08505EBE7D9F800306363002B3FF488
:1038600055AFD9F8043052E7D8F80030E363002BA5
:103870003FF45DAFD8F804305AE7616B01EBC30148
:10388000013349680A446AE7E06B00EBC10001318B
:103890004068034469E7002DC9D00146306904F04F
:1038A00088F9C4E7C1F80C15FFDE0023C3F808351A
:1038B000FAE700BF47E801000048E8010024F400EF
:1038C00000127A00FF083D007F841E003F420F0077
:1038D0001FA107008FD0030048E8010090D003002B
:1038E00000030050177D00000000AD0B00093D00F3
:1038F00080841E0040420F0020A1070000F01F023C
:1039000040090DD001280ED10A4B03EB82030A4A6D
:10391000D3F80007024042EA8102C3F8002770474B
:103920004FF0A043F1E702F5E072002353F8223094
:10393000FFDE00BF00030050F0F8FCFFF0B587B0D9
:1039400001238DF8023002238DF804306B44039379
:103950000F4601AB0DF103010024049305460291CB
:10396000059401F02FFE0C4B984206460FD103AA96
:103970003946284601F08AFCB0420BD09DF803106E
:10398000284601F019FE6FF0040007B0F0BD6FF09B
:103990001200FAE72046F8E70000AD0B70B50123EE
:1039A00083400E4ABFF35B8FDC4352E8001F01EAFD
:1039B000040542E80056002EF7D1BFF35B8F4FF4A9
:1039C000803282400648C0F80823BFF35F8FBFF300
:1039D0006F8F0B4214BF0120002070BD4C2D0020C2
:1039E0000010014070B40E49D1E90034D01AC31858
:1039F00044F1000422F07F46C1E90034A6F500132B
:103A0000B3F5400F09D2074B1B681A0A1B069C1915
:103A1000054B42F10005C3E9004570BC03F02CB82A
:103A200058060020502D00206006002011B3BFF37F
:103A30005B8F0123104A834052E800CF4CEA030C0D
:103A400042E800C10029F7D1BFF35B8F0B4A4FF466
:103A500080338340C2F80433094BBFF35B8F1B688C
:103A6000BFF35B8FC340DB0742BF064B4FF400320E
:103A7000C3F80021704700BF4C2D0020001001400A
:103A8000482D002000E100E00D4B1868010A0006F7
:103A9000BFF35F8F0B4BD3F80435181841F10001C9
:103AA000B3F5801F0AD2084BD3E90023904271EB93
:103AB000030303D210F1807041F10001704700BF91
:103AC000502D002000100140600600202DE9F04F2D
:103AD00085B016461F469DF840A00446FFF75EFFDE
:103AE0000190FFF7D1FFB04271EB070354D23E4B78
:103AF000301A67EB0101984271F100014FD23B4B44
:103B000003EB0413D3E902239F4208BF96425ED021
:103B100037494FF4803804F1500508FA04F8AD0035
:103B2000C1F848832046ADB204F076F926F07F4B09
:103B300005F1804504F5A87305F58835DC464FF09E
:103B400003090293029A2CF07F4341F82230C1F816
:103B50004483D1F80435274A6FF00200C01A60444C
:103B600020F07F40904232D9286868B1D1F80435FE
:103B70000393A3EB0B0020F07F40B0F5000F26D994
:103B8000204604F049F9039BBAF1000F07D109EB75
:103B9000030C09F10109D5E7BAF1000F09D06FF064
:103BA000150520460199FFF741FF284605B0BDE8FD
:103BB000F08F0123104ABFF35B8FA34052E8000F40
:103BC000184342E800010029F8D1BFF35B8F074991
:103BD0000E98230101EB0412C8500F9B5360C2E9F9
:103BE00002670025DDE700BF0100800048060020D5
:103BF00000100140FDFF7F00482D00207FB51C4CC8
:103C00001C4BC4F80833C4F848331B4B00254FF055
:103C1000FF304FF0FF31C4F80855C3E902014FF4FB
:103C20008033C4F80433154B02264FF400320121CF
:103C3000C4F804631120C3F880212A46FEF7E6FA8F
:103C40001120FEF7B3FA0E4A0123A360236013602C
:103C50000C4B0D4A0093CDE9015500232846FFF790
:103C600035FF3046FEF7F6FD284604B070BD00BFB4
:103C70000010014003000F004806002000E100E0B2
:103C80004C2D0020E5390000FFFF7F002DE9F743B0
:103C90002F4CD4F8043399070BD5D4F8043143B131
:103CA0002C4A0023C4F80431D4F8043113680133DA
:103CB0001360D4F80433DA0329D5BFF35B8F264BA6
:103CC00053E8002F22F0010143E800100028F7D14B
:103CD000BFF35B8FD30702D4D4F84031BBB10025CA
:103CE000C4F84051D4F84031FFF7CEFEEFF3118213
:103CF000202383F31288BFF36F8F184BD3E9026739
:103D0000B042B94106D282F31188BFF36F8F03B07E
:103D1000BDE8F0834FF0FF384FF0FF39C3E9028967
:103D2000D3E900101D604FF48033C4F84833C4F861
:103D30004051D4F8403182F31188BFF36F8F0029CE
:103D4000E5D0009032463B4628468847DFE700BF73
:103D500000100140502D0020482D00204806002072
:103D600030B5431C124C85B005D08442A8BF044630
:103D7000012CB8BF0124FFF787FE0E4B0C4DD3E991
:103D80000013401AB0F5000F10D22218AA4228BF23
:103D90002A4652184FF0000007490091CDE9010072
:103DA00043F10003FFF792FE05B030BD2A46F0E76D
:103DB000FFFF7F0058060020E539000008B5FFF737
:103DC00063FE024B1B68C01A08BD00BF58060020E6
:103DD00010B5084C012363601120FEF7F5F9064B7E
:103DE000C4F80833C4F84833044B4FF40032C3F826
:103DF000802110BD0010014003000F0000E100E031
:103E000030B50C490C4D0B680246002405EB03103D
:103E1000D0F80808C0B218B904B10B60002007E060
:103E20000133072B4FF00104F0D90B606FF01B003A
:103E3000136030BD542D002000E0014030B5816892
:103E400085B0103921F00704054603F063FA10220B
:103E50000146684603F0F1FA07491022684603F06C
:103E6000E1FA10236A462146284603F01FFA00387B
:103E700018BF012005B030BDDA9D000030B50D46F9
:103E8000816887B0102302AA1039044603F0F9F9BB
:103E9000002802DA012007B030BD102202A9204616
:103EA00004F020F800283AD11E49102202A803F09D
:103EB000A9FA00280CBF012302232B70204603F02F
:103EC000FDFF012301460DF10702204603F0D9F959
:103ED0000028DFDB9DF8073003F00F021B096A7032
:103EE0002B7101220DF10701204603F0FBFF10B9F1
:103EF0006B78042B03D901236B7000232B71A2680C
:103F0000183A22F00702083AA91C204603F0FDFFE8
:103F10000028BFD1E91C204604F050F8BBE703237A
:103F2000CBE700BFDA9D0000F0B5354F460085B005
:103F30000546694657F8260004F046F8044610B1D5
:103F4000FF2005B0F0BD013602A957F8260004F0A5
:103F50003BF8012837D12B482A46492103F083F941
:103F6000294B02938DF80C409DF800609DF8087075
:103F7000264C00222078314603F0A6FF50B360782B
:103F8000394603F0A1FF28B3A378042B03D09DF892
:103F9000031099421ED1E378042B03D09DF80B1037
:103FA000994217D12379042B10D16279022A1DD1AD
:103FB000174B18482A46492103F055F96079831EAA
:103FC000022BBED9BCE70028CED0B9E79DF802107D
:103FD0009942EAD00132032A04F10604CAD10E48FC
:103FE0002A46492103F03FF90120AAE7032A05D018
:103FF0000A4B0B49042A08BF0B46DAE7094BD8E7FE
:104000009C9C00001EA5000003010303B3A5000053
:1040100000A5000069A500008DA5000005A5000011
:1040200017A50000FBA40000044B1B685840430880
:104030005B4240421843C017704700BF582D002014
:104040008842F0B504D0094F04380025AA4200D1B7
:10405000F0BD3E6850F8044F5E4024EA060451F873
:1040600025601E40344304600135EFE7582D0020E1
:104070002DE9F04F8DB01D46189B179F1A9E059293
:10408000B3F12A3F83468A4640F08D803946169820
:1040900004F022F8012838BF0120470900F01F046E
:1040A0007B01502B4FF0010934BF4B4603230A9389
:1040B00009FA03F30B930A9B059805FA03F306EB41
:1040C0008303069303EB8503079304F0DDF94FEABE
:1040D0008508089042460021304603F0AEF9079B60
:1040E000C6F800900393089B199ACDE90153059BEC
:1040F000009331462B46304606EB080904F0D5F90B
:1041000051464246484603F08DF902234946099339
:104110000B9B099A934248D142463146584603F0D8
:1041200081F94FF00009CA46079B0393089BCDE92C
:104130000153059B00935A462B465946584604F0B6
:10414000B4F9002C47D1013F1F24169B53F82730A8
:10415000E34003F0010343EA49090A9B0AF1010A1B
:10416000534503D0002CDFD1002FDDD1189BB3F1D4
:104170002A3F32D10698424609FB086103F052F902
:10418000079B0393089B069ACDE90153059B009377
:1041900059462B46584604F088F9002CC1D1BFB9C6
:1041A0000DB0BDE8F08F00247AE7079B0393089BCE
:1041B00001EB080ACDE90153059B00934A462B46C3
:1041C000504604F072F9099B0133099351469FE769
:1041D000A146A246A8E7013CB7E731464FF0000AE6
:1041E0000A4B18681B68584080EA090080EA0A00F8
:1041F000FFF71AFF2A46C3430698FFF721FF099BE2
:104200000AF1010A53454144EAD1B9E7582D00208B
:10421000054B1B68013143400132084022EA03028A
:104220000243501E00B27047582D00202DE9F04F78
:1042300099B083460F46184600211646039304F0B2
:10424000A5FB002800F08981784B149300240125F8
:1042500015AB039913933046CDE90B45CDE90D45D8
:10426000CDE90F45CDE9114504F019FBA04228DA4C
:10427000BBF1000F05D1E7B90024204619B0BDE815
:10428000F08F2146584604F092FA04460028F2D0F6
:104290000BA804F0D9F90DA804F0D6F90FA804F082
:1042A000D3F911A804F0D0F90C2115A800F038FBBF
:1042B000E3E73146384604F045FA04460028E7D1E2
:1042C000DAE731460BA804F03DFA04460028DFD1B6
:1042D00003990DA804F036FA04460028D8D1F188D5
:1042E000ADF8385002310FA8ADF8305004F0BAF9EB
:1042F00004460028CCD101460FA804F058FA044621
:104300000028C5D1F18811A8023104F0ABF90446A8
:104310000028BDD10DA804F076FA00F01F001F2878
:1043200073D0C0F11F0319460BA8019304F091FA52
:1043300004460028ACD101990DA804F08AFA04467D
:104340000028A5D1BDF83250BDF83A80A5EB080A87
:104350004FEA4A1949460DA804F07BFA04460028A2
:1043600096D14FEA8A0A0DA90BA804F0C7FA0028D3
:104370004DDA49460DA804F089FA0446002887D191
:1043800008F1FF3305939B0005F1FF3A069305F111
:10439000804508F18043023B013D9B00A5EB0805E9
:1043A0000893AB000293059B9A4541D8BBF1000FDF
:1043B0000DD00FA9584604F0C5F9002840F0C98077
:1043C000039AB388928813FB02F3ABF80430002FF2
:1043D0003FF45EAF01990BA804F058FA002840F0B2
:1043E000B880B388ADF830300BA9384604F0AAF98C
:1043F0000146002840F0AF80384604F0C7FA002894
:104400007FF446AF0123BB8042E701949AE70F9AFD
:1044100052F80A300BA9013342F80A3008460DAAB7
:1044200004F09AFB044600289DD031E70100030008
:104430000D9B069A04931344DDF82C900793049B7C
:1044400059F82A109A580F9D4FEA8A08A8F10403D8
:104450000993029B91421D4476D2A8F104000023E7
:1044600059F80000FBF74CFE002914BF4FF0FF3352
:104470000346BAF1010F2B6016BF09EB08030023B6
:1044800053F8083C1593A8F1040359F80330169328
:1044900059F8083017932B68DDF8108001332B6032
:1044A000089B98442B68013B2B60002111A804F065
:1044B0007EF900284DD1059B002B48D0D8F800206C
:1044C000119B1A60079A12685A6011A92A68084657
:1044D00004F046FB00283CD113A911A804F00EFA01
:1044E0000028DFDC2A680DA911A804F039FB80BB85
:1044F000029B4FEAC308414611A804F0AAF940BB49
:104500000BA9084611AA04F027FB014618BB0BA80B
:1045100004F03CFA002812DA0DA911A804F012F9EF
:10452000B8B9414611A804F094F990B90BA911AAA1
:10453000084604F00EFB60B92B68013B2B60029B20
:104540000AF1FF3A043B2DE74FF0FF3391E7059A5C
:10455000B6E704469CE60C469AE66FF00B048CE640
:104560002DE9F74F90461F4A1568454006460F460D
:10457000ED43002B14BF9A468A4600240C9B04F19D
:1045800004094B4505D20C9B9C4220D303B0BDE8E7
:10459000F08F042208EB04010DEB020002F042FF51
:1045A000019A06EA020B04220AEB04010DEB020059
:1045B00002F038FF019A2A4042EA0B0201920422DB
:1045C00038190DEB020102F02DFF4C46D6E718F822
:1045D00004301AF8042033402A4013433B55013479
:1045E000D1E700BF582D0020082804D0092803482F
:1045F00018BF002070470248704700BFC5A50000E3
:10460000C8A5000001680E4A9142034615D1C16950
:10461000A2F11022A2F1EF1291420ED18268012A7A
:104620000BD8C26812B101698A4206D0586928B114
:104630009B691B1A5842584170470120704700BFC0
:1046400055AA00FF70B50D4B9E68A6B13046FFF726
:10465000D9FF044678B9F3686BB935690DB92046BE
:1046600070BD2846FFF7CEFF28B9EB68B34202D1F0
:104670002E462D69F2E70124F1E700BF5C2D0020F2
:104680002DE9F8433F4F3C68D4B1BC68C4B1002861
:104690004AD0002948D001FB00F5B5FBF0F0884274
:1046A00042D1281D40D8A9070DD025F003060436B5
:1046B000FC6803E06368B34238D2A469002CF9D1E6
:1046C0002046BDE8F8832E46F2E7FB6041E006F1A4
:1046D00020016318203A5A600022C3E902242A48C4
:1046E00022691A6160502949D96102B1D3606269B7
:1046F0005A61A1699961AAB193619A6902B1536142
:104700004FF00109C4E9016923610023C4E90533BD
:104710003B69DB072ED5FFF795FF58B31C4B484686
:104720001B6826E0FB60E8E70024C9E7A3681BB12B
:10473000174B01201B6898476268921B232A04F1DB
:104740002008C4D80123A360D4E90523002ABCD0E3
:104750009361A3690BB162695A610023C4E905330F
:104760003B69DA0706D5FFF76DFF18B1084B1B68E8
:10477000012098472A4600214046444602F05DFE4B
:104780009EE700BF5C2D002055AA00FF669911EE40
:10479000A805002070B50546002800F08880444E2A
:1047A0003368002B00F08380B268002A7FD08342F8
:1047B00003D872681344984203D33E4B01201B6810
:1047C0009847A5F120042046FFF71CFF18B1394B8C
:1047D00001201B68984755F8183C012B03D0354B36
:1047E00001201B689847002345F8183C55F8143CF5
:1047F0003BB39A682ABB55F81C2C02F120015A6879
:104800000A445A6055E905321A6155F8145C2B695F
:1048100003B1DD6020220021204602F00EFE28694F
:1048200010B18368002B2ED033699B073FD5FFF76B
:1048300009FF00283BD01F4BBDE870401B680120DA
:10484000184755F8100C00282AD0836843BB4268EB
:10485000636813442033636003692361D4E905234B
:104860009AB9CBB9436963618269A261B3B19C61B2
:10487000A36903B15C61236903B1DC6020220021DC
:1048800002F0DBFDD0E72C46E1E79361A369002B42
:10489000E8D062695A61E5E7F360F7E7F460E7E7BB
:1048A000F36845F8083C03B15C61F460BCE770BD97
:1048B0005C2D0020A805002038B514220C460546C2
:1048C0000021134802F0B9FD1249134800F040F8E6
:1048D000232C1CD915F003031FBF043CE418C3F1BB
:1048E0000403ED1822460021284602F0A6FD084BDD
:1048F0000A499D60C3E90054203C6C609A681160CD
:104900009A68DA60A1F11021A1F1EF11D16138BDEF
:104910005C2D0020954700008146000055AA00FF4D
:1049200010B50A46044619B1024B00211B6898478E
:1049300010BD00BFA4050020014B1B68184700BF35
:10494000B0050020014B1B68184700BFAC050020D4
:10495000024B1860024B002019607047B005002020
:10496000AC050020F8B500F108064768044630465B
:104970000D4603F04CFF87424BD16368B3F5807F4F
:1049800047D80021304604F001F8002841DD00211D
:10499000304603F028FFE0B345B9294604F1100082
:1049A00003F0F4FF002834DD0020F8BD04F12005F9
:1049B0000021284603F0EAFF00282ADD00212846CE
:1049C00003F011FF28B304F128050021284603F065
:1049D000DDFF00281DDD0021284603F004FFC0B1E3
:1049E000002104F1100003F0D1FF002811DD0021A7
:1049F00004F1300003F0CAFF00280ADD002104F1B1
:104A0000380003F0C3FF002803DD002104F140005B
:104A1000C6E70148C9E700BF80BFFFFF012938B5DD
:104A20000546144601D0074838BD22B90123C5E91F
:104A30001C340020F8E71046FFF7D6FD0028F5D11A
:104A4000F1E700BF00BFFFFF70B500210446FFF78C
:104A500089FF054610B10E4D284670BD04F10806C9
:104A6000304603F0D0FE7F28F5D910342946204681
:104A700003F0B9FE0028EED0204603F0C4FE012862
:104A8000E9D93146204603F039FF0028E4DBE2E7AC
:104A900000BEFFFFF0B50C4685B000210546164666
:104AA000FFF760FF002839D102A803F0C8FD2146B6
:104AB0006A6802A803F0B1FE044618B102A803F028
:104AC000C3FD0CE005F10804214602A803F016FF1F
:104AD000002807DB02A803F0B7FD6FF00304A4F57C
:104AE000854418E005F1480302A96F68009305F1B9
:104AF00010022346084604F083F904460028DDD15D
:104B00003A46314602A803F09EFE044602A803F08E
:104B10009BFD002CE3D1204605B0F0BD004CFAE728
:104B200080BFFFFF01292DE9F041034641D8224A09
:104B3000224F2348234E244D244C9966002918BF48
:104B40009046234A18BF964602F1794202F5740254
:104B500002F5016218BF94461E4A18BF17461E4A46
:104B600018BF164602F1D14208BF804602F5C012B6
:104B70001A4802F51E620CBF864615461848194AA7
:104B80000CBF844614461848A2F11162A2F50C220B
:104B9000A2F28E2218BF02460020C3E91000C3E92A
:104BA000128EC3E914C7C3E91665C3E91842BDE80C
:104BB000F0816FF07300FAE7D89E05C13AF54FA572
:104BC00067E6096A7F520E518C68059BABD9831F3B
:104BD00007D57C3639590EF7310BC0FF85AE67BB60
:104BE00072F36E3CA78FF964A44FFABE2DE9F04F23
:104BF000CFB000F1640300F144070DF58A7900930A
:104C000001914A463B4653F8041F42F8041F00999D
:104C10009942F8D104ADDFF800A14FF000082C460E
:104C2000B8F10F0F61D8019B042203EB880103A8A0
:104C300002F0F8FB039804F083F9A860D4E9476315
:104C4000D4F818C15AF8041B73404FEAFC22D4F878
:104C5000206182EABC1203EA0C0382EA7C627340A0
:104C60001344D4F82421D4F8106113440B44D4E93C
:104C7000421E034441EA0E024FEA713080EAB1005D
:104C8000324001EA0E0B80EAB15042EA0B020244C4
:104C9000D4F81401626018441344D4F82021C4F8F5
:104CA000242108F10108D4F81C212360B8F1400F39
:104CB000C4E947C2C4E944E6C4E94231C4F8180172
:104CC00005F10405ACD157F8043F59F8042F1344FB
:104CD0003B60009BBB42F6D104A84FF49471FFF7F0
:104CE0001FFE00204FB0BDE8F08F2B6855F8382C20
:104CF00055F8341C4FEAF34080EA734080EA932071
:104D000055F8143C134418444FEAB14383EAF113B5
:104D100083EAD103184490E7A49C0000024AD2F829
:104D20000034002BFBD0704700E0014010B54FF07D
:104D30008053D3F830210D2A55D14FF08041002205
:104D4000C1F80C21C1F81021C1F83825464AD3F822
:104D50000404C2F82005D3F80804C2F82405D3F8E7
:104D60000C04C2F82805D3F81004C2F82C05D3F8B7
:104D70001404C2F83005D3F81804C2F83405D3F887
:104D80001C04C2F84005D3F82004C2F84405D3F847
:104D90002404C2F84805D3F82804C2F84C05D3F817
:104DA0002C04C2F85005D3F83004C2F85405D3F8E7
:104DB0003404C2F86005D3F83804C2F86405D3F8A7
:104DC0003C04C2F86805D3F84004C2F86C05D3F877
:104DD0004434C2F87035D1F80034DB0709D56FF0E0
:104DE0000103C1F800344FF08053D3F830310D2B5C
:104DF0000CD14FF08053D3F834313BB14FF0102336
:104E0000D3F808224FF08043C3F858254FF0102301
:104E1000D3F80022002A03DBD3F80432002B22DA75
:104E2000124901234FF01020C1F804351224FFF776
:104E300075FFC0F80042FFF771FFC0F80442FFF7AA
:104E40006DFF0023C1F80435FFF768FFBFF34F8FF4
:104E50000749084BCA6802F4E0621343CB60BFF312
:104E60004F8F00BFFDE710BD00C0004000E00140D3
:104E700000ED00E00400FA0530B50468CCB1BFF3E2
:104E80005B8FB4FA84F3C3F11F03DBB201229A40B3
:104E900024EA020250E8005FA54204D140E8002C59
:104EA000BCF1000FF6D1BFF35B8FE6D102480B7067
:104EB00030BD0248FCE700BF0000AD0B0200AD0BA7
:104EC00010B50368CB40DB0714D401238B40026884
:104ED000BFF35B8F43EA020150E8004F944204D1D4
:104EE00040E8001CBCF1000FF6D1BFF35B8FEED1A0
:104EF000014810BD0148FCE70000AD0B0400AD0BFC
:104F0000014BC3F80405704700F00140044B1A79C7
:104F100022B9012218601A7102487047024870478E
:104F2000702D00200000AD0B0C00AD0B08B5074B39
:104F30001B682BB10020FDF75BF908B9FDF736F9C6
:104F40004FF080430022C3F8182508BD702D0020C3
:104F500010B510B1012843D010BD4FF08043D3F8F5
:104F60001814D3F81824C80321D502F00303012B29
:104F700004D013B1002004F0E0F800234FF0804289
:104F80000220C2F8183508224FF4827303F18043DF
:104F90000021196002F180421C6801241460154A46
:104FA00012680AB34FF08043C3F80403D4E7D3F880
:104FB0001424D107E1D5D3F81C249207DAD40D4A82
:104FC00012681AB10222C3F80423C5E7D3F80421FA
:104FD000002AFBD00022C3F80421D3F80431BBE738
:104FE00000224FF48073D1E71A68002AFCD01960C0
:104FF0001B68B1E7702D002010B54FF08043D3F847
:10500000002152B10020C3F80001D3F80021012291
:10501000C3F80823104B1B6898474FF08043D3F820
:10502000042172B10022C3F80421D3F80421D3F87B
:105030001824D3F81824920704D10122C3F81825A4
:105040009A6010BD0222C3F80823034BBDE810404C
:105050001B680120184700BF702D0020036803F073
:105060001F025B09026004D0012B034818BF002017
:1050700070474FF0A040704700030050034A4309B7
:1050800000F01F00D35C1844C0B27047CBA50000ED
:1050900070B50546FFF7F2FF0C4C08300E4634F8A9
:1050A0001030DA0508D5C3F3432304EBC3022846C6
:1050B00054F8333052689847A3682BB1E268314600
:1050C0002846BDE87040184770BD00BFB4050020F9
:1050D00008B5FFF7D3FF034B083033F81000400B3F
:1050E00008BD00BFB405002008B5FFF7C7FF034B9C
:1050F000083033F81000C0F3400008BDB4050020AC
:1051000008B5FFF7BBFF034B083033F81000C0F3BE
:10511000401008BDB4050020034611F0010010B591
:10512000CCB20DD1A207C4F3400012D5094AD2F87F
:1051300020055860C2F82005003818BF012008E09B
:105140004FF0A041D1F820251A60C1F82025002A8F
:10515000E8D010BD0003005010B5FFF78FFF124AD2
:10516000083032F81030D9051CD5C3F3432123F49D
:10517000F85322F8103002F10E04002034F8023FF8
:1051800013F4807F03D0C3F3432399420AD0013044
:105190002A28F3D1002342F831300448BDE81040FA
:1051A000FFF78EBE10BD00BFB40500202006002012
:1051B000F0B5054600200446012607468C420BD177
:1051C000114BD3F87C2132B10022C3F87C21D3F8F3
:1051D0007C3140F00040F0BDE3B29B0003F58072EB
:1051E0009B0806FA03F31D420BD002F1804202F540
:1051F000C042D2F800C0BCF1000F02D017601268A4
:1052000018430134DAE700BF00600040F7B50646F6
:105210000846FFF733FF194F00F108050C4637F831
:105220001530DB0727D5304604F04CF82046FFF751
:1052300067FF40B12046FFF74BFF316800F5A270D1
:10524000002341F820302046FFF786FF002301A805
:1052500027F815300194FFF701FF019B00EB830055
:10526000074BD0F80027134043F00203C0F8003783
:10527000044803B0F0BD0448FBE700BFB4050020BC
:10528000F0F8FCFF0000AD0B0400AD0B2DE9FF4171
:10529000164680460846FFF7F1FE0D463168044683
:1052A00009B32846FFF720FF18B12846FFF728FF6B
:1052B00010BB0023CDE900338DF80E308DF80F3090
:1052C0000DF10F020B4628460DF10E0103F091FF80
:1052D000474A04F1080132F8113023F0020343F089
:1052E000010322F81130736863B328461F785968A8
:1052F000FFF7FAFE10B1D1B13E4826E03C4A04F176
:10530000080032F8103023F02003DB04DB0C22F815
:10531000103061B1032FEFD87168496891F800C06F
:10532000D8F80010A7B90CF5A27C41F82C70304ACF
:1053300004F1080132F8113023F01C0343EA87031B
:1053400022F81130B3684BBB2B4804B0BDE8F081A4
:1053500001EB8C0143EA4C33D1F810E52EF0030E3B
:10536000C1F810E5D8F8001001EB8C0E43F02003D3
:10537000DEF8101522F8103021F44F3121F440717D
:10538000CEF810152902DEF8108501F47C5141EAAF
:10539000074141EA0801CEF81015C8E7D3E90067D4
:1053A0002846FFF7D9FE002ECED0114DD5E90023B7
:1053B000964203D19F4201D1002209E00F480DF12E
:1053C0000F01FFF759FD0C4B9842BED19DF80F20FD
:1053D00045F8326005EBC20308345F6035F81430DD
:1053E00043EA422343F4807325F81430ACE700BF4E
:1053F000B40500200400AD0B0000AD0B200600201A
:105400002DE9F0430C4685B08046204611461E46E5
:10541000FFF734FE054629B32046FFF765FE18B9AD
:105420002046FFF76DFE18BB314F05F1080937F82C
:10543000193013F01C0F02D04B78012B18D0012328
:105440008DF80F300023CDE900134A1C8B1C204639
:105450000DF10F0103F0CDFE37F8193043F00303CF
:1054600027F81930002E41D02046FFF73DFE18B92D
:10547000204805B0BDE8F08396F800C0D8F80030A9
:105480001B4F0CF5A272002143F8221005F108020F
:1054900037F8121021F02001C904C90C27F81210A6
:1054A00075781DB3D8F80000B67800EB8C002D0499
:1054B000D0F8103523F4991323F4F853C0F81035BD
:1054C000230203F47C5305F440353605D0F810E58B
:1054D0002B4306F4801641EA4C31334341F020015E
:1054E00043EA0E0327F81210C0F810350248C0E74F
:1054F000B40500200400AD0B0000AD0B014BC3E967
:1055000002127047B405002010B508461446FFF794
:10551000F7FD50B10846FFF7B1FD054B083033F8F1
:10552000103004485B0B237010BD0348FCE700BF3C
:10553000B40500200000AD0B0400AD0B70B5164D96
:1055400095F8744006462CBB2146542205F1100004
:1055500001F073FF30686E6E21468E420ED100233B
:10556000C0F87C31D0F87C3140F30730FCF71EFEE8
:1055700001230A4885F87430EB6670BDCBB29B00FE
:1055800003F580727C2B08BF845001F1010108BF34
:105590008358E2E70248F0E7B40500200000AD0BB5
:1055A0000C00AD0B034B93F87400003818BF0120BA
:1055B000704700BFB40500200148FFF781BC00BF61
:1055C0001C0600200148FFF757BC00BF1C06002046
:1055D00073B503681646D3F80423002AA8BF4FF01A
:1055E00000420546A8BFC3F8042308460C46FFF74F
:1055F00087FD00B30846FFF777FD0146D8B920467E
:10560000FFF766FD04B2A40004F580720346286823
:105610008150296882582144D1F8102542F00102B6
:10562000C1F810252EB12968012202FA03F3C1F84E
:10563000043302B070BD2046FFF720FD0F4B083049
:1056400033F81030C3F38203042B12D0052B12D091
:1056500001A80194FFF702FD019AD0F81035D3405C
:1056600003F00103991C204602B0BDE8704003F02E
:1056700009BE0321F7E70221F5E700BFB4050020CA
:105680002DE9F04F694BDFF8A881D3F80403D8F86F
:105690006410C0B289B040F00040FFF789FD051EDC
:1056A0002FDAC24600235AF8701F06A8CDE9063348
:1056B000FFF732FD5F4B01930DF118094FF0000B1E
:1056C000019A12F8013B0192DA0803F007031AF875
:1056D000022022FA03F3DA071CD409F10409BBF112
:1056E000000F14D0D8F864104FF00040FFF760FDB1
:1056F000D8F8701006A8FFF70FFD0028DAD125F0C2
:1057000000450124002D79D109B0BDE8F08F4FF09C
:10571000010BD5E7484B5B440293D9F800100029F0
:10572000DBD0029B91FAA1F11C78B1FA81F141EA38
:1057300044142046FFF7A2FC0830059438F8107096
:10574000C808BB0819F80020039301F007010123E2
:1057500003FA01F122EA010209F8002005A8FFF787
:105760007DFC059A039B02F5E072C7F3820650F8B0
:1057700022205B073746C2F3014224D52046394632
:10578000D6B2FFF785FC05A80594FFF767FC059BDB
:1057900003F5E07350F82330C3F301439E4207D171
:1057A0000021204603F06EFD3146204603F06AFDDD
:1057B00005A80594FFF752FC059B012202FA03F3AA
:1057C000C0F82035A9E7022A0CD10321204603F0B6
:1057D00059FD06F00503012BEAD139462046FFF7B3
:1057E00057FCE5E702212046039203F04BFD032E10
:1057F000F3D0039A032ADBD1022EEDE795FAA5F345
:10580000B3FA83F304FA03F29B0003F1804303F538
:10581000C04325EA0205D3F81005D3F81015C0F3EC
:105820000520C1F30141FFF733FC6BE70060004046
:10583000B4050020DBA50000DBA50000044AD2F877
:105840000034DB07FBD50160BFF35F8F704700BFFB
:1058500000E001404FF080531A69B0FBF2F302FB05
:10586000130373B9084B0222C3F80425C3F80805D3
:10587000D3F80024D207FBD500220448C3F804253E
:1058800070470348704700BF00E001400000AD0BC7
:105890000A00AD0B10B5054C0123C4F80435FFF721
:1058A000CDFF0023C4F8043510BD00BF00E0014067
:1058B00001460148FFF7E0BA2C060020036803F018
:1058C0001F025B09026004D0012B034818BF0020AF
:1058D00070474FF0A04070470003005073B5164664
:1058E000421C1C460546069B18D0012902D1BBB1BB
:1058F00003F074FD01A80195FFF7E0FF019B00EBA9
:1059000083002402D0F80027074B44EA86040C43A6
:1059100013401C4344EA4101C0F8001702B070BDB7
:1059200003F069FDE6E700BFF0F8FCFF4B69184A99
:10593000934221D00DD8174A93421DD007D8164A5A
:10594000934219D0154A934216D015487047154A0C
:10595000F9E7154A934208D004D8144A93420BD071
:10596000134AF0E7134A9342EFD10279124B1348DE
:10597000002A08BF1846704791F8213013B1CB6850
:105980000133F2D1CB690133EFD10C48704700BF2E
:1059900080841E0020A1070048E8010090D0030089
:1059A0000400AD0B40420F000024F40000093D004C
:1059B00000127A000048E8010300AD0B0000AD0BB7
:1059C0002DE9F04F874B4D6990F804909D4285B0CA
:1059D00006460C4600F0CE8000F2BE80824B9D420F
:1059E00000F0CB8000F2B080804B9D4200F0C88078
:1059F0007F4B9D420CBF4FF080654FF080457D4F3F
:105A000094F82300242202FB0973997F60F30001BC
:105A100099773379217C02FB03739A7F61F341020A
:105A20009A7794F82380B8F1000F34D16269724BF1
:105A30009A420CBF4FF0030A4FF0000A237E012B5D
:105A400094BF00230123009320685346424601215E
:105A5000FFF744FFCDF800806068534642460121BD
:105A6000FFF73CFFCDF80080A27EA0685346414678
:105A7000FFF734FF237C83F001030093E068534673
:105A800042460121FFF72AFF01210091E0695346B8
:105A90004246FFF723FF3379002B7AD094F8213068
:105AA000002B76D0242303FB09734FF0FF321A62D8
:105AB000A3680293D4E900BAE36994F81290227EB5
:105AC00094F81980D4F80CE094F810C094F82200EF
:105AD00003933379002B7AD094F8201094F8244063
:105AE00033687CB9029CC3F808B5C3F80CA5C3F8A9
:105AF0001045039CC3F86C45C3F814E5C3F868C5AA
:105B0000C3F86405B8F1000018BF0120022AC3F8E9
:105B1000C095C3F824555CD0032A5DD0012A01D179
:105B200040F00200C3F85405C3F86015337924220D
:105B30005343FB58002B52D0306840F3073005B078
:105B4000BDE8F04FFCF732BB2C4B9D420CBF4FF031
:105B500080554FF0804552E7294B9D4213D0264B8C
:105B60009D4213D0274B9D420CBF4FF000454FF094
:105B7000804544E74FF0005541E74FF000653EE7B0
:105B80004FF000753BE74FF0206538E74FF0A05528
:105B900035E7242202FB0979E368C9F82030227C2A
:105BA00099F81E3062F3410389F81E30A36802930E
:105BB000E36994F81290227E94F819800393D4E953
:105BC00000BA4FF0000C4FF0FF3E022081E70221A7
:105BD00084E740F00400A5E740F00600A2E705B026
:105BE000BDE8F08F80841E0020A1070048E8010076
:105BF00090D00300782D00200048E80140420F00BB
:105C00000024F40000127A00431C07B50ED0019066
:105C100001A8FFF753FE019B00EB8300054BD0F872
:105C20000027134043F00203C0F8003703B05DF8CB
:105C300004FB00BFF0F8FCFF2DE9F04790F804905A
:105C4000144C242505FB09F504EB050A1F469AF8B8
:105C50001C3006469046D3B961B96251CAF8047047
:105C6000242303FB0944002363770B480123237794
:105C7000BDE8F087FFF75AFE074B9842F8D130464F
:105C800044F80580CAF80470FFF79AFEE8E7034875
:105C9000EEE700BF782D00200000AD0B0C00AD0B2F
:105CA0002DE9F0410446067900681F4D40F30730A6
:105CB000FCF78AFA24237343EB5853B123681B4A39
:105CC000C3F8082306EBC601206805EB810103F049
:105CD0009FFB2421236801FB0651D3F80805D3F864
:105CE0000C75D3F810858B7FDB0716D4FFF78CFF7C
:105CF0004046FFF789FF3846FFF786FF086AFFF73F
:105D000083FF23794BB12368D3F86C05D3F81415BE
:105D1000FFF77AFF0846FFF777FF242303FB0655BA
:105D200000232B77BDE8F081782D00205201080078
:105D30002DE9F0430779554D24237B439046EA181B
:105D40000E46517F85B08146002940F09C80EB587B
:105D500023B118F0140F04BF0123537796E80F0006
:105D6000242404FB075404F10C0C8CE80F00206A77
:105D7000421C04D0A37F9B071AD503F02FFB336886
:105D8000D9F8004023B103F06043B3F1005F06D1BE
:105D9000B36883B103F06043B3F1005F0BD02423F9
:105DA00003FB075300223A485A7705B0BDE8F08359
:105DB00003F021FBE3E718F0010318BF0123C4F847
:105DC000503518F0020318BF0123C4F8403596E897
:105DD0000F00EC468CE80F00039BC4F84405C4F8A0
:105DE0004815C4F83425C4F838350023C4F81831F0
:105DF000D4F818310723C4F8003524237B4318F066
:105E0000080F05EB03021DD1E8580121216158B9A3
:105E1000D4F81831002BFBD062464021204603F015
:105E20009FFA24237B43EA18EB5813BB106A461CE5
:105E300013D107EBC70705EB8701204603F0E8FA0B
:105E40001448B2E7EB58A3B9106A411CF8D0937F0D
:105E50009A070BD503F0CFFAF2E7937F9B0702D5A1
:105E600003F0C9FAE5E703F0B9FAE2E703F0B6FA9E
:105E7000E6E718F0040F4FF0400314BFC4F80833EE
:105E8000C4F80433DCE704488FE700BF782D002016
:105E90000A00AD0B0000AD0B0B00AD0B02494FF03B
:105EA000402003F0CBBA00BF782D00200149024802
:105EB00003F0C4BA9C2D002000F0024010B5144C31
:105EC000A8220021204601F0B8FA03232361114AD9
:105ED0006361114BA261E3614FF48063236200238D
:105EE000A3626362E36222660C4A62661022A266C3
:105EF0002367E3666367BFF35F8F094A12F8011DEA
:105F0000E1540133102BF9D1BFF35F8F10BD00BFF7
:105F100010040020DDA5000010000020000000207B
:105F2000F6A5000038B5EFF31185202383F312881E
:105F3000BFF36F8F064B9C6803F0C3FA85F311889B
:105F4000BFF36F8F2046BDE83840FCF7B7B800BFFD
:105F5000C02D002038B5094B53F82040013053F8CC
:105F60002050A54200D838BD636823B1204603F015
:105F7000ABFA0834F5E723689847FAE7A49D0000D8
:105F800070B52B4B2B4C2C4D012286B003201A7080
:105F9000FFF7E0FFFBF7A6FE03F0B2FA0420FFF7DD
:105FA000D9FF2646AE4204F1300410D300F022FBA4
:105FB000204C224EAC4226D300F030FBFAF70AFA0E
:105FC0001F4A137B23F00103137306B070BD54F80E
:105FD0000C3C059354F8103C049354F8143C039380
:105FE00054F8183C029354F81C3C019354F8203C9C
:105FF000009354E90A2354E90C0100F03BF954F8EA
:10600000303C5E65CDE7D4E90A23B3F1FF3F08BF1A
:10601000B2F1FF3F05D052EA0301206803D103F03B
:106020008DFA3034C6E73146183000F0ABFCF8E7A3
:10603000134700208C9900008C99000049960000BD
:10604000E806002008B50348034A0021121A03F0AD
:1060500053FA08BD480600201847002070B50023F9
:1060600086B00122CDE90423134E144D01930F2273
:10607000CDE902321249142303FB005506EBC0168A
:1060800004464FF4C07000FB04110E4B00954FF412
:10609000A072304600F0EEF8737B0B4AEE6023F0FE
:1060A000040373734FF4046304FB033313442C742D
:1060B0006B6006B070BD00BF68060020C02D0020D8
:1060C000804F00200395000040470020BFB500200E
:1060D000FFF740FF2C4B83F308882C4D2C4E6B6947
:1060E0002C4F43F400736B610024E02385F82230C9
:1060F000EC772C766C76AC7685F820406B6A43F4AE
:10610000E0236B6285F82340FBF754FFFCF702F9AC
:106110004FF0FF33AB62EB62FCF7C2F9FCF71EF9FC
:106120001D4BB36040F201129A81C3E919441C6708
:1061300003F0B3F90120FFF70DFF0220174DFFF721
:1061400009FF00F08BFA164B756105930123154981
:106150000094CDE903434FF420523B46CDE901447E
:10616000284600F087F86A7B064622F0040228469B
:106170006A7303F01FFA2046FFF770FF3A46314674
:106180002846FCF7A9F800BF804F002000ED00E092
:10619000C02D0020815F000068070020E806002075
:1061A000F7A500000051002038B50446EFF3118533
:1061B000202383F31288BFF36F8F03F049FA48B1AD
:1061C0000022826703F0F6F929460848BDE8384006
:1061D00000F0CCB9D4E902329A4218BF0133A3606F
:1061E00085F31188BFF36F8F38BD00BF14470020BF
:1061F00013B5EFF31181202484F31288BFF36F8F5E
:10620000846844B1013C846081F31188BFF36F8FCF
:10621000002002B010BD52EA030406D181F31188B8
:10622000BFF36F8F6FF00F00F3E7CDE90023024655
:10623000014800F06FF9ECE71447002070B5044600
:10624000EFF31185202383F31288BFF36F8F6FF074
:106250000A06204603F0FCF918B1866703F0AAF994
:10626000F7E7A06029460248BDE8704000F07EB91B
:1062700014470020F0B5073285B022F0070204462B
:106280007F320E9D0D9E2573583022F03F02C4E9E7
:106290001600042500203F2AA673C4E90600A0606A
:1062A0006573E07301F14007A2F1400605D880F361
:1062B0001188BFF36F8F284602DFC4E919768D1865
:1062C00000260C9AE66602920B9A01920A9A0092B4
:1062D00020462A46FBF7CEFF044B66659B6803B158
:1062E0001B6F2367284605B0F0BD00BFC02D0020FE
:1062F00038B50D4D2B4653F8184F9C4200D004B9C9
:10630000EC68AB6838B95A7BD20604D1A26912B9DD
:10631000DA897F2A05D89C4202D0204600F07AFA1A
:1063200023466B6138BD00BFC02D002008B590F931
:106330000D20437B002A014604DA03F07F034373F8
:1063400003F0FEF8044B9868431A58425841BDE8E0
:106350000840FFF7CDBF00BFC02D002070B490F9FA
:106360000D30427B002B29DBD30627D183692BBB61
:10637000134962F07F0242730A4652F8184F944262
:1063800018BF2346CC6923B9C0E900242060C86146
:106390000CE090F90E5093F90E60B5420AD0AE426F
:1063A00008DD5A68C0E900321060586070BC0020F7
:1063B000FFF79EBF9C42E7D01B68E4E770BC7047C4
:1063C000C02D00202DE9F041002A427B0E460CBF73
:1063D00010210821114204460FD141EA0203D209DB
:1063E00018D1437308291BD00120FFF781FFBFF3A9
:1063F0005F8F637B23F060036373274B9B68A3422B
:1064000043D1EFF30583002B3FD13046BDE8F04187
:10641000FBF76ABE03F07F03437303F091F8E1E7F3
:10642000A36813B1204603F093F804F1180003F0B9
:106430004CF9A56D04F15807AF4211D04FF0000898
:1064400075B1284603F084F805F1180003F03DF912
:10645000C5F878802846FFF781FFA56DAF42EFD1E0
:106460000D4DAB689C42BFD1EFF30583002BBBD031
:106470000120FFF73DFF094BAB6040F201129A810A
:106480000022C3E919221A67B1E786F31188BFF326
:106490006F8FBDE8F08100BFC02D0020680700208D
:1064A00070B590F90D20437B002A014604DA03F011
:1064B0007F03437303F044F84B7B154A63F07F037B
:1064C00010464B7350F8183FD469834208BF00232D
:1064D00023B9C1E900042160D1610CE091F90E50AB
:1064E00093F90E60B5420ED0AE420CDD5868C1E99A
:1064F0000030016059609068431A5842BDE870400E
:106500005841FFF7F5BE9C42E3D01B68E0E700BFAF
:10651000C02D0020F8B5124B0C461146114A986860
:106520001060DDE90676EFF31182202282F31288F3
:10653000BFF36F8F9D68284603F014F8B6F1FF3F54
:1065400008BFB7F1FF3F06D007493A46334605F189
:10655000180000F017FA2046BDE8F840FBF7C4BD6C
:10656000C02D0020E02D00204996000049B9EFF32E
:10657000058030B9054B5A699B689A4201D0FBF7F8
:10658000B3BD81F31188BFF36F8F7047C02D00201A
:1065900010B5EFF31184202282F31288BFF36F8FBE
:1065A000427B510704D484F31188BFF36F8F10BD71
:1065B00022F004024273FFF7D1FE21460248BDE8F3
:1065C0001040FFF7D3BF00BF14470020034648B96F
:1065D000EFF3058232B9064A51699268914201D0BF
:1065E000FBF782BD83F31188BFF36F8F704700BF45
:1065F000C02D0020EFF31181202383F31288BFF315
:106600006F8F054B9A68D37B013BD37381F311885D
:10661000BFF36F8F704700BFC02D002038B5EFF378
:106620001185202484F31288BFF36F8F0A4B9A6878
:10663000D37B0133D3730020FFF75AFE85F3118813
:10664000BFF36F8FEFF3118084F31288BFF36F8F66
:10665000BDE83840FFF7BABFC02D0020024B03F160
:106660001802C3E906227047C02D0020F8B5EFF3E9
:106670001185202383F31288BFF36F8F194988682F
:10668000437B03F07F03437302F05AFF8B685A7B0E
:10669000084662F07F025A7350F8182FCC69824284
:1066A00008BF002222B9C3E900042360CB610CE0DB
:1066B00093F90E6092F90E70BE420ED0B7420CDD17
:1066C0005168C3E900210B6053600120FFF710FE01
:1066D0002846BDE8F840FBF707BDA242E3D01268A8
:1066E000E0E700BFC02D002050EA01032DE9F04192
:1066F00005460E4603D1FFF7B9FF00202BE0831CAF
:1067000071F1FF3329DB02F0F5FF2C18EFF311884C
:10671000202383F31288BFF36F8F124F124BB86898
:106720001860FFF703FEB86810492A463346183050
:1067300000F028F9BA68537B43F0100353734046C6
:10674000FBF7D2FC02F0D6FF201A63EB030301280B
:1067500073F10003D1DBBDE8F0816FF00104241A6E
:10676000D4E700BFC02D0020E02D00204996000096
:10677000B1F1FF3F08BFB0F1FF3F08B506D10A4BAA
:10678000986802F026FF4FF0FF3008BDFFF7ACFF1E
:106790004FF47A7147F6FF730022C0FB0132D80B29
:1067A00040EA4240F1E700BFC02D0020014B98684D
:1067B000704700BFC02D0020044BC01A044BC0100E
:1067C0005843044B01221A54704700BFE8070020C9
:1067D000ABAAAAAA14470020C3897F2B12D80A4B60
:1067E0001B6863B1094B90F90E201B689A4209DBC4
:1067F000437BDB0606D1064BC31A18BF012303F007
:10680000010070470023FAE7E82D0020E42D002066
:106810006806002070B50E4B0E4C1E7C06EB46033E
:1068200004EBC3040546204602F04FFF0A4B00224A
:1068300028469A55FFF7D0FF48B1084B08491A6817
:10684000013A2046D317BDE8704000F09BB870BDF8
:10685000C02D0020E807002014470020E82D00206C
:10686000B967000038B5EFF31185202383F3128850
:10687000BFF36F8F104B114A9C681068A04206D17D
:10688000FFF7C8FF85F31188BFF36F8F38BD002174
:106890001B7C11600A4AD35C002BF3D02046FFF723
:1068A0009BFF0028EED0637BDB0602D12046FFF77A
:1068B000F7FD2046E4E700BFC02D0020E02D0020BA
:1068C0001447002008B50648064A0749121A02F084
:1068D00015FEBDE80840054A0549064802F00EBE0F
:1068E000C00400204806002004A6000000000000AC
:1068F000FCA50000C0040020034B1B680BB9FDF78A
:106900005DBA0020704700BFEC2D002030B570B19B
:106910000B4B5B6898420AD0036843B1D3E904216A
:10692000D0E90445121941EB0501C3E90421D0E97E
:10693000003213605A600023C0E9003330BD00BF4D
:106940003006002010B50E4B1C689C4204D1FFF7A6
:10695000D3FF6FF0004010BDFFF7CEFF002CF8D042
:10696000D4E904321B1A62EBE072B3F1004F72F10A
:106970000001EEDA002AACBF18460020EBE700BFAA
:1069800030060020B3F1FF3F08BFB2F1FF3FF8B57A
:1069900004461D4616465ED08160EFF31187202322
:1069A00083F31288BFF36F8F013275F1FF3324DA5E
:1069B0002E49D1E900206FF001039B1A4FF0FF32FE
:1069C00062EB00009E1B60EB0500012E70F10003DE
:1069D00001DA01260020C4E90460254ED6F800C083
:1069E0007568B44508BF4FF0000CBCF1000F0DD125
:1069F000C4E900652C6074601CE0FFF77DFF013680
:106A000045F10005361845EBE070E4E7DCE90420C9
:106A1000D4E90431934271EB000E1DDAD21ADCF88E
:106A2000043060EB0100CCE90420C4E900C31C6021
:106A3000CCF804403368B34209D09C4207D10D4BD7
:106A40001C6824B9FFF77EFF2146FDF789F987F31B
:106A50001188BFF36F8FF8BD9B1A61EB0001AC4545
:106A6000C4E90431C4D0DCF800C0BEE7000800204F
:106A700030060020EC2D00202DE9F84FEFF3118CAB
:106A8000202383F31288BFF36F8FDFF8B0A0DFF805
:106A9000B0902C4FC9F80000DAF8000000245045EF
:106AA00008BF00200025D7E90021D9F80030E046D2
:106AB00078B3D0E9046C4FEAE37EB3427EEB0C0B73
:106AC00005DAF61A6CEB0E04C0E9046421E0B21892
:106AD00041EBE671C0E90445C7E90021FFF716FF65
:106AE00088F31188BFF36F8F83689847EFF311889D
:106AF000202383F31288BFF36F8FD9F80030DAF8C0
:106B000000009B1B5045C446C9F80030CBD1D7E9E3
:106B100000219A1841EBE3730024C7E90023C9F868
:106B20000040FFF70FFF2146FDF71AF988F311889F
:106B3000BFF36F8FBDE8F84FFFF794BE300600201B
:106B4000EC2D00200008002010B5EFF31184202365
:106B500083F31288BFF36F8FFFF7CEFE054A03461B
:106B6000D2E90001181841EBE37184F31188BFF3F7
:106B70006F8F10BD000800207047012303FA01F158
:106B800003691B68194203D022B183681B6903E0C3
:106B9000002AFAD08368DB6818470020704730B5B8
:106BA00083688B4285B0044615460ED96368C06879
:106BB000194401AA00F0C7FE28B96268019B9B1A1C
:106BC0002B60029B6B6005B030BD6FF02100FAE7CF
:106BD0002DE9F7430E4617469946044628B94FF06B
:106BE000FF38404603B0BDE8F0830029F7D0002A03
:106BF000F5D0CB680D891D4404230DEB0302294613
:106C0000384600F03EFB80460028E8D1BDF804106D
:106C1000738946F60812914225D1BDF806109942B3
:106C2000DDD104230DEB03022944384600F029FB93
:106C30000028D4D1BDF8042046F607139A42CED1DD
:106C4000C4E900679DF82830A4F80890A3727389FE
:106C5000BDF806202B44E360738913442B440435AC
:106C600063612561BDE7002BE4D0B8E72DE9F3416E
:106C70000E4617461D46044620B94FF0FF3002B0BD
:106C8000BDE8F0810368002BF7D04368002BF4D0F7
:106C90004FF6FF78D4E904239A4216D223685B8921
:106CA00023B1E368934204BF0433236104232169C1
:106CB00060680DEB030200F0E4FA0028DDD1A37A4E
:106CC0002BB1D4E903329A4201D30120D7E72389BB
:106CD000BDF80610434501F1040203D0BDF804C01D
:106CE0009C450BD115B1BDF804302B8023690433CA
:106CF00033603980236913442361C0E72369134457
:106D00002361C7E748B103683BB143682BB1C06852
:106D1000884294BF0020012070474FF0FF30704739
:106D200000F070BB4FF4C06358433030704710B56B
:106D3000044600F0E8FAA3684FF4C062303B02FB5F
:106D4000103010BD70B50D46044601F0B7F82A4664
:106D5000A0F1080104232046BDE8704000F091BA7C
:106D600013B50446019101F0A9F80423A0F108012C
:106D70000DEB0302204601F0E4F802B010BD70B53F
:106D800013460E461546002102460446FAF7D4F88B
:106D900050B92B4604F12C0201212046FAF7CCF819
:106DA00010B1002E08BF002070BD73B5044600204E
:106DB0000D461646F9F7B4FB6946C0B2FAF73AFF3A
:106DC00030BB2C2303FB05440098E36825891D4450
:106DD00004230DEB0302294600F053FAC0B9BDF8B5
:106DE00004206489009846F608139A4215D1BDF82C
:106DF00006309C420CD104230DEB0302611900F014
:106E000040FA28B9BDF8042046F607139A4207D085
:106E1000009800F035FA02B070BD002CF2D0F7E710
:106E2000BDF80610214429443160F1E737B5044626
:106E3000426A4FF4007501A903200195FAF722FF79
:106E400058B9019B226DA36201A901200195FAF7AF
:106E500019FF054628B1092500E00125284603B0A1
:106E600030BD019B206A636500F04DFAE065F5E7EF
:106E70000123036003F1012343600023C0E90233CF
:106E800070474379012B07D10368012B04D10079A6
:106E9000431E584258417047002070477FB5064650
:106EA0000D46032001A9FAF7C5FE38BB0198FFF78C
:106EB0003EFFF16D0446284600F0D1F804440198E5
:106EC00000F021FA0646019800F024FA0822014653
:106ED0000DEB020000F0B1FA2B798DF80830214655
:106EE0000198334602AA00F0E1F9041E019818BF88
:106EF000012400F0C5F9204604B070BD0124FAE772
:106F000000F0E9B92DE9F8430E460021074608468E
:106F1000F9F706FB012104460020F9F701FB33785D
:106F20009C4221D0984221D101252C2303FB0575D9
:106F3000F86DAC6AFFF7F6FE013C07464FF000081B
:106F40006B6A03EBC40253F83410D2F804901B6848
:106F50004A46C91A3046C844FFF7D2FFB84504F183
:106F6000FF34EDD3BDE8F8830025DEE70120F9E723
:106F700037B515460C460120694601F025F8E97938
:106F8000012903D00022204601F032F89DF8033099
:106F9000012B02D1204601F00AF8A9682046FFF72C
:106FA000DFFE2046FCF74AFF002003B030BD73B57A
:106FB0000D460646FAF7C8F80446E86058B30228BA
:106FC0002ED101A90320FAF735FE58BB01982A46B5
:106FD0003146FAF717F80446D0B9019800F06EFF71
:106FE000012301460DF10302019800F04AF904461D
:106FF000A0B9019801220DF1030100F073FF10B157
:1070000001238DF803309DF8033003F00F03EB717B
:10701000019800F035F9204602B070BD0124F7E771
:107020000724F8E70124F6E738B5436A0446C06D43
:107030005D68FFF777FE0246A06A002301382B4403
:107040009A4201D90138FAE738BD436A00205A68EC
:10705000034613448B4200F10100FAD3704710B588
:1070600043790279012B14BF4B02002302F1FF3256
:1070700001FB0233026814BF4C000C46013A04FBCA
:10708000023010BD002070470FB407B504A951F8B5
:10709000040B0191FAF78AFA03B05DF804EB04B02F
:1070A0007047044608B5084611461A46A047FFF740
:1070B0007DFBFBF703F8038B13F0070305D103688F
:1070C000002B0CBF002003207047022B05D1408B02
:1070D000B0FA80F0400980007047012B05D10368A9
:1070E000002B0CBF0020052070470020704710B512
:1070F0000C4600B111B96FF0150010BD081D00F06D
:1071000093F80028F9D1A368032BF6D9F3E72DE90A
:10711000F0410D4607461946281D90461E4600F0D0
:1071200094F8044638B13346424629463846A446C8
:10713000BDE8F0416047BDE8F08110B4EFF3118283
:10714000202484F31288BFF36F8F416110BC0121AA
:10715000FAF75CBC38B50C46054658B151B10B681E
:1071600043B14B6833B11C22002100F066F92C6159
:10717000002038BD6FF01500FBE770B505460E46E0
:10718000FFF7B5FF041E14DBEFF31182202383F316
:107190001288BFF36F8F6B8B2C8B4FF6FF718B4276
:1071A00004F0070407D182F31188BFF36F8F6FF0EB
:1071B0000A04204670BD022C0CD101336B8382F38C
:1071C0001188BFF36F8F0023224631462846FFF710
:1071D0009EFFEEE7062C14D8DFE804F00413131327
:1071E000041A0400002333606B683BB9C5E90066EC
:1071F000ACB902212846FAF709FCDAE71E606E6096
:10720000F6E782F31188BFF36F8F6FF00404D0E7C5
:1072100082F31188BFF36F8F6FF08504C9E782F3A3
:107220001188BFF36F8FC4E7034658B1426802F07C
:107230000302012A03D0032A04D1026812B10020FC
:10724000986070476FF0150070474268816002F0E7
:107250000302032A4FF0000203460CBF00681046E9
:107260005A60704770470FB407B504A951F8040B72
:107270000191FAF79BF903B05DF804EB04B0704795
:107280007047002930B4044618460BDBA568084453
:10729000A84207D8E0686468214484682468A4464A
:1072A00030BC60476FF0150030BC7047002930B427
:1072B000044618460BDBA5680844A84207D8E068D6
:1072C0006468214484686468A44630BC60476FF0F9
:1072D000150030BC70470029034610B410460BDB84
:1072E0009C680844A04207D8D8685B681944836842
:1072F0009B682BB110BC18476FF0150010BC70478D
:107300006FF05700FAE708B5C0688368DB689847F4
:10731000006808BD08B5C0688368DB689847407995
:1073200008BD70B54C680368A34201D2012070BD4E
:107330008A682244934201D30020F8E7D1E903256B
:107340004E69B54203D36FF00B038B61F4E71B1B4F
:1073500042F835304368086902EBC00253600B699C
:1073600001330B61E2E7012801D1EFF30583FEF75A
:10737000D9BD01460068FFF7F6BF08B5FAF7C4FCAF
:10738000BDE80840FAF7C4BC00210120FFF7EBBFBD
:1073900061B662B680F31188BFF36F8F704772B623
:1073A000002383F31188BFF36F8FBFF34F8F30BF7C
:1073B00062B6BFF36F8F704772B6002383F31188F4
:1073C000BFF36F8FBFF34F8F20BF80F31188BFF3E0
:1073D0006F8F62B67047202809D9B0F1004F08D8E6
:1073E0000138B0FA80F0C0F11F004000704708205B
:1073F00070473E207047034600201A5C02B9704770
:107400000130FAE710B55AB10139841810F8012B90
:1074100011F8013FA04201D09A42F7D0D01A10BD16
:107420001046FCE710B5431E0A44914200D110BD3E
:1074300011F8014B03F8014FF7E7C9B202440346C4
:10744000934200D1704703F8011BF9E74FF0FF307A
:1074500070470369C9B20C2201FB0233186C00F0BB
:107460000700704770B5C9B20369EFF31185202496
:1074700084F31288BFF36F8F0C2606FB0134246C53
:1074800014F0C00408D0A24206D085F31188BFF3DF
:107490006F8F4FF0FF3070BD71430B4401221A64AF
:1074A00085F31188BFF36F8F43680B445B6898477F
:1074B0000020F0E78022FFF7D5BFF8B5069F0469EA
:1074C000C9B2EFF31186202585F31288BFF36F8FC1
:1074D0000C2569430C44256C05F0070CBCF1010F29
:1074E0000BD1276486F31188BFF36F8FC4E90E2395
:1074F00043685B5898470020F8BD05F0C005AF42CF
:1075000086F31188BFF36F8F0CBF6FF077004FF0D9
:10751000FF30F1E713B580240094FFF7CEFF02B0EF
:1075200010BD10B40069CBB21C2403FB0400002181
:1075300010BC10470020FDF70BBD002001F057BE26
:107540001046FEF731BE036920330B600123136040
:107550007047FEF729BE4FF0FF324FF0FF33FEF7C2
:1075600047BEF0B58BB044680769119ECDF818D0BE
:10757000002000908DF804000120079010988DF8ED
:107580000010D107CDE9080602F080050DD512F0F4
:10759000040F1BBA1ED00493042204A90DF10100AC
:1075A000FFF740FF079B04330793002E06AB0CBF89
:1075B00001220222CDE903230293214602230593EF
:1075C00051F8040BA5B183681C68002302AAA047E8
:1075D0000BB0F0BD3A7C0493D307DDD403220DF148
:1075E00011010DF10100FFF71DFF079B0333DBE7DE
:1075F00083681C6804ABE9E773B500230D1E466879
:1076000018BF0421CDE9003308BF062180220446BB
:10761000FFF7A7FF737EDB0609D540B93DB9CDE979
:1076200000000346802298212046FFF79AFF02B00F
:1076300070BD1FB5012301930DF10F0300930023CB
:107640001A460521FFF78DFF08B99DF80F0005B018
:107650005DF804FB2DE9FF41064615461C4601274F
:107660000DF10F080023CDE900871A4605213046A9
:10767000FFF777FF40B99DF80F30DB0704D52846A8
:107680002146FFF775F8EDE704B0BDE8F0812DE97C
:10769000F347054600690F1ED0F81C9016467DDBA7
:1076A000BB184B457AD847EA0204C4F30B04002CFC
:1076B00074D1FFF750FF21462846FFF79DFF4FF09A
:1076C000FF3A0446002E46D101212846FFF794FFD9
:1076D000002C08BF04462869FFF73BFF204602B094
:1076E000BDE8F0872869A04600F1110319305A78E7
:1076F00082B10AFA02F137EA01010BD1012191406E
:10770000B14207D8B8F1000F1CD098F8011091428F
:1077100038BF984602339842E9D1B8F1000F13D030
:10772000002398F800108122CDE9003328463B461B
:10773000FFF717FF98F801200123934004461F44E8
:10774000F61A21E09846E5E76FF015040121284676
:10775000FFF752FFBFE7002CF8D1CDE900442346E4
:10776000802206212846FFF7FCFE04460028EDD1C2
:10777000B145B7D1CDE9000003468022C721284694
:10778000FFF7EFFE00260446002CDFD140F26762CF
:1077900000232846FFF75EFF044693E76FF01504C9
:1077A0009CE72DE9F74F054600690E1E1F46B0F80D
:1077B0001A80C36991464EDBF2199A424BD8FFF703
:1077C000CAFE00212846FFF717FF0446C0BB8246C9
:1077D0002FB901212846FFF70FFF044634E0B845D2
:1077E000C34628BFBB4606EB0B0396FBF8F2013BF2
:1077F000B3FBF8F393421CBF08FB1262A8EB020B29
:10780000CDE900AA0023802206212846FFF7A9FE21
:107810000446A8B9CDE9009B3346812202212846BF
:10782000FFF79FFE044658B9012200232846FFF7C0
:1078300011FFA7EB0B07D9445E4404460028C7D0CC
:1078400001212846FFF7D8FE2869FFF782FE20466F
:1078500003B0BDE8F08F6FF01504F8E7F7B5054603
:1078600000690C1E1E461746C36913DBA2199A4213
:1078700010D8FFF770FE2346CDE9007601220321E0
:107880002846FFF76EFE04462869FFF762FE204691
:1078900003B0F0BD6FF01504F9E738B505460C46A6
:1078A00001F03BFD002D07DBA84205D9401B8442B7
:1078B0008CBF0020012038BD0020FCE770B50D46CC
:1078C0002846194616461C46FFF7E7FF38B124B193
:1078D000224629463046FFF7A5FD002070BD6FF017
:1078E0001500FBE7F7B51C461646002382682360A7
:1078F000A36013690D4601AA69469847019B5A1E69
:1079000001921BB96FF0150003B0F0BD0098A2689A
:1079100047682168676085B9B31AD0F800C063452D
:1079200028BF63461A4403FB07112160A260026866
:107930009A4206D808300090E0E76B1AB3FBF7F3E1
:10794000EBE70020E0E713460022FFF7CBBF2DE96D
:10795000F047836886B01B698846914601A902AA50
:1079600098470024A2462546029BAB4202D806B0A7
:10797000BDE8F087019F07EBC50700267B680493ED
:107980003A68B2420AEB060302D801359A46EBE7A1
:1079900003940593494603A8C0470028E7D0049BF9
:1079A00001361C44ECE74B1E5B0800EB8300C90763
:1079B000C36958BF1B0CC3F3072113F0FF031DBF9E
:1079C0000020117053706FF01500704743685B68BA
:1079D000D3F810350B600020704743685B6802EAFB
:1079E000010021EA0201C3F80805C3F80C150020C4
:1079F000704743685B680020C3F808157047436808
:107A00005B680020C3F80C15704743685A68D2F8C9
:107A1000043521EA03000B40C2F80805C2F80C3512
:107A20000020704710B503695868F8B1884219D131
:107A30009C6808685860A14200D1986000200860E6
:107A40002AB15A680A609A68596002B999600020A0
:107A500010E0814206D10868206098688142EDD12B
:107A60009C60EBE7044600680028F2D1002AE8D1C8
:107A70006FF0150010BD30B543681360057A446897
:107A800004EBC504A34202D36FF0010030BD5C7962
:107A90008C4201D00833F0E70020F7E743681B6809
:107AA000D3F88004C3F88004704742681368D3F8A1
:107AB000100150B1126A002012780A70C3F8100148
:107AC000D3F8102101221A6070474FF0FF30704741
:107AD00002680346D2F8580140B95B68DB0706D458
:107AE000D2F82001003818BF0120704701207047EC
:107AF00043681B68D3F80423D20517D5D3F8202197
:107B0000A2B1EFF31182202181F31288BFF36F8FAE
:107B1000D3F8201131B10021C3F82011D3F820117E
:107B20000121D96082F31188BFF36F8FD3F85831E8
:107B30007047002201210420FAF768BB00220121CE
:107B40002F20FAF763BB10B50B6813B91360184602
:107B500005E003685C681CB114600368186810BD18
:107B6000083303600B68013B0B60EDE713B501AA16
:107B70000446FFF780FF002805DB019B2268197986
:107B80001868FBF703FB02B010BD03460A46006805
:107B90001979012303FA01F103691B68194218BF1F
:107BA00082F0010212B18368DB68184783681B69A1
:107BB000FBE710B504460068D0B18368C3B149B192
:107BC00001210830FFF7E1FF23681869BDE8104084
:107BD00001F05FBC12B98388DB0409D4006901F0AD
:107BE00058FC20680021BDE810400830FFF7CDBFE9
:107BF00010BD10B5012200210446FFF7DAFFA3698A
:107C000033B9636004F11000BDE81040FEF7CCBA50
:107C100010BD10B5006903688B4206D190F85C4036
:107C200034B9FFF7E6FF204610BD6FF01500FBE703
:107C30006FF00F00F8E72DE9F84344680669054640
:107C40000021E06BFFF792FF002823DB216C481C2A
:107C500017D1636B9847B46801270834D6E902321C
:107C600003EBC203A4F10802934215D83046FFF794
:107C7000C0FF6B680021D86BFFF778FF00EAE07067
:107C800008E004F14400FBF759FE10F1130F01D096
:107C9000411DDED1BDE8F88354F8080C01F0FEFB6D
:107CA00028B354F8080C14F8041C34F8023CD0F83B
:107CB00010E0D0F80890DEF800C0DA0754BF43F4B3
:107CC000B01383F4D01323F4801207FA01F8DB0712
:107CD0004CBF48EA0C032CEA0803CEF80030D9F870
:107CE00000309847002804F10804B7DAD2E76FF0B3
:107CF0001200CFE738B505690446296305F1200075
:107D0000FEF752FA002285F85C2020691146BDE892
:107D10003840FFF74EBF38B502780346002A52D1EB
:107D20000C69A26D32B9606D6FF07301BDE8384027
:107D3000FFF7E0BFE06C40B1216D31B1DB6823B1EA
:107D4000834202D0616EFFF76DFBA36CA56D9BB102
:107D50009D4211D85B1BA3644BBB636B0833636309
:107D6000A36B013BA36304F1480204F1380104F161
:107D70003400FFF7E8FE6064236D9BB19D4211D88B
:107D80005B1B2365CBB9E36B0833E363236C013BD7
:107D9000236404F1500204F1400104F13C00FFF7B8
:107DA000D2FEE064606DBDE83840FBF787BB636CD2
:107DB000002BE1D02B446364DEE7E36C002BF1D0B1
:107DC0002B44E364EEE738BDF8B50C46054601F0F8
:107DD000A1FA0022214606462846FDF7F9FB0321B9
:107DE0002046FBF78BFD00F023F807462B689B59D4
:107DF00053B100262146284601F08AFA2046012187
:107E0000FBF77CFD3046F8BD00F012F8C01B0628D9
:107E1000ECD96FF07306EDE700F150039B009BB2C5
:107E200003F1804303F5883300221A601B68704712
:107E300008B5FBF729FE08BD73B5054601A80C4639
:107E40001646FBF7DDFF70BB4FF080531969B5FB99
:107E5000F1F201FB125242BB1969B4FBF1F201FBD2
:107E6000124212BB1A695B695343A3421DD3E4B1AA
:107E7000019B1B0103F1804101F5F031C1F800586D
:107E8000C1F80448C1F80868D1F8002895420FD11C
:107E9000D1F8042894420BD1D1F80838DBB2B342B0
:107EA00018BF6FF00D0002B070BD6FF01500FAE75B
:107EB0006FF00D00F7E70222FFF7BEBF80681838A9
:107EC00020F0070010387047042809D0052803D196
:107ED000481E18BF01207047431A58425841704746
:107EE0000120704738B515460C4661B15AB1FFF70D
:107EF00011FA2544214611F8013B834203D1A942DE
:107F0000F9D1012038BD0020FCE738B50C4601232B
:107F1000114622460546FFF7B4F900280FDB01227F
:107F200021462846FFF7DEFF38B92378012B14BF1E
:107F3000022301232370002038BD0323FAE7012028
:107F4000FAE72DE9F7431D4606460F469046FFF730
:107F5000DAF96C1E044440420440082C1AD830461A
:107F6000FFF7D8F92A46814641466846FFF75AFA94
:107F7000621B49460DEB0500FFF75FFA23466A4690
:107F800039463046FFF792F9003818BF012003B098
:107F9000BDE8F0834FF0FF30F9E707B501238DF816
:107FA000042001AAFFF7CDFF03B05DF804FB816850
:107FB0001839012221F00701FFF7EFBF8268183A54
:107FC00022F00702FFF7A1BF13B50C46C0B201A90A
:107FD000F9F730FE50B921460198FBF74FFF0446F0
:107FE0000198FFF74DF9204602B010BD0124FAE7D1
:107FF00013B541EA021104468DF80710FFF75EFF42
:10800000012301460DF107022046FFF79AFF02B057
:1080100010BD8168183921F0070101220839FFF7E6
:10802000BCBF70B504680D1B002D02DC6FF05F0053
:1080300070BD94F900602378002E0ADB631C036096
:10804000237813600368C91A13688B42EED80020A6
:10805000EEE703F07F035C1E032C13D89D42E5DDA1
:1080600000241460046801340460046815682478EE
:1080700044EA052414600468013B04F1010404602F
:10808000F3D1DFE76FF06300D2E770B404680E1B32
:10809000002E07DD26789E4208D10134046070BCB2
:1080A000FFF7BFBF6FF05F0070BC70476FF06100FB
:1080B000FAE773B50223154601AA0446FFF7E5FF68
:1080C00040B9019E21683246284600F0A6FB23688D
:1080D0003344236002B070BD0139002901DA002069
:1080E000704750F82130002BF6D0B3FA83F00131FD
:1080F000C0EB4110704739B101F18041013900EB0B
:1081000081018142034600D270471B680A681BBA8E
:1081100012BA40F8042B41F80439F2E72DE9F04196
:108120001C4613F0030318BF012303EB94038B4297
:1081300006460D46904613D879B18F003A46002185
:10814000FFF77BF92CB1381B224641463044FFF73C
:1081500069F929463046FFF7CEFF0020BDE8F081DF
:108160006FF00700FAE7B3EB810F70B504464FEAF2
:108170008105104619D95A1B86180021FFF75DF9B1
:1081800030462B46C21800218B4210D1002070BD12
:1081900022F0030102F003066158F600F140C9B273
:1081A00081B90132AA42F3D1ECE71A46FAE721F08D
:1081B000030001F003052058ED00E84002F8010D2E
:1081C0000131E1E76FF00700E1E753098B42F0B4BA
:1081D00002F01F0401D809D124B18A00F0BC0021AB
:1081E000FFF72BB91F2A03D8F0BC70471F2A0AD902
:1081F00000EB8302051F00EB8106B24216D1CB1AB9
:1082000000228B4217D3002CEED000EB810100221C
:10821000C4F120068142E7D051F8045C25FA04F34A
:10822000134341F8043D05FA06F2F3E752F8047BE4
:1082300045F8047FE1E740F823200133E1E71F2AF6
:10824000F0B54FEA521402F01F0512D96FF0030681
:1082500006FB04060B469C4203F1FF3212D3631A5D
:108260008C4288BF00230B4400EB8303002283422F
:108270000ED135B100EB84000022C5F120078C42FD
:1082800009D3F0BD56F8223040F822301346E2E719
:1082900043F8042DEBE7066806FA05F3134340F8AC
:1082A000043B013426FA07F2E9E7F0B500248446DE
:1082B00020469C4200D1F0BD51F8245052F8247061
:1082C0002E182CBF01250025BF194CF8247045F14C
:1082D00000000134EDE7F0B50024064620469C423C
:1082E00000D1F0BD51F824C052F82470ACEB000569
:1082F000AF4294BF4FF0000E4FF0010EED1B46F859
:10830000245084452CBF70460EF101000134E6E78D
:108310008B422DE9F04728BF0B469646DE08089AA7
:108320000446C91A03F0070875460346B446002000
:108330000CF1FF3CBCF1FF3F03F1200305F12005E8
:1083400011D104EB46140EEB46164FEA880C06EBEF
:10835000880E2546764540F081806444013980F0DE
:108360008B80BDE8F08755F8207CA2FB079710EBC7
:10837000090953F8200C47F1000710EB090043F8F6
:10838000200C55F81C0C47F10007A2FB00093F1810
:1083900053F81C0C49F10009C01943F81C0C55F89E
:1083A000180C49F10009A2FB000719EB000953F86A
:1083B000180C47F1000710EB090043F8180C55F8AA
:1083C000140C47F10007A2FB00093F1853F8140CE6
:1083D00049F10009C01943F8140C55F8100C49F183
:1083E0000009A2FB000719EB000953F8100C47F134
:1083F000000710EB090043F8100C55F80C0C47F17E
:108400000007A2FB00093F1853F80C0C49F10009C2
:10841000C01943F80C0C55F8080C49F10009A2FBEF
:10842000000719EB000953F8080C47F1000710EB9F
:10843000090043F8080C55F8040C47F10007A2FBAB
:10844000000A17EB000953F8047C4AF1000017EB0F
:10845000090740F1000043F8047C69E756F8043B43
:10846000A2FB0337C318286847F10007C31845F873
:10847000043B47F100006DE723681B1844F8043BF8
:108480002CBF0120002069E70168881C400000F033
:1084900008000844032300FB01F2C2F10202013B81
:1084A00002FB00F0F7D1404270472DE9F04F87B052
:1084B00091460493109B0293DDE91183139D05936C
:1084C0004FEAC80283468A46043200212846FEF756
:1084D000B4FF08F102032E4600240393444515D14E
:1084E00005EB84012346029A51F824505846FFF7C1
:1084F000F2FE6840FBF798FDA6000A4600235946A5
:10850000109607B0BDE8F04FFCF72AB85AF82430AF
:10851000D9F8002037680399009302FB0377059A86
:10852000049B574330464A46FFF7F2FE3046DDE9EA
:10853000022100974346FFF7EBFE04360134CDE7F6
:1085400038B50D460121044600F031F988B9E988B3
:108550002046890100F07DF958B92A462146204677
:1085600000F02FFB28B9E9882046BDE8384000F02C
:10857000B8B838BD4901502934BF01220322012374
:108580009340033358430130704710B586B00B9CBD
:1085900004940A9C039400240294099C0194089C6E
:1085A0000094FBF765FD06B010BD10B586B00B9CBE
:1085B00004940A9C03944FF02A340294099C019479
:1085C000089C0094FBF754FD06B010BD30B505467D
:1085D000104600229A4200D130BD51F82240241AA0
:1085E00045F8224034BF012000200132F2E7034663
:1085F00000EB810100208B4201D1FBF715BD53F840
:10860000042B1043F7E71FB5089C0394069C0092C7
:10861000CDE90134079AFFF748FF04B010BD30B52B
:1086200087B01C460B9D03950A9D00920123CDE95E
:10863000014505AA0593FFF738FF07B030BD0022BA
:108640000123C0E90023704710B5044648B1006813
:1086500018B1E188890000F0DDFB00220123C4E9A4
:10866000002310BD42F21073994270B504460D46C6
:1086700002D96FF00F0070BDC3888B4201D3002078
:10868000F9E704212846FCF757F906460028F0D000
:10869000216841B1E2889200FEF7C4FEE1882068BB
:1086A000890000F0B7FBE5802660E8E738B50446AE
:1086B0000D4619B9FFF7C8FF002038BDC2888A42AD
:1086C00007D1006892000021FEF7B7FE0123A380C6
:1086D000F2E7FFF7B9FF29462046BDE83840FFF72B
:1086E000C1BF42F21073994270B50A46054602D9DD
:1086F0006FF00F0070BDC3888B4207D8BDE8704093
:10870000FFF7B0BF296851F8231011B9013B002BC6
:10871000F8D15C1C944238BF144604212046FCF773
:108720000BF906460028E3D0296839B1A200FEF70C
:1087300079FEE9882868890000F06CFBEC802E60E7
:108740000020D7E7884270B505460E4609D0C98893
:10875000C28841B92AB10123838092000068FEF7E4
:108760006CFE002070BD4C1E8CB90134B6F904308B
:10877000AB80A24212D221462846FFF773FF0028A1
:10878000F0D131682868A200FEF74CFEE9E73368B3
:1087900053F82430002BE8D1013CE5E72868121B90
:1087A0009200002100EB8400FEF747FEE9E770B578
:1087B0000C4601210546FFF755FF064688B9EA88B1
:1087C000014692002868FEF738FE84EAE472A2EBC4
:1087D000E472E40FC4EBC4342B68640001341A6003
:1087E000AC80304670BDC388B1EB431F3FBF036808
:1087F0004A0901F01F0153F822003ABFC84000F0B7
:10880000010000207047C1880068FFF765BC08B50B
:10881000FFF7F9FF0730C00808BD70B50E4612F02B
:10882000030118BF012101EB920105461446FFF731
:108830003DFF38B9E988286823463246BDE87040D4
:10884000FFF76CBC70BD13460A46C1880068FFF78D
:108850008ABC38B504460D46FFF7D5FFE3882844A7
:10886000B0EB431F06D82068E1882A46FFF7E7FCF3
:10887000002038BD10F01F0118BF012101EB50117D
:108880002046FFF7EFFE0028EDD0F2E708B50A46D4
:10889000C18811B10068FFF798FC002008BD10B531
:1088A000C38823B9CA885AB9ABB1012017E002685E
:1088B00002EB830252F8042C002AF3D1013BF0E7CB
:1088C0000C6804EB820454F8044C0CB9013AEAE752
:1088D0009342EAD80FD3013B5A1C01D1002010BDAE
:1088E000026852F823400A6852F823209442DCD8E8
:1088F00003F1FF33F0D24FF0FF30F0E730B5C3881B
:1089000023B9CA885AB9002B3DD136E0026802EB80
:10891000830252F8042C002AF3D1013BF0E70C68E3
:1089200004EB820555F8045C4DBB013AEAE7B1F966
:10893000045003D2B1F90400404226E0B0F904200B
:10894000002A03DD002D0CDA01201EE0002D08DDD9
:108950003AB14FF0FF3018E003F1FF330BD2504231
:1089600013E0013B016851F8235054F823108D4265
:10897000F2D9104609E0591CF4D1002005E0002B83
:10898000D8D09342D3D9B0F9040030BD1FB581EAE5
:10899000E173A3EBE173C90FC1EBC131490001934E
:1089A00001310123ADF80C10ADF80E3002A901AB76
:1089B0000293FFF7A3FF05B05DF804FB90422DE999
:1089C000F04105460F46144602D0884206D127469C
:1089D0000123AB80FC883CB9002003E0FFF7B2FE26
:1089E0000028F4D0BDE8F0813B6803EB84034FEA34
:1089F000840853F8043C0BB9013CECE721462846B7
:108A0000FFF730FE0028EDD12E683A682346314644
:108A10003046FFF74AFC06EB08030746002FDBD081
:108A2000EA88A24204F1010608D831462846FFF739
:108A300019FE0028D6D12B6803EB84031A68D219DB
:108A400043F8042B2CBF012700273446E6E72DE925
:108A5000F041D48805460E4690463CB9F188A142C3
:108A60000ED26FF009073846BDE8F081D8F8003023
:108A700003EB840353F8043C002BEFD1013CECE7FB
:108A80002846FFF7EFFD07460028ECD1F288944214
:108A90000BD2AE4209D031682868121B920001EB5C
:108AA000840100EB8400FEF7BDFCEA88F088824276
:108AB00007D92B68121A9200002103EB8000FEF701
:108AC000BCFCD8F80020316828682346FFF703FC77
:108AD000024610B90123AB80C5E72968EB8801EB9A
:108AE00084011B1B0846FFF771FD0028F2D0B8E790
:108AF0002DE9F843B1F90440B2F804C01CFB04FCB2
:108B00006646734381460D4617461CD511462846D6
:108B1000FFF7C5FEB0F100080DDB3A46294648468E
:108B2000FFF795FF98B9B8F1000F08BF0124A9F825
:108B3000044000200BE02A464846FFF788FF30B982
:108B4000644224B2F3E7FFF739FF0028EFD0BDE815
:108B5000F8830123FFF7CCBF4FF0FF33FFF7C8BF07
:108B60002DE9F341CF880546884616463FB1D8F82F
:108B7000003003EB870353F8043C3BB146B90021B6
:108B8000284602B0BDE8F041FFF711BE013FEDE716
:108B9000791C2846FFF766FD044670B94146284611
:108BA000FFF7D0FD044640B9013E0096D8F80020FA
:108BB000E98828683B46FFF7ABFB204602B0BDE8DA
:108BC000F08170B504460D46104600211646FFF7A9
:108BD000DDFE002824DB2A46334621460020FBF731
:108BE00025FB054638B1284670BD32462146204651
:108BF000FFF7AFFF90B900212046FFF7C7FE00281E
:108C0000F3DB31462046FFF779FE0028EBDB3246E6
:108C100021462046FFF7A0FF0028F2D00546E2E7F4
:108C20006FF00905DFE72DE9F04F89B0DDE9125853
:108C300006468B462846002191460593FFF7A6FE7F
:108C4000002805DC6FF00304204609B0BDE8F08F72
:108C50002B681B68D907F5D500214846FFF796FE1B
:108C60000028EFDB4846FFF7CEFDB0F5006FE9D8EE
:108C70002846FFF7C8FDB0F5006FE3D8B9F8061035
:108C800031B90121304609B0BDE8F04FFFF78FBD83
:108C9000E888FFF76FFC04218246FBF74DFE07468C
:108CA000002800F0AA8000220123CDE906234FEA24
:108CB0008A0AB8F1000F0DD1294606A8FFF740FC3B
:108CC000044600B35146384600F0A4F806A8FFF762
:108CD000BBFCB9E7D8F80030002B6ED106AB1846C4
:108CE0002946FFF72DFC06AB044640B151463846F5
:108CF00000F090F8D8F80030002BA5D1E6E793E813
:108D0000030088E8030059463046FFF71BFD044680
:108D1000002867D10123B38029463046FFF7EEFDD6
:108D2000002857DAE9883046FFF79CFC0446002803
:108D300058D12868FFF7A8FB069B00900297019383
:108D40003168EB882A6804900846FFF75CFC059BB5
:108D50000698B9F806203168B3F12A3FEB880192F2
:108D6000CDE90207D9F8002000922A68084641D1CF
:108D7000FFF71BFC049B019700933168EB882A687E
:108D80000846FFF74CFCBBF904B0BBF1FF3F29D10B
:108D9000D9F800301B68DB0724D5F1883068FFF76D
:108DA00026FC01225946FBF733FA3246B0802946A9
:108DB0003046FFF7CEFE044614E0E9884046FFF750
:108DC00051FC0446002891D198E8030008AB03E960
:108DD000030098E72A4631463046FFF7F2FE044684
:108DE00000289FD05146384600F014F8B8F1000F23
:108DF00080D16BE7FFF7C9FBBCE76FF00F0423E7F7
:108E000013B5049CCDE900344FF02A33FFF70BFF74
:108E100002B010BD10B5044608B1FBF781FD204635
:108E2000BDE81040FBF78EBD0020704770477047CB
:108E30002DE9F8430446DDE90876914698460D464B
:108E400051B9B9F1000F10D1B8F1000F15D1E7B940
:108E50001EBB55BB002006E00830FFF773FC00285E
:108E6000EFD0A0F58140BDE8F883494604F1200029
:108E7000FFF768FC0028E7D0F3E7414604F128003B
:108E8000FFF760FC0028E2D0EBE7394604F1180058
:108E9000FFF758FC0028DBD0E3E7314604F110006F
:108EA000FFF750FC0028D4D0DBE704F10800FFF7FF
:108EB000AEFC6060CEE710B5782200210446FEF7D4
:108EC000BCFA0023C4E91C3310BD4068704710B5DC
:108ED0000446A0B36030FFF7B7FB04F16800FFF76A
:108EE000B3FB04F14800FFF7AFFB04F11800FFF7F4
:108EF000ABFB04F12800FFF7A7FB04F12000FFF70C
:108F0000A3FB04F11000FFF79FFB04F10800FFF73B
:108F10009BFB04F15800FFF797FB04F15000FFF7AB
:108F200093FB04F14000FFF78FFB04F13800FFF7DB
:108F30008BFB04F13000BDE81040FFF785BB10BD8E
:108F400000BA70476C220021FEF777BA10B16C218D
:108F5000FBF7E6BC70472DE9F04105460E46144686
:108F60007AB3036C03F03F079B18036422BF436C82
:108F7000013343645FB3C7F1400842451CD3424606
:108F80003844FEF74FFA29462846FBF72FFEC8B9AA
:108F90002744A7F140043F2C46440BD90027F11980
:108FA0002846FBF723FE78B94037E31B3F2BF6D862
:108FB0003E441C462CB1002722463146E819FEF7F4
:108FC00031FA0020BDE8F0814FF0FF30FAE73F2A88
:108FD000E4D8F1E773B5036C03F03F035A1C0D4668
:108FE000382A4FF08001C1540446104400F28480B6
:108FF000C2F138020021FEF720FAD4E91060730FA5
:1090000043EAC000FFF79CFF04220DEB0201019030
:1090100004F13800FEF706FAF000FFF791FF042292
:109020000DEB0201019004F13C00FEF7FBF9214633
:109030002046FBF7DBFD0646002857D1A06CFFF762
:109040007FFF04220DEB020101902846FEF7EAF9AA
:10905000E06CFFF775FF04220DEB02010190A818E8
:10906000FEF7E0F9206DFFF76BFF04220DEB020124
:10907000019005F10800FEF7D5F9606DFFF760FF7C
:1090800004220DEB0201019005F10C00FEF7CAF974
:10909000A06DFFF755FF04220DEB0201019005F1D1
:1090A0001000FEF7BFF9E06DFFF74AFF04220DEB59
:1090B0000201019005F11400FEF7B4F9206EFFF7EC
:1090C0003FFF042201900DEB020105F11800FEF7AD
:1090D000A9F9A36E53B9606EFFF732FF0422019025
:1090E0000DEB020105F11C00FEF79CF92046FFF78D
:1090F0002DFF304602B070BDC2F140020021FEF7E4
:109100009CF921462046FBF771FD06460028EDD16B
:109110000146382220466EE700207047004700F0E5
:10912000B8B9C00000F1804000F5F830C0F8101563
:10913000C0F814257047FCF7BBBBF7B5044618B15F
:10914000012824D003B0F0BD4FF080430222C3F8C1
:1091500008230122DA60C3F80401D3F8043106467B
:1091600001238DF8073042F210754FF08047DCB1D3
:10917000012CE7D1D7F80C3403F480338EBB002BDD
:10918000E0D00120FFF7CBFF013DF3D1DAE74FF04C
:1091900080430022C3F808035860C3F80021D3F8C5
:1091A00000310DF10706DBE7D7F8183403F48033FC
:1091B0003EB9002BC6D00120FFF7B1FF013DF3D12E
:1091C000C0E7D7F8182402F003023260002BB9D0B0
:1091D0009DF807000128B5D1FFF7A1FF013DC6D1D9
:1091E000B0E7D7F80C2402F001023270EEE7FFF787
:1091F000A4BFF7B5019001A8DDE9084716461D4652
:10920000FBF72CFF019BB6F1000C18BF4FF0010CCF
:1092100000EB83000B1E18BF0123002D43EA4C0313
:1092200014BF4FF00C0C4FF0000C002C43EA0C0361
:1092300014BF4FF4E06C4FF0000C002F43EA0C0316
:10924000D0F8002714BF4FF4403C4FF0000C43EA25
:109250000C0322EA030301B109780EB136787600D7
:1092600019430DB12D78AD0031430CB1247824029F
:1092700029430FB13F783F040C433C43C0F80047FB
:1092800003B0F0BD1FB50DF10F03019300238DF85E
:109290000F1000931A461946FFF7ABFF05B05DF8B3
:1092A00004FB08B50146FBF72BFF40B10846FBF76E
:1092B0000FFF00B2800000F5807080B208BD4FF44F
:1092C000BE70FBE738B5054608460C46FBF718FFAD
:1092D000B0B10846FBF708FF90B90846FBF7F8FE67
:1092E0002A6801238340C2F808332A6803B202EBDC
:1092F0008303D3F8102522F00302C3F8102538BDEC
:1093000020460021BDE83840FFF7BCBFFBF77EBF19
:10931000FFF7D8BF0846FFF7C4BF4FF080531A6964
:109320005869504370474FF08053186970474FF0A9
:1093300080535869704770B5A2F58074A40801265F
:1093400006FA04F4054614EA010008D0A85830B122
:109350000021A950AA581A6822431A60304670BDED
:109360002DE9F341002304460D460193904601ABDD
:109370004FF4A672FFF7DFFF4FF4827229462046B2
:10938000FFF7D9FF4FF48C72074629462046FFF7B6
:10939000D2FF064630B1B8F1000F1DD017B1D4F896
:1093A0003C353E4601AB4FF4887229462046FFF714
:1093B000C2FF30B1B8F1000F03D016B90FB1D4F825
:1093C0003C3501AB4FF4907229462046FFF7B3FFBE
:1093D000019802B0BDE8F0814646E3E707B5019089
:1093E00001A8FCF76BFA019A01239340C0F80835F5
:1093F00003B05DF804FB07B5019001A8FCF75EFA25
:10940000019A01239340C0F80C3503B05DF804FBCA
:10941000012370B504460D464361642600220221F3
:109420002046FFF79DFF20B90120FFF778FE013E9F
:10943000F4D100236B77C4F8003570BD70B501F12D
:109440000C020C4640210546FFF78AFFC8B1206A8E
:10945000421C04D0A37F9B0710D5FFF7CCFF637F8E
:109460001BB121462846FFF7D3FF00232046237275
:10947000616850F8083BBDE870401847FFF7AEFF41
:10948000EDE770BDFCF71ABD08B5FFF7FBFF002044
:1094900008BD08B1F9F7CAB87047704740B1C36852
:1094A000587810F001001EBF1878B0FA80F040091B
:1094B0007047EFF31183202383F31288BFF36F8F7C
:1094C000FEE708B5FFF7F5FF10B5D0E9003433B972
:1094D0000020E268537843F00103537010BD20462A
:1094E00098470028F4D00028B8BF4042E368FF281E
:1094F000A8BFFF201870ECE7FDF79FBFFDF792BFF4
:10950000704708B52024EFF3118384F31288BFF36A
:109510006F8FFDF744FFF6E73AB18A4205D3C0E901
:109520000212C0E90000002070476FF0150070477C
:10953000EFF30580003818BF01207047FDF728B809
:10954000D0E9003213605A600023C0E9003370474D
:1095500008B5FFF7F5FF437B23F0020343730023B5
:10956000836008BD38B504460D46FCF7DFFE637B1B
:1095700043F002036373E5B1A5602B689D4209D1F6
:109580006B68C4E900531C606C6012E06A689A4220
:10959000F6D01B68002BF3D094F90E2093F90E102F
:1095A0008A42F3D09142F1DD5A68C4E90032146076
:1095B0005C6038BD10B5EFF31184202383F312886B
:1095C000BFF36F8FFCF7CAFE84F31188BFF36F8F70
:1095D00010BD10B50446183000F077F8EFF3118194
:1095E000202383F31288BFF36F8F627B12F0100287
:1095F00004D081F31188BFF36F8F10BD2046BDE802
:109600001040FCF7DFBE38B50446EFF31185202388
:1096100083F31288BFF36F8F437B13F0280F0BD1B6
:1096200083680BB1FFF794FF637B51B903F0FB0331
:1096300063732046FCF792FE85F31188BFF36F8FAA
:1096400038BD03F0EB03F3E701211838FFF7DBBF68
:1096500038B5EFF31185202383F31288BFF36F8FA2
:109660000468A0420DD034B12046FFF771FF04F129
:10967000180000F02AF885F31188BFF36F8F204699
:1096800038BD0024F7E7EFF31181202282F312881E
:10969000BFF36F8F027BD2070CD581F31188BFF324
:1096A0006F8F002383F31188BFF36F8F0423184655
:1096B00002DF7047437B1B0704D581F31188BFF39A
:1096C0006F8F70470122FCF77DBE10B5EFF3118458
:1096D000202282F31288BFF36F8F03683BB1FDF73E
:1096E00015F9002084F31188BFF36F8F10BD6FF060
:0C96F0001500F7E708B5FDF727FA08BDE4
:0896FC00386AFF7F0100000045
:109704001526000000000000E92600006C97000008
:1097140089940000000000004D2F00009497000081
:109724004D2F000080970000B1330000A89700007F
:109734005129000000000000FD3B00000000000073
:109744001991000000000000377C0000D097000051
:109754001D2D0000BC970000377C0000E49700003A
:08976400A9290000F89700009C
:10976C006EA400007C9A0000949A00003806002039
:10977C00902C0020AFA40000049B0000349B000040
:10978C003E060020242D0020BDA400001C9B0000E0
:10979C00349B000040060020302D0020D3A4000094
:1097AC00589B0000A09B0000420600203C2D00208E
:1097BC0095A4000000000000E89A00003C06002080
:1097CC0000000000E1A40000AC9B0000949C000091
:1097DC0044060020D4040020EEA40000209C0000CD
:1097EC00949C0000460600203C05002089A4000043
:1097FC00B09A0000CC9A00003A060020E42C00201D
:10980C00F94F00001D91000000000000897300005A
:10981C00A8970000F17A0000000000008973000096
:10982C009D5E00001D910000000000008973000087
:10983C00815600001D91000000000000897300009B
:10984C000000000089730000000000008973000014
:10985C000000000089730000000000008973000004
:10986C0000000000897300000000000089730000F4
:10987C0000000000897300000000000089730000E4
:10988C000000000089730000000000008D3C000007
:10989C0000000000897300000000000089730000C4
:1098AC0000000000897300000000000089730000B4
:1098BC0000000000897300000000000089730000A4
:1098CC000000000089730000000000008973000094
:1098DC000000000089730000000000008973000084
:1098EC000000000089730000000000008973000074
:1098FC000000000089730000000000008973000064
:10990C000000000089730000000000008973000053
:10991C000000000089730000000000008973000043
:10992C000000000089730000000000008973000033
:10993C000000000089730000000000008973000023
:10994C000000000089730000000000008973000013
:10995C000000000089730000000000008973000003
:10996C0000000000897300000000000089730000F3
:10997C000000000089730000AD5E00001D91000026
:08998C00C89E0000030000006A
:1099A0000338FDD8704700000300000001000000EC
:1099B00001000000ADA20000CC99000003000000EF
:1099C0000100000003000000010000000E01000083
:1099D00007000000000000000000000000C00000C0
:1099E000BC970000010000000000000000400700DC
:1099F000F89700000200000000C000000002000014
:109A0000BC9700000300000000C0000000400700F9
:109A1000BC9700000400000000C20000003E0700E8
:109A2000BC9700000500000000C20000003E0700D7
:109A3000BC970000060000000040070000C0F800CE
:109A4000F8970000C00400200000000000000B0692
:109A500002000000589A0000000000005FA400000F
:109A6000240002020000002067A4000020000B1167
:109A7000712600004126000000000000C127000000
:109A8000B52600007DA40000357500003B75000080
:109A900083A4000041270000B57400001575000084
:109AA00000000000537400000000000000000000EF
:109AB000E497000000127A00000100009497000073
:109AC0000800010000000000000000005D780000B8
:109AD000A37700008F760000A129000047750000E1
:109AE0000100000000FF0000BD780000A92D00006B
:109AF000452D0000152D0000052D0000040000007C
:109B000000FF0000FF030000000300500000000001
:109B1000010000000060004000000000FFFFFFFFA8
:109B20000000005000000000000000000060004045
:109B300000000000E12F0000CD790000DB7900007B
:109B4000F3790000FF7900000B7A00004D2E000031
:109B5000257A000000000000002000400100000005
:109B6000000000007C9B00000000D6010000000007
:109B700000000000F2460020F146002000200040D6
:109B8000889B000001000000909B00000400000082
:109B90000600000005000002080600010706000399
:109BA000AB7A0000FD3200009D7A000000F0024018
:109BB000010000000048E801000000000000000073
:109BC00000000000FFFFFFFF0000FF00000000009A
:109BD00000000000FFFFFFFF020000010100000085
:109BE0003D7B0000FFFF0000F89B0000FFFFFFFF30
:109BF000000000000000000000F00240049C000093
:109C0000010000000C9C000003000000170000048D
:109C100016000006150000059497000014000100CE
:109C2000004000400000000000127A000000000028
:109C30000000000000000000FFFFFFFF0000FF0029
:109C40000000000000000000FFFFFFFF0000000117
:109C500001000000337B0000FFFF00006C9C00004F
:109C6000FFFFFFFF00000000000000000040004078
:109C7000789C000001000000809C000003000000B0
:109C8000280000040C0000050B000006949700005B
:109C9000080001008D350000137C00000300000067
:109CA00001000000982F8A4291443771CFFBC0B564
:109CB000A5DBB5E95BC25639F111F159A4823F9297
:109CC000D55E1CAB98AA07D8015B8312BE853124F0
:109CD000C37D0C55745DBE72FEB1DE80A706DC9BB1
:109CE00074F19BC1C1699BE48647BEEFC69DC10F5D
:109CF000CCA10C246F2CE92DAA84744ADCA9B05C99
:109D0000DA88F97652513E986DC631A8C82703B05B
:109D1000C77F59BFF30BE0C64791A7D55163CA0669
:109D200067292914850AB72738211B2EFC6D2C4D75
:109D3000130D385354730A65BB0A6A762EC9C28163
:109D4000852C7292A1E8BFA24B661AA8708B4BC2F9
:109D5000A3516CC719E892D1240699D685350EF423
:109D600070A06A1016C1A419086C371E4C774827DA
:109D7000B5BCB034B30C1C394AAAD84E4FCA9C5B50
:109D8000F36F2E68EE828F746F63A5781478C884A1
:109D90000802C78CFAFFBE90EB6C50A4F7A3F9BE83
:109DA000F27871C604970000049700003C97000009
:109DB000449700006C9700006C97000001000200BF
:109DC00010001100120020002100220023002400B6
:109DD0003000310032003300FFFF77C295F360D2CC
:109DE000EF7F3552500F2CB6798025633A2053749B
:109DF000617274696E6720626F6F746C6F61646505
:109E0000720A0025633A20556E61626C6520746F9A
:109E10002066696E6420626F6F7461626C65206990
:109E20006D6167650A0025633A20426F6F746C6F3D
:109E30006164657220636861696E6C6F6164206142
:109E4000646472657373206F66667365743A20305C
:109E50007825780A0025633A204A756D70696E6727
:109E600020746F2074686520666972737420696D50
:109E700061676520736C6F740A0025633A20507225
:109E80006F74656374206D6375626F6F7420666CA8
:109E9000617368206661696C65642C2063616E6320
:109EA000656C20737461727475702E0A0025633AB4
:109EB000204E657665722073686F756C64206765E7
:109EC0007420686572650A006D6375626F6F740057
:109ED00025633A204469646E27742066696E6420A5
:109EE0004C454420646576696365207265666572D9
:109EF00072656420627920746865204C4544305F47
:109F00004E4F44450A0A0025633A20696E76616C1B
:109F1000696420666C6173682049442025643B2095
:109F200065787065637465642025640A000000002C
:109F3000000000000025633A20556E61626C6520C8
:109F4000746F2064657465726D696E6520666C61FE
:109F5000736820736563746F72206F662074686520
:109F600020696D61676520747261696C65720A00B1
:109F70007072696D617279007365636F6E6461728E
:109F8000790025633A20496D61676520696E207408
:109F9000686520257320736C6F74206973206E6F61
:109FA000742076616C6964210A0025633A20256477
:109FB00020737461747573207772697465206661AB
:109FC000696C7320706572666F726D696E6720745C
:109FD000686520737761700A0025633A20466169DD
:109FE0006C656420746F206F70656E20666C6173A1
:109FF0006820617265612049442025642028696DCC
:10A0000061676520256420736C6F74202564293A8C
:10A010002025642C2063616E6E6F7420636F6E74F4
:10A02000696E75650A0025633A204661696C65644E
:10A030002072656164696E6720736563746F727303
:10A040003B20424F4F545F4D41585F494D475F534E
:10A050004543544F52533D2564202D20746F6F208B
:10A06000736D616C6C3F0A0025633A204661696C30
:10A0700065642072656164696E6720696D616765FA
:10A0800020686561646572733B20496D6167653D59
:10A0900025750A0025633A204661696C6564207263
:10A0A000656164696E6720626F6F74207374617498
:10A0B00075733B20496D6167653D25750A00256311
:10A0C0003A2070616E6963210A0025633A20446575
:10A0D00074656374656420696E636F6E736973740D
:10A0E000656E7420737461747573210A0025633A78
:10A0F0002043616E6E6F7420757067726164653A9B
:10A10000206E6F74206120636F6D70617469626C82
:10A110006520616D6F756E74206F66207365637462
:10A120006F72730A0025633A2043616E6E6F74206C
:10A13000757067726164653A206D6F726520736532
:10A1400063746F7273207468616E20616C6C6F77DA
:10A1500065640A0025633A2043616E6E6F74207552
:10A160007067726164653A206E6F742073616D650B
:10A1700020736563746F72206C61796F75740A0067
:10A1800062616400676F6F6400756E736574005080
:10A1900072696D61727920696D6167650025633A46
:10A1A0002025733A206D616769633D25732C207308
:10A1B0007761705F747970653D307825782C206305
:10A1C0006F70795F646F6E653D307825782C2069FB
:10A1D0006D6167655F6F6B3D307825780A00536568
:10A1E000636F6E6461727920696D616765002563D4
:10A1F0003A20426F6F7420736F757263653A2070F6
:10A2000072696D61727920736C6F740A0025633A0C
:10A2100020426F6F7420736F757263653A206E6FA2
:10A220006E650A0025633A205374617274696E6723
:10A230002073776170207573696E67206D6F766526
:10A2400020616C676F726974686D2E0A0025633A2D
:10A25000204E6F7420656E6F756768206672656545
:10A2600020737061636520746F2072756E20737740
:10A27000617020757067726164650A0025633A2019
:10A2800072657175697265642025642062797465F0
:10A290007320627574206F6E6C7920256420617262
:10A2A0006520617661696C61626C650A00308201CB
:10A2B0000A0282010100D106081A18442C18E8FB92
:10A2C000FDF70DA34F1FBBEE5EF9AAD24B18D35A70
:10A2D000E96D188019F9F09C341BCBF3BC74DB4298
:10A2E000E78C7F10537E435E0D572C44D167080FD7
:10A2F0000DBB5CEEECB399DFE04D840BAA774160B7
:10A30000ED152849A701B43C10E6698C2F5FAC41DC
:10A310004D9E5C14DFF2F8CF3D1E6FE75BBAB4A927
:10A32000C8887E473C94C37767544BAA8D3835CA9A
:10A3300062617EB7E115DB7773D4BE7B72218969D8
:10A3400024FBF8656E643EC80ED785D55C4AE4539D
:10A350000D2FFFB7FDF31339833FA3AED20FA76ACA
:10A360009DF9FEB8CEFA2ABEAFB8E0FA823754F4AF
:10A370003EE12BD0D3085818F65E4CC8888131AD29
:10A380005FB08217F28A692723F3AB873E931A1DC9
:10A39000FEE8F81A246659F81CABDCCE681B66642C
:10A3A00035ECFA0D119DAF5C3AA7D167C647EFB106
:10A3B0004B2C62E1D1C902030100012D0020002BCA
:10A3C00000307800305800286E696C29002A2A2A4B
:10A3D00020426F6F74696E67204D4355626F6F74D2
:10A3E0002076322E312E302D6465762D3132653552
:10A3F0006565313036303334202A2A2A0A002A2A69
:10A400002A205573696E67206E524620436F6E6E28
:10A410006563742053444B2076322E392E302D370D
:10A420003738376232363439383430202A2A2A0A0B
:10A43000002A2A2A205573696E67205A6570687948
:10A4400072204F532076332E372E39392D3166380E
:10A45000663364633239313432202A2A2A0A0046AC
:10A460004C4153485F30005352414D5F3000636CA4
:10A470006F636B40343030303030303000686663AA
:10A480006C6B006C66636C6B00733235666C3132DA
:10A49000386C403000666C6173682D636F6E747247
:10A4A0006F6C6C657240343030316530303000672D
:10A4B00070696F403530303030333030006770694C
:10A4C0006F4035303030303030300000010203044E
:10A4D00005060775617274403430303032303030E8
:10A4E0000073706940343030326630303000737041
:10A4F00069403430303034303030007065726D0077
:10A5000074657374004255473B2063616E27742065
:10A5100068617070656E007265766572740025639F
:10A520003A205365636F6E6461727920696D61676B
:10A5300065206F6620696D616765207061697220B2
:10A540002825642E2920697320756E726561636801
:10A5500061626C652E20547265617420697420619B
:10A560007320656D7074790A0025633A20496D6126
:10A57000676520696E6465783A2025642C205377DE
:10A58000617020747970653A2025730A0025633A5A
:10A5900020496D61676520696E6465783A2025649D
:10A5A0002C205377617020747970653A206E6F6E3D
:10A5B000650A000401040304020401040104030108
:10A5C0000303040104092040081C4000202A2A2A11
:10A5D0002A2A2A2A2A2A2A2A2A2A2A000154657281
:10A5E0006D696E616C000000000000005454522040
:0CA5F000524547474553006D61696E00FD
:10A6040001000000FFFFFFFF85700000D4990000E7
:10A614004D7400000000000000000000189C0000C1
:10A6240001000000E4040020E40400200000000015
:10A6340001000000F4040020F404002000000000E5
:10A644000100000000000000000000000000000005
:10A6540000000000000000000000000000000000F6
:10A664000000000000000000D0970000000000007F
:10A6740000000000FB460020F3460020000000001C
:10A68400000000008C9C0000010000004C0500202C
:10A694004C05002000000000010000005C050020C3
:10A6A4005C05002000000000010000000000000024
:10A6B4000000000000000000000000000000000096
:10A6C4000000000000000000000000000000000086
:10A6D400E497000000000000000000000B47002089
:10A6E400034700203B7400002D8E00002F8E0000D5
:10A6F400298E00000000000000000000000000009F
:10A704000000000000000000000000000000000045
:10A714000000000000000000000000000000000035
:10A724000000000000000000000000000000000025
:10A734000000000000000000000000000000000015
:10A744000000000000000000000000000000000005
:10A75400000000000000000008000000FF000000EE
:10A76400000000000300000000000000FFFF0F00D5
:08A77400300600203006002031
:10A77C0000000000000000000000000000000000CD
:04A78C0015E015E0DF
:0400000300001FE1F9
:00000001FF
