:020000040000FA
:1000000000790020E11F000073730000CD1F000085
:10001000CD1F0000CD1F0000CD1F0000000000001C
:100020000000000000000000000000008D21000022
:10003000CD1F00000000000059210000CD1F00006E
:100040003923000039230000392300003923000040
:100050003923000039230000392300003923000030
:100060003923000039230000392300003923000020
:100070003923000039230000392300003923000010
:100080003923000039230000392300003923000000
:1000900039230000392300003923000039230000F0
:1000A00039230000392300003923000039230000E0
:1000B00039230000392300003923000039230000D0
:1000C00039230000392300003923000039230000C0
:1000D00039230000392300003923000039230000B0
:1000E00039230000392300003923000039230000A0
:1000F0003923000039230000392300003923000090
:1001000053B94AB9002908BF00281CBF4FF0FF317E
:100110004FF0FF3000F00CB8ADF1080C6DE904CEE3
:1001200000F008F8DDF804E0DDE9022304B07047D0
:10013000704700BF2DE9F04786468C460846089E6A
:10014000154674461946002B40F0C2808542B2FA2B
:1001500082F245D94AB1C2F1200300FA02FC2EFA1C
:1001600003F3954043EA0C0C94404FEA154EA8B2B5
:10017000BCFBFEF8230C0EFB18CC08FB00F943EA8D
:100180000C43994528D9EB1808F1FF3704D299455B
:1001900002D9A8F102072B44A3EB0903A4B2B3FBD5
:1001A000FEFC0EFB1C330CFB00F044EA0344A042AF
:1001B00014D92C190CF1FF3304D2A04202D9ACF1AE
:1001C00002032C44241A43EA07401EB1D440002302
:1001D00034607360BDE8F0874746DDE76346F1E7CA
:1001E00092BB431B01214FEA154EAFB2B3FBFEFC9D
:1001F000200C0EFB1C330CFB07F840EA0343984528
:1002000062D9EB180CF1FF3004D2984502D9ACF159
:1002100002002B44A3EB0803A4B2B3FBFEFC0EFBCD
:100220001C330CFB07F744EA0344A7424ED92C19B0
:100230000CF1FF3304D2A74202D9ACF102032C44E3
:10024000E41B43EA0040C0E7C2F1200320FA03F1B7
:10025000954090402EFA03F303434FEA154EAFB298
:10026000B1FBFEFC0EFB1C10190C0CFB07F841EA5D
:100270000041884504FA02F422D969180CF1FF30D4
:1002800004D2884502D9ACF102002944A1EB08014F
:100290009BB2B1FBFEFC0EFB1C110CFB07F743EA03
:1002A00001439F420ED9EB180CF1FF3104D29F425B
:1002B00002D9ACF102012B44DB1B41EA004192E779
:1002C0006046E3E76146F7E76046A3E76346B7E7C2
:1002D000834206D916B9002108467BE7C6E900E04B
:1002E000F9E7B3FA83F78FB9834201D3724508D88F
:1002F000BEEB020460EB030301209C461EB9002103
:1003000068E73846FAE7C6E9004CF8E7C7F1200C81
:10031000BB4022FA0CF41C432EFA0CF120FA0CF329
:10032000B84001434FEA14490EFA07F5B3FBF9F858
:100330001FFA84FE09FB18300B0C08FB0EFA43EA87
:1003400000439A4502FA07F240D9E31808F1FF305A
:1003500004D29A4502D9A8F102002344A3EB0A0370
:1003600089B2B3FBF9F809FB183308FB0EFE41EA2A
:1003700003418E452CD9611808F1FF3304D28E4514
:1003800002D9A8F10203214443EA0040A0FB0298ED
:10039000A1EB0E014145CE46434602D306D14D4561
:1003A00004D2B9EB020E68EB04030138002EA6D08C
:1003B000B5EB0E0261EB030101FA0CFC22FA07F324
:1003C0004CEA0303F940C6E9003198E74046C5E727
:1003D0004346D9E7F0B52F4B2F4AC3F800262F48E4
:1003E000C3F8042685B0C3F808264921C3F80C26B3
:1003F000C3F81026C3F81426C3F81826C3F81C2621
:1004000006F02DFF00F058F800F09CF801A800F06D
:100410004BFD234B1B68834204D02248452106F044
:100420001EFFFEE7039A2048492106F018FF1F48E7
:10043000492106F014FF4FF44041002007F037FD3A
:10044000044620B11A48452106F009FFFEE7694637
:100450009DF8080000F054F8009B039D1D44019B8B
:100460001E8903F0B1FCAF1901F042F801F016F853
:1004700001F0E0FDAB5983F3088884F31488BFF3DF
:100480006F8FBFF36F8F7B6898470A48452106F04E
:10049000E6FEFEE7000001403546526EDA9D0000A0
:1004A00008080020F39D0000169E0000459E0000F5
:1004B0006A9E00009D9E000010B50E4C204608F07C
:1004C000E9FF28B9BDE810400B48452106F0C7BE3A
:1004D0002269A168136843F4804313600B68074ADC
:1004E0000E212046984720460022BDE810400E21EC
:1004F00006F03FBB8C970000C09E00000100020088
:1005000008B5024638B105480023452106F0A7FE8C
:100510006FF0150008BD0860FCE700BFF79E000003
:1005200021B1012906D06FF015007047044B53F834
:1005300030007047024B03EBC0035868704700BFA0
:100540009899000002484FF4C05104F0B1B900BFBF
:10055000F02D00202DE9F04FF9B0DDE9848ADFF8B5
:10056000F891869CD9F8006038A817461D4608F017
:10057000E5FC002138A804F0D1FAB8F1000F07D04B
:10058000BAF1000F04DD5246414638A808F0DFFCFE
:100590003B897A89D7F80CB013449B444FF000088C
:1005A000C34564D80DA938A808F010FD38A808F094
:1005B000C9FC24B120220DA9204606F02FFF0023FC
:1005C00000932A464FF6FF73394607A806F0FCFA57
:1005D000804600285BD128460C9C00F0FDF984423F
:1005E00055D8DFF878B1DFF878A14FF0FF340DF17E
:1005F000160305AA06A907A806F034FB002846DB67
:1006000040F0A280069907A806F078FB50B9BDF823
:100610001600544A4FF6FF7132F8023B8B4236D037
:100620009842F9D1BDF81670102F3AD0202F6DD016
:10063000012FDCD1BDF81430202B28D8069938AA18
:10064000284606F01AFE044608BB9DF814300293B3
:10065000202B09D8DAF80030434F0393039B9C42C8
:100660001DA836DB08F06EFC4FF0FF34BFE7839B1C
:10067000829AABEB080A9A4528BF9A4653464146F0
:10068000284606F0FAFD28B138A808F05BFCD9F836
:1006900000605CE08299524638A808F058FCD044CB
:1006A0007EE7BDF81470202FF1D106993B4638AA99
:1006B000284606F0E2FD0028E9D13A4638A90DA8FF
:1006C00006F02AFBDBF800308342E0D14FF001084E
:1006D0008DE708F033FC00211DA804F01FFA7A68AA
:1006E00057F8081B12681DA808F031FC15A91DA8B1
:1006F00008F06CFC029A38A915A806F07FFE18B91C
:100700001DA808F01FFC72E70134A7E7631C3FF443
:100710006EAFDAF80030A342A6DDBDF81430B3F5B1
:10072000807FB4D1069938AA284606F0A6FD002895
:10073000ADD1E4B2BDF81430009438AA39460DA802
:1007400000F014F806468FE7B8F1000F9FD030464E
:1007500079B0BDE8F08F00BFC40400200808002075
:10076000A0990000AC9D0000A49900002DE9F04F75
:10077000DFF8E4A1ADF5417D07462AA89DF828B32E
:10078000DAF800501E468946904608F090FB092290
:1007900001212AA804F03EF9704B53F83B40059420
:1007A00003EBCB0380AA5B681B681C442146302303
:1007B00005A807F066FC002840F0C580059B809ADC
:1007C00013449C4240F0BF802CAA214605A807F0A4
:1007D0006CFC002840F0B7800DF1B80B5A4621465A
:1007E00005A807F062FC0390002840F0AC802CA81C
:1007F00008F009F8059A2B90944240F0A480039BDE
:10080000CDF804B000931A462CA92AA808F00CFBD6
:10081000002840F098802AA804F012F9002840F03F
:1008200092802CA807F0EFFF2B902AA808F049FB34
:10083000864240F08880B6F5807FDAF8005040F0BC
:100840008280B9F1200F7ED180AA41462AA804F007
:100850001DF90446002876D19DF8FF32BC2B72D1D9
:1008600006900DF59079DF260FA808F067FB0021B0
:100870000FA804F053F920220DF2DF210FA808F091
:1008800066FB042206A90FA808F061FB07A90FA8C0
:1008900008F09CFB202E9DF81B30B046A8BF4FF0FF
:1008A000200801334846424607A9A6EB08068DF802
:1008B0001B3006F0B3FD002EC144D5DC0FA808F0B4
:1008C00041FB48AB80AA184600219C46067812F8E6
:1008D00001EB013186EA0E06DF2900F8016BF5D144
:1008E0001A7802F07F021A7013F8016B5EBB0134B4
:1008F000BE2CF9D19CF8BE30012B24D10FA808F0F2
:100900001DFB31460FA804F009F9154908220FA86C
:1009100008F01DFB394620220FA808F018FB202202
:100920000DF2DF110FA808F012FB07A90FA808F0BD
:100930004DFB0FA808F006FB20220DF2DF2107A8CF
:1009400006F0EAF905462AA808F0BDFA28460DF592
:10095000417DBDE8F08F00BFC4040020A4990000D1
:100960001D9F0000094A0B78400052F820108B426E
:1009700009D0013052F82000834214BF4FF0FF30FD
:100980004FF4C06070474FF4C0607047AC990000EE
:100990001FB50F4B13F830000C4601F04BF950B95E
:1009A0002068816810236A46103906F066FC28B179
:1009B000206806F061FC4FF0FF3006E00549102288
:1009C000684606F01BFD0028F2D104B010BD00BF40
:1009D000AC990000CA9D000013B5044606F0A3F9C7
:1009E0006A460146204606F0D6F830B10448452153
:1009F00006F035FC002002B010BD0098FBE700BFF8
:100A0000259F00002DE9F041384F88B006460020B0
:100A10000D463C68FFF784FD06A9C0B201F00AF953
:100A2000E0B92946FFF77CFD2C2407A9C0B204FBDE
:100A3000056401F0FFF8A8B12C2068433218069B2A
:100A4000116911F0100F1DD01DB10699304606F046
:100A500055FA274B1C68069806F00EFC204608B095
:100A6000BDE8F081079806F051FC8046079806F033
:100A700003FC631EE21C13F8011F4145DCD19342C5
:100A8000F9D1E1E736581B4886422AD1D668108949
:100A9000801926D25289121823D29868824220D215
:100AA00040F60C6211401CD14FF480720192124A40
:100AB0000092CDE90311224602910846FFF74AFD54
:100AC00004460E4B1B68A342C5D065B106980021B1
:100AD000826806F0FCFB0A4A0A48452106F0BFFB83
:100AE000B7E73C68EDE7084AF6E700BFC40400201A
:100AF000C00400203DB8F396F0450020080800200F
:100B0000689F0000729F0000609F00007FB50D4647
:100B1000044600212846CDE9021106F0AEF928B3BB
:100B20002368194EB34203D103AA204606F039F9CF
:100B3000E36AB34204D102AA0121204606F031F94A
:100B4000DDE90232934288BF0393039BAB60039AB3
:100B50002946204600F0AAFB0C4B1A68002A03DD48
:100B60000B48572106F07BFB04B070BD01A9FFF7CD
:100B70000FFF019805F1080106F0E0F8AB68019855
:100B8000039306F079FBE2E73DB8F3966C2C002066
:100B90009A9F00002DE9F84FDFF870B01C4C1D4DF6
:100BA000884691469A4600260B9B9E4201D3002020
:100BB0000FE00B9B154A9F1BB7F5806F28BF4FF4C2
:100BC00080673B4606EB0A01404606F056FB10B133
:100BD0000120BDE8F88F0A993B465A4671184846ED
:100BE00006F060FB0028F3D1C4F800563E44C4F878
:100BF0000456C4F80856C4F80C56C4F81056C4F885
:100C00001456C4F81856C4F81C56CDE70C0800203A
:100C1000000001403546526EF0B59A4B43620E46D5
:100C200003F580530021036589B004460846FFF7A9
:100C300077FC04F120010546C0B200F0FBFF03463B
:100C4000E8B90121FFF76CFC04F14C010546C0B284
:100C500000F0F0FF0346E0B9204606F0E3F8054651
:100C6000C8B900221146204606F085F8054668B34B
:100C700085480022572106F0F2FA01239DE0002268
:100C8000CDE90023814800232A46452106F0E7FAF2
:100C9000FEE70122F4E77E484FF40072572106F088
:100CA000DEFA01239D4284F85830DAD194F85830A6
:100CB0008DF81730042B00F28380012B00F287801F
:100CC00000F09A80FF2384F8583095E0204600F029
:100CD000FFF90028D1D004A806F0C6F80146204646
:100CE00006F061F918B16B482A465721C3E704A8FA
:100CF00006F0C3F880F0010104AAC9B2204606F04C
:100D00003AF802460028B3D104A806F0B6F8054622
:100D100060BB04A92046FFF7F9FE9DF8173084F860
:100D20005830033B012B06D8284600F0E3F810B1F9
:100D3000FF2384F858309DF81730023B022B0BD864
:100D4000002000F0C1F838B1FF2384F85830524831
:100D5000452106F084FAFEE794F85830FF2BF6D0D0
:100D600004AA0021204606F006F886E79DF81770D1
:100D7000012F17D1104603F0D3F8831E022B05462E
:100D80000DD839462046FFF73DFE444B1B6898427C
:100D900005D0434B1D68A84214BF0525012584F8E2
:100DA000585083E701212046FFF72CFE3B4B1B6880
:100DB00098420CBF9DF81730052384F8583075E72A
:100DC000052B7FF47FAF002000F094F811E004A918
:100DD0002046FFF79BFE94F85830DA1E012A14D8FB
:100DE000002000F087F800287FF46CAF002000F0AE
:100DF0006BF800287FF466AF94F85830FF2B07D1CA
:100E00002548452106F02BFAFEE7022BF4D1EDE749
:100E10000022012B234D039214D01146204605F0E9
:100E2000AAFF78B12D68102200210DEB020006F018
:100E300000FBE06C06F020FA206A06F01DFA284656
:100E400009B0F0BD00212046FFF7DCFD134F3B68E1
:100E50009842E7D12B689842E4D0114B1B68984226
:100E6000E0D0039B01330393039B012B00D0FEE7EB
:100E7000206A05F08EFE3071236A5B6834603D683D
:100E8000B360D0E70C0C002058A00000C99F000000
:100E900016A0000084A00000AEA0000008080020FA
:100EA000C0040020C404002038B5064D044660226A
:100EB0000021284606F0BDFA21462846FFF7ACFE81
:100EC00038BD00BF0C2C002013B5094B01A913F845
:100ED000300000F0AFFE48B9019807F096F80446DC
:100EE000019806F0C9F9204602B010BD0124FAE7C6
:100EF000B49900001FB50F4B01A913F8300000F0A2
:100F000099FEA8B9019802A902F0B4FF044668B995
:100F10009DF80B30032B03D1019807F044F80446E9
:100F2000019806F0A9F9204604B010BD0124F7E7A6
:100F30000124F8E7B49900002DE9F34106460C4678
:100F400017461D460BB9002628E0184605F095FF08
:100F50000028F8D16946FFF71BFD009838B9012435
:100F6000009806F089F9204602B0BDE8F08101A999
:100F700005F0E4FE0028F2D1009806F07DF9304635
:100F8000019906F05EF8736A5E686B79012B21D1D6
:100F9000002CD8D12B68834298BF00262146002020
:100FA000FFF7BEFA6946C0B200F044FE0028D6D171
:100FB000009820233A46314606F05FF9044600289F
:100FC000CDD1002DCCD03C680D4BE41A18BF4FF0AA
:100FD000FF34C5E7022BB6D12B68012B05D983421C
:100FE000B1D8B4FA84F46409ADE7ACD1002CD5D003
:100FF000012CA8D12C79023C18BF0124A3E700BF23
:101000003DB8F3962DE9F04F074685B00C460146F2
:1010100000201646FFF7A6FC051E52DB3846E46D9D
:1010200005F081FE5FFA84F96B1E09FB03084FF09F
:10103000000A4FF0010B4FF0FF34A5B9BAF1010FD0
:1010400003DD2248452106F00AF9631C07D0B4F5F8
:10105000007F2ADA013440F201133460B38028465D
:1010600005B0BDE8F08F6B1E00930DF10F02012358
:101070004146384606F001F9031E019323DB0122A5
:101080000DF10F01384606F029FF019B40B15B4589
:1010900001D00AF1010A009DA8EB09089B46CCE7A4
:1010A000B4F1FF3F08BF2C46F5E70223A4F5007416
:1010B0007371631004F0010401330134336034713F
:1010C000CDE70725CBE70125C9E700BFBAA000009F
:1010D00070B5866A456D044605F0A2FFAE420AD09F
:1010E0006B1CB34207D0834205D01448572106F049
:1010F000B6F8002070BDB6F5007F1CD91048572106
:10110000F5E7626A216D02EBC30201EBC30152688D
:101110004968914202D00B485721E8E701339D42CC
:10112000EFD1AE4205D9636A03EBC5035B68934216
:10113000F1D10120DEE700231A46F0E7DDA0000030
:1011400015A1000044A1000000B589B004A9032046
:1011500006F036FF9DF81020012A41D0254B264984
:10116000032A08BF0B469DF8132002929DF8122017
:1011700001929DF81120214800924921204A06F051
:101180006EF806A9012006F01BFF9DF81820012A21
:1011900028D0184B1849032A08BF0B469DF81B207E
:1011A00002929DF81A2001929DF81920009213488E
:1011B000144A492106F053F89DF81030012B13D141
:1011C0009DF81230032B0FD19DF81830012B0BD056
:1011D0000D48492106F043F8022009B05DF804FBF0
:1011E0000A4BC0E7094BD9E70948492106F037F80F
:1011F0000020F2E770A1000079A100008DA100009D
:101200007FA10000CEA10000DEA1000074A10000BB
:10121000FDA1000070B54B6814461E4A03F0FF2381
:10122000934286B006460D462FD10B68012B2CD178
:1012300004A9204602F01EFE9DF81020012A26D0A7
:10124000154B1649032A08BF0B469DF8132002923E
:101250009DF8122001929DF8112000921048114A29
:10126000492105F0FCFF9DF81030032B0DD12146DC
:10127000304605F043FE204606F095FEA96820465C
:1012800005F06AFD204602F0D5FD06B070BD064BA4
:10129000DBE700BF0001000470A1000079A100009D
:1012A0008DA10000CEA1000074A100002DE9F04F37
:1012B000164689B005460C467448492105F0CFFF13
:1012C0003146284605F0BDFE6B6A824620465E68C0
:1012D00005F0D3FDE8B1E86D05F020FDAF6A00230D
:1012E000013F3344834201D2013FFAE7BA4510D3AC
:1012F0006748572105F0B3FF07FB06F365480AFB73
:101300000662572105F0ABFF0123E37109B0BDE888
:10131000F08F06A9032000F08DFC07A9012000F042
:1013200089FC079A21462846FFF774FF6379012B51
:101330004BD1DFF864B1574641E02268C2F10103A6
:1013400053449F423AD86B6A196853F8370003EB4D
:10135000C703012A53F8083CA3EB0103A0EB0109E2
:10136000049311D1079B0393E368022B08D04146F5
:10137000284605F0C3FD22464146284605F0F4FD07
:101380000399284605F0BAFD32464946404605F025
:10139000B3FD049B42464146CDE900962846FFF73F
:1013A000F9FB2146284605F075FD236801332360CB
:1013B00020B1DBF800300133CBF80030013FDDF81D
:1013C0001880002FB9D10123236002236371012704
:1013D000BA45DDF8189006D2484605F04DFF07984B
:1013E00005F04AFF92E723689F424DD36A6ADDF811
:1013F0001CB052F837100491FB00083B11680391B0
:10140000D1582A6DD0581368A0EB03082379012B1B
:1014100038D1039B3246C91A4846059105F06CFD48
:101420000599009143464A46594601962846FFF7DA
:10143000B1FB2146284605F02DFD0223237118B18A
:10144000154A13680133136032464146584605F089
:1014500053FDDDE9032349469B1ACDE900865A4630
:101460002846FFF797FB2146284605F013FD236821
:10147000013323600123237130B1074A136801331C
:10148000136001E0022BDFD00137A1E714A20000B6
:101490003DA200006CA200006C2C0020BFF36F8FF7
:1014A00072B6124B4FF0FF32C3F88020C3F884208D
:1014B000C3F88820C3F88C20C3F89020C3F8942088
:1014C000C3F89820C3F89C20C3F88021C3F8842176
:1014D000C3F88821C3F88C21C3F89021C3F8942164
:1014E000C3F89821C3F89C21704700BF00E100E0D9
:1014F000F8B5254B254D4FF0FF3401275F60C3F849
:101500004843C3F8084303F5C04300265F60C3F8AF
:101510004843C3F8084303F5983302205F60C3F8DB
:101520004843C3F80843C5F8084300F04DFE6F6018
:10153000C5F84C61D5F84C31C5F81061D5F81031BB
:10154000C5F84461D5F84431C5F8006505F518358E
:101550002820C5F8084300F037FE6F60C5F84C61DD
:10156000D5F84C31C5F81061D5F81031C5F8446193
:10157000D5F84431064BC5F80065C3F808454FF06F
:101580008043C3F80843F8BD00B00040002000408D
:1015900000F00140014B1B68184700BFC804002041
:1015A000014B1860704700BFC804002007B50B4608
:1015B000002102460091034800F006F803B05DF8F0
:1015C00004FB00BF951500002DE9F04F8DB01D46BE
:1015D000531E8246019103934FF00009039B5878F4
:1015E000252803F1010419D11E4600204FF0FF38D1
:1015F000023603460290444631780396392954D87E
:101600001F2914D8002900F0EE8101992520D04728
:1016100001993078D04709F10209DFE7002800F08E
:10162000E2810199D04709F101090394D6E7A1F1BC
:101630002002192AE9D801A757F822F0A5160000C0
:101640000B1600000B160000A51600000B1600007C
:10165000251700000B1600000B1600000B160000EB
:101660000B16000071170000A51600000B160000F5
:1016700085170000311700000B1600003F1700000F
:101680005F1700005F1700005F1700005F17000082
:101690005F1700005F1700005F1700005F17000072
:1016A0005F17000008460136A6E7582900F0EB80D6
:1016B000A1F16302D7B2172FA7D8172AA5D801A77F
:1016C00057F822F02D190000AB1700000B16000090
:1016D0000B1600000B1600008B170000AB17000064
:1016E0000B1600000B1600008B1700000B160000F5
:1016F0000B1600000B160000611800000B1600000E
:101700000B160000011900000B160000AB170000BB
:101710000B1600000B160000611800000B160000ED
:101720008B17000001992520D04709F1010955E7E1
:10173000029A02F0FE0202924FF00008B3E7002C7A
:101740000DDAB8F1000F0DDA029A002A00F0438199
:1017500024EAE4740A2202FB0414303CA3E7B8F143
:10176000000FF5DB0A2202FB0812A2F130089AE70B
:10177000B8F1000F55F8042B80F22F81002A80F277
:101780002E815442022202928DE7682903D1682BF0
:1017900006D1482387E76C2902D16C2B00F0218108
:1017A000002B7FF432AF0B467DE77A2B06D17529EB
:1017B00055F8046B14D14FF0000B0CE06C2BF6D0F5
:1017C0004C2BF4D1073525F007037529D3E9006BBD
:1017D00003F1080506D120283BD1854F013C09E0E3
:1017E0004FEAE67BBBF1000FF5DA7642814F6BEBF7
:1017F0004B0B013C0DF12D03059300230493304660
:1018000059460A220023FEF77BFC059B303203F881
:10181000012DB4460593049B5A46BCF10A0F8B4632
:1018200072F1000203F1FF3106460491E7D2C3F1E1
:10183000010B30330DEB0306B8F1000FA6F10406DF
:101840006DDA029BD9077DD4A8EB0B03A4EB0B0444
:1018500013E02B280ABF684F684F04F1FF34C9E733
:1018600070290FD155F8042B0023FAB9634F644E49
:10187000053C6FF004034FF0050B029A920770D4F9
:10188000A04666E078216C2B03D155F8042B002389
:1018900008E04C2BF9D1073525F007031D465B689E
:1018A00055F8082B232825D1880621D5554F023C11
:1018B00001F06001A1F1390B0DF12D0E002602F0AF
:1018C0000F01092988BF594430310EF8011D102A33
:1018D0004FEA121141EA03714FEA131C73F100033E
:1018E00006F1FF3008D2C6F1010B06F13003A1E783
:1018F000454FDCE7414FDBE706460A466346DEE735
:1019000055F8046B304605F072FDB8F1000F8346C0
:1019100002DB4045A8BFC346384F4FF00008A8EB94
:101920000B03002B92DDA4EB0804A6E755F8043B5B
:101930008DF81830314F013C4FF0FF334FF0010B61
:1019400006AE9AE7A046EAE7029301992020D04725
:10195000029BB8F10108F7D524EAE472013C9144F6
:10196000A41AB84606E0049302920199D047029A5D
:10197000049B9046424612F8010B0028F3D11A4608
:10198000013A15D5002BACBFC7EB03077F425B467E
:10199000013B15D5BBF1000FA8BF5F444F4426465D
:1019A000013E14D5002CA8BF3F1907EB080915E626
:1019B0000493029201993020D047049B029ADFE7FA
:1019C0000293019916F8010BD047029BE0E70199B9
:1019D0002020D047E4E70122D5E6904663E614468E
:1019E00061E64C235FE648460DB0BDE8F08F00BFCE
:1019F000ADA30000ABA30000AFA30000F69E000063
:101A0000B7A30000B1A30000B4A300002DE9F04784
:101A1000058B04462807904611D4022905F00705D6
:101A200040F0CC80204605F042FB78B10138218B94
:101A3000042811D8DFE800F0C2106D859500012957
:101A40000CBF45F0100545F02005258388F311886B
:101A5000BFF36F8FBDE8F08701F0070AAA4500F0D9
:101A6000A5800027B9463E46A368002B00F0BC8045
:101A700041F00801218388F31188BFF36F8FA168BB
:101A8000002900F0BA800D68002900F0B680D1F876
:101A90000480334652462046C047002D76D02B683E
:101AA00029461D46F0E701F007035A1F012A1BD8FB
:101AB000002221F00701062B276889B2C4E9002221
:101AC00009D13B4603E0628B013262831B68002B25
:101AD000F9D141F002012183204605F0E8FA0028FF
:101AE0007AD041F0200176E0042B0AD121F00701E1
:101AF00089B22183204605F0DAFA10B141F02001C5
:101B00002183218B01F0070AAA454FD00027B9464F
:101B1000AAE7236921F0070141F00601062DD3F859
:101B2000009021832DD1B9F1000F3FD041F0080181
:101B3000218388F31188BFF36F8F3A492046C84745
:101B400029E021F00701236941F0040189B2042D45
:101B5000D3F804902183E6D000273E464FF0040AD4
:101B600082E721F00701236941F0050189B2052DC3
:101B7000D3F808902183D6D000273E464FF0050ABF
:101B800072E700273E464FF0060A6DE72B4687E7CF
:101B9000B9F1000FD1D1EFF31188202383F312881C
:101BA000BFF36F8F238B23F008032383258BEA0673
:101BB0002ED525F01003238305F007056669218BD8
:101BC000002EBFF670AF00232768C4E9003321F070
:101BD000070141F001012183218B01F0070AAA4589
:101BE0004FF000097FF440AF002F9CD041F0080176
:101BF000218388F31188BFF36F8F002FC8D03D6811
:101C0000394633465246204605F07DFA2F46F4E722
:101C1000AB067FF51BAF25F02003238305F00705F6
:101C200000E700BF33710000014B036000207047E4
:101C3000C099000070B5114B1C680D46DCB1104B0B
:101C4000196800238B4202DB6FF0010070BD224651
:101C500012F8106B864202D001331446F2E7E068B6
:101C600010B96FF01200F1E707F014FC0028F8D06B
:101C70002C600020EAE76FF00C00E7E7CC040020BE
:101C8000C099000070B588B005460C46C0B26946E0
:101C90001646FFF7CFFF00281BDB0098C8B143684A
:101CA0000293836822680195CDE903360023CDE9CC
:101CB00006230593C56805F0DFFA6DB1284608498B
:101CC00001AA05F040FE079808B9059B236008B0FB
:101CD00070BD6FF01500FAE76FF01200F7E700BF74
:101CE0001B73000008B5054805F0CAF9044805F063
:101CF000C7F9BDE80840034805F0C2B9BDA300001C
:101D0000EEA3000021A4000030BFFFF7FDBF00BF1D
:101D1000074A936893F90E10002907DB5269934232
:101D20001FBF044A536843F080535360704700BF9D
:101D3000C02D002000ED00E070B5264B15469A6AD4
:101D400012F0100F9A6A14BF1124102412F0080F19
:101D50009A6A18BF1224920706460AD5586B9A6AE7
:101D6000140634D519B19A6A22F080029A621324BB
:101D700001E06FF01500174B9A6A12F0010F9A6A92
:101D800018BF142412F0200F9A6A18BF1524D20627
:101D900002D49B6A9B070AD50E4B5B68190506D5D2
:101DA000314600F083FA10B180F309880224094B10
:101DB0009A6A920642BF5A6A22F400525A629A6A9A
:101DC00042F0FF029A6200232B70204670BD6FF034
:101DD0001500CCE700ED00E0134B9A6A12F0007F8B
:101DE0009A6A14BF1E201D2012F0807F9A6A18BFC5
:101DF0001F2012F4002F9A6A18BF212012F4802F9E
:101E00009A6A18BF222012F4003F9A6A18BF232052
:101E100012F4803F9A6A6FEA02426FEA12429A62B3
:101E200018BF2420704700BF00ED00E010B5194B2B
:101E30000246986A9C6A10F4805F14BF172016202F
:101E400014F4006F9C6A18BF1820A40509D5986B7C
:101E5000986A000404D51AB19A6A22F400429A6280
:101E600019200C4B9A6A12F4806F9A6A18BF1A20D4
:101E7000D2050CD49B6A13F4005F18BF1C20054ADE
:101E8000936A43F47F43936200230B7010BD1B20C1
:101E9000F5E700BF00ED00E070B5454B5B688AB028
:101EA0000546C3F30803002686F31188BFF36F8F3E
:101EB00002F07F40B0F17F4F11D102F00C000828F2
:101EC0000DD010074CBF0D4601260022033B8DF8B4
:101ED0000720032B05D8DFE803F01E5D615A354665
:101EE000F3E700249DF807309BB92022294602A879
:101EF00005F094FA099B002E54D0C3F3080222B9CE
:101F00006FEA53236FEA4323099302A9204605F0A1
:101F100026FA0AB070BD264BDA6A9107E1D4DA6A74
:101F2000002ADEDBDA6A5200DBD55A69A96942F47D
:101F300080725A61BFF34F8FBFF36F8F5A6931F8C8
:101F4000021C22F480725A61BFF34F8FBFF36F8F70
:101F50004DF6027291420AD09A6AD2B24AB10DF19C
:101F6000070201212846FFF7E7FE0446BAE72C687E
:101F7000B8E79A6A12F47F4F05D00DF107010120EE
:101F8000FFF754FFF1E79B6AB3F5803FA9D3FFF752
:101F900023FFEAE70DF107020021E3E70DF1070156
:101FA0000020EDE723F4FF7323F00103ACE700BF4B
:101FB00000ED00E0044B5A6942F010025A615A6980
:101FC00022F008025A61704700ED00E0EFF308804C
:101FD000EFF3098101B57246FFF75EFF01BD00BF57
:101FE000002080F31488BFF36F8F02F09BFE002067
:101FF0000D490860BFF34F8F0C4880F3088800F04C
:102000002BF8202080F3118809484FF40461401810
:1020100080F30988EFF314800221084380F31488C9
:10202000BFF36F8F00F00AF994ED00E00079002013
:10203000404700200749D1F890200023C2F307222F
:102040001846934200DB7047C1F89830C1F8A000F1
:102050000133F6E700ED00E008B572B6002383F324
:102060001388FFF7E7FF144B4FF0FF32C3F88020CF
:10207000C3F88420C3F88820C3F88C20C3F89020CC
:10208000C3F89420C3F89820C3F89C20C3F880219B
:10209000C3F88421C3F88821C3F88C21C3F89021A8
:1020A000C3F89421C3F89821C3F89C2162B6BFF30A
:1020B0004F8FBFF36F8F08BD00E100E0084B9B68B6
:1020C00083420BD1EFF3058343B1064B5A6842F0CC
:1020D00080525A605A6A22F400425A6207F0CFBA1C
:1020E000C02D002000ED00E0094A93686FF00A015E
:1020F0009967084958674B6843F080534B60002349
:1021000083F31188BFF36F8F9368986F704700BF98
:10211000C02D002000ED00E010B50446EFF3118360
:10212000202383F31288BFF36F8F094B586998609F
:10213000084B4FF000625A600022436F426783F3FE
:102140001188BFF36F8F00F015F9204610BD00BF56
:10215000C02D002000ED00E00B498A684FF03000F0
:102160001044EFF3098C80E8F01F74467046FFF7C7
:10217000D3FFA64604498A6802F1300090E8F01FB8
:102180008CF3098870470000C02D00201EF0040F5A
:102190000CBFEFF30880EFF30980816911F8021C8E
:1021A0000229FFD001B505F0E0F801BD40B20028DA
:1021B00007DB044A4109012300F01F00834042F875
:1021C0002130704700E100E040B200280CDB4309F9
:1021D000064900F01F0020330122824041F82320ED
:1021E000BFF34F8FBFF36F8F704700BF00E100E078
:1021F000054B420900F01F0053F82220012303FA87
:1022000000F01040704700BF00E100E040B200283D
:10221000A8BF00F1604001F10101B8BF064B4FEAD1
:102220004111ACBF00F5614000F00F00C9B2B4BF6E
:10223000195480F80013704714ED00E00B4A08B5FC
:102240000B4B22F07F029A60BFF34F8FBFF36F8F6B
:10225000D3F8882022F47002C3F8882003F0EEFE41
:1022600004F02CFB00F05CF803F02CFF00000000F1
:1022700000ED00E042F8203C009B42F81C3C0A497B
:10228000019B42F8183C029B42F8143C21F00101EA
:102290004FF0807342F8043C42F8081C0023203AB7
:1022A00002654367704700BF9B700000094A034600
:1022B000906870B113F1160F406E05D0A0F1400286
:1022C0009A4205D8834203D2814228BF002070473A
:1022D00000207047C02D002008B50B4B0E46154658
:1022E000986000F047F82C4686F309884FF000000C
:1022F000064B984720464FF000014FF000024FF088
:102300000003034C204700BFC02D0020897300004C
:102310009B700000014B10221A61704700ED00E035
:10232000044800232021C2180133302B82F8001307
:10233000F9D1704700E100E008B5EFF30583064AE4
:10234000103B02EBC30152F8330049688847BDE8EF
:102350000840FFF7DDBC00BF04980000024B034AB1
:102360000348012100F076B80000022000000020A0
:10237000349A0000426E054B403A1A60044A4021EC
:10238000C3E901121846012100F06EB8702C00203C
:1023900000000B15084AC2F898000B6823F01F03D1
:1023A000034343F01003C2F89C308B6843F00103F1
:1023B000C2F8A030704700BF00ED00E02DE9F04307
:1023C000DFF8608085B00E461F4604464FF00009D6
:1023D000B14523DA6068D8B13FB1411E08421BD134
:1023E0001F2819D92368194216D12368019304F0D4
:1023F000EEFFA36803430393D8F89050C5F3072575
:10240000D0B2013DA84207D801A9FFF7C3FF421C83
:1024100009F101090C34DBE76FF01502104605B035
:10242000BDE8F08300ED00E0044B0522C3F89420E2
:10243000BFF34F8FBFF36F8F704700BF00ED00E019
:10244000BFF35F8F024B0022C3F89420704700BF98
:1024500000ED00E010B5034C01232278FFF7AEFF3A
:10246000207010BDF046002008B50B4A00231278FA
:10247000FFF7A4FF10F1160F07D0084A0021D2F889
:102480009030C3F30723984200DB08BDC2F89800E0
:10249000C2F8A0100130F2E7F046002000ED00E0A5
:1024A0002DE9F043534B544CD3F890302568C3F3D7
:1024B00007239D4285B000F29A80FFF7C1FF0020FC
:1024C0000C2685421AD14D4C4D4F25706846FFF7BA
:1024D000ABFBDFF82081DFF82C9106460025AE42E9
:1024E00013D1237843490020D1F89020C2F307226A
:1024F000934276DBFFF798FF002042E0616806FB1D
:102500000011FFF747FF0130DBE7009800EB0511F2
:102510004FEA051CCB683B40B3F5000F48D00AD802
:10252000B3F5001F30D0B3F5800F36D0B3F5801F60
:1025300010D00135D3E7B3F1807F42D0B3F1007FF3
:10254000F7D150F80C3088684A6804F040FF40F436
:10255000802009E050F80C3088684A6804F037FFA2
:1025600040F0885040F43020CDE901230390D8F8A2
:1025700090302078C3F30723013B98422AD96FF0AB
:10258000150005B0BDE8F08350F80C3088684A6843
:1025900004F01DFF40EA0900E6E750F80C308868B7
:1025A0004A6804F014FF40F0007040F40030DBE7AC
:1025B00050F80C3088684A6804F009FF40F08270D7
:1025C000D2E750F80C3088684A6804F000FF40F009
:1025D0008870C9E701A9FFF7DDFE23780133237076
:1025E000A7E7C1F89830C1F8A00001337CE74FF0AD
:1025F000FF30C6E700ED00E0409A0000F046002002
:102600000000F0FF00000811014B1860704700BF88
:10261000D0040020024B0122C3F84025002070475F
:1026200000E0014020B1034B800143F00103184753
:10263000704700BF90990000084B70B5C31A0D4653
:1026400007499B10044659430648402204F006FF00
:102650002B4601462046BDE870401847902C0020CC
:10266000B76DDBB66497000073B50C4C0C4A402381
:10267000041B00930D460B460A49A410614306460D
:10268000094804F016FF011E05DA30462B4602B059
:10269000BDE87040184702B070BD00BF902C00200C
:1026A0001B750000B76DDBB66497000010B5EFF343
:1026B0001184202383F31288BFF36F8F074A1368B6
:1026C00023F00201DB07116002D4012006F08BFD2C
:1026D00084F31188BFF36F8F10BD00BFE02C002082
:1026E000002270B5012104461046FFF78FFD0F4808
:1026F00002F008FC0E4B984215D102F013FC26693B
:102700000C49304604F022FD00280BDB012535641E
:102710002469084904F11C0004F018FD002801DBBD
:10272000E564002070BD6FF00400FBE73128000075
:102730000000AD0B609A00001FB500220123CDE917
:102740000223094ACDF800D06B46CDF804D004F03E
:10275000DDFE002805DB4FF480420023684603F0CD
:1027600043FD05B05DF804FB3975000030B4104B33
:102770000C2202FB003301460020D3E90E5298637D
:10278000EFF31180202484F31288BFF36F8F1C6C49
:1027900004F0C00444F002041C6480F31188BFF309
:1027A0006F8F1DB12B46034830BC184730BC7047B3
:1027B000902C00206497000010B4EFF311822023C6
:1027C00083F31288BFF36F8F1748016841F002044A
:1027D0000460C80707D482F31188BFF36F8F01200C
:1027E00010BC02F0B1BB4FF08041D1F80C04D1F81D
:1027F0000C14C907EFD5EFF3118083F31288BFF3F0
:102800006F8F0A490B6C03F0C00343F002030B64A3
:1028100080F31188BFF36F8F82F31188BFF36F8F3E
:10282000002010BCFFF7A2BFE02C0020902C00205D
:1028300010B1012804D07047034B1B6C5B0701D11A
:10284000FFF794BF704700BF902C00202DE9F041A6
:102850003849BFF35B8F0746012251E8003F41E84A
:1028600000200028F9D1BFF35B8F33B932493348D8
:102870004B60CB608A6004F07CFC7B1E012B2BD864
:10288000012F07D14FF08043D3F81C3403F003032A
:10289000012B21D006F048FE0546F8B9284B1B78DD
:1028A000E3B14FF080430222C3F808230646DFF865
:1028B00094804FF08044D4F81824D4F81834D2030C
:1028C00015D503F00303012B01D0012F0FD155B310
:1028D00086F31188BFF36F8FBDE8F081EFF31186A7
:1028E000202383F31288BFF36F8F0125DFE7ADB19B
:1028F000304604F05DFDD4F81835002BDBD1D4F858
:102900000421002AD7D0C4F80431D4F804310123BB
:10291000C4F81835C8F88031A360CCE70021212025
:1029200003F022FFE7E74FF080430222C3F80423BD
:10293000D2E700BF8C2C00207C2C0020AC2C002087
:102940001347002000E100E008B5074806F0A2FDAB
:1029500038B10648FFF758FE0448FEF721FE002074
:1029600008BD6FF01200FBE7A0970000712900007E
:102970000A2838B5074D044604D1AB680D215B68C1
:1029800028469847AB6803485B68E1B29847204601
:1029900038BD00BFA097000000487047D09A0000E3
:1029A0002DE9F04F8FB0044602AF00694FF0FF32BF
:1029B000012106F0ADFD6668306806F06BFD30B9A8
:1029C0006FF0120528463437BD46BDE8F08FF06839
:1029D00018B106F05FFD0028F2D0206904F0B7FDC1
:1029E000204604F022FE051E3CDDEA0734D42069AF
:1029F00004F0ABFD206904F0AAFD0323019307F165
:102A00001003009300231A469F21204604F0A5FDE1
:102A10008046206904F099FDB8F1000FD0D1337ED3
:102A2000002B3BD0206904F092FD204604F0FDFD10
:102A3000051E2EDD337E25EA03053D764346CDE9AE
:102A4000008880220621204604F087FD034678B1E5
:102A5000206904F07AFDB3E700220023204604F049
:102A6000F5FD0546206904F070FD002DC2DAA7E7E8
:102A700007F118020121009201918022204604F002
:102A80006CFD0028E4D100220023204604F0DEFD86
:102A90000546206904F059FD002D91D1206904F00C
:102AA00056FD18230193FB180093052200235A2199
:102AB000204604F052FD05462069EB4604F045FD32
:102AC000002D7FF47DAF8C4BBA699A427FF478AFCA
:102AD00097F81E80B8F1010F9DBF08F101085FFA59
:102AE00088F84FEAC8084FF0100807F12003434464
:102AF000FB6007F12005FB68AB4233D12369D8693D
:102B0000DD46194603F1080600224D7C25B18D7C77
:102B10000AB1954200D22A4602318E42F5D1002AEE
:102B20003FF44EAF4FF0FF359540ED4315F480551F
:102B30007FF446AF4FF48052000B5A62186220694E
:102B400004F005FD63685B7EDB0700F1C18020694E
:102B500004F0FBFC206904F0FAFC206904F0F5FCA9
:102B600000252FE7EA792B7843EA0223B3F57F4F5C
:102B700040F0AC8095F803A06E79C7F808D0BAF1A0
:102B8000140F28BF4FF0140A4FEA8A0A5346242B29
:102B900038BF2423073303F4FF63ADEB030DAB7998
:102BA0002069360246EA03462B790DF108091E43D7
:102BB00004F0CDFC052233025A21CDE9009A2046CB
:102BC00004F0CBFC7860206904F0BFFC7A68002A2E
:102BD00063D1D9F80460D4F81080002E08F1110AEE
:102BE0005DDA26F000460121A6F12002C6F12000A0
:102BF00001FA02F221FA00F0024301FA06F6F608A1
:102C0000002146EA42765046082204F012FC0121D7
:102C100052464846796004F0C2FE79680131C9B273
:102C200005290AF1020AF3D1EA780A2A88BFD9F8FD
:102C30002820C8F81C6083BFC2F3031101228A4018
:102C40004FF48072A8F81A20D9F8003013F4C02F7E
:102C50003AD007F114024946284600F0D3F8064658
:102C600090BB97F8149009F1FF33DBB2FD2B2BD802
:102C700019F0030F11D0206904F069FC19F0020F5C
:102C80000FD10023CDE900338022B721204604F084
:102C900064FC88B1206904F058FCDD4690E60136FA
:102CA000ADE7CDE90066334680220621204604F0D8
:102CB00054FC0028E5D0EDE72269137C43F00103C2
:102CC0001374206904F041FCD7F808D0083512E7E6
:102CD0002B46CDE900558022B921204604F03DFC69
:102CE0000546206904F031FC002DBFF633AF15F125
:102CF000860F3FF42FAF65E653464450024B0B60FE
:102D000001231360704700BF0C2D0020004870475E
:102D1000EC9A000010B5012211460648064C06F058
:102D2000F7FB06F000FB206006F0F9FA6060002077
:102D300010BD00BF142D00200C2D002070B50C46D6
:102D4000154606F0ECFA29460646204604F0A1FD99
:102D500008B3B4FBF6F306FB1343E3B9B5FBF6F394
:102D600006FB1353BBB9AE4201D9002070BD4FF032
:102D7000FF324FF0FF33094803F036FA06F0CFFA7E
:102D80000646204602F062FDAD1B3444F9D10348EB
:102D900003F006FAE9E76FF01500E7E7142D0020CD
:102DA000F8B50E463046194617461C4604F071FD2C
:102DB00008B344EA060515F003051CD1A4B10F4879
:102DC0004FF0FF324FF0FF3303F00EFA24F003040C
:102DD000A54206EB050009D1094AD2F80034DB0709
:102DE000FBD5064803F0DCF90020F8BD795902F064
:102DF0004DFD0435ECE76FF01500F6E7142D0020CB
:102E000000E00140C3780F2B14D9C96B0B480B0E9F
:102E100013708B0200EA911003F47C03090603434C
:102E200001F0FE4110680B43054901400B4313605C
:102E3000002070476FF08500704700BF00FF03005F
:102E4000FF000080F0B54068057B01F01F0444EAF4
:102E50004514056987B0002D64D0B2F5001F00F15C
:102E6000100506D12146284606F04EFA002007B08C
:102E7000F0BD01AE0027B2F5800F0197776039D120
:102E8000B3F1007F14BF052304238DF80430002321
:102E9000CDE904630393836823FA01F111F0010182
:102EA0001AD1B2F1A07F17D104F01F03620903F514
:102EB000E0732AD0012A3BD11F4A52F82330DB07A6
:102EC0000AD40DF1030632462146284602F018FBCB
:102ED0001A4B98421CD0029603AA2146284602F0BB
:102EE000D1F9174B984220D101222146284602F001
:102EF0006BFBBBE7B3F1C06F05D0B3F1007F14BF2C
:102F000001230223C1E70323BFE74FF0A042D4E728
:102F10003146284602F052FB094B9842DBD06FF055
:102F20000B00A4E76FF08500A1E76FF015009EE7A6
:102F300051F82330FFDE00BF000300500400AD0B4A
:102F40000000AD0B38B545682B69B3B11035284684
:102F500002F024FB044680B90146284602F0EAFA52
:102F6000084B98420BD108492246284602F0C2FA83
:102F7000224605210620FFF749F9002038BD6FF0F1
:102F80000400FBE70000AD0B8D2F0000420970B577
:102F9000034602D0012A17D070BD0D4E3269516828
:102FA0000029F9D003F01F0301250C689D4000297A
:102FB000F2D08A682A4002D04B68304698472CB13C
:102FC000236821461C46F2E7024EE7E72346F8E76E
:102FD0008C970000789700002DE9F043466840F296
:102FE0000635D006337B87B002EA050554BFC2F32D
:102FF0004010032001F01F07B5F5837F144647EA10
:1030000043178DF8030045D00FD8062D18D007D8E8
:10301000B5B1022D40D06FF0150007B0BDE8F083C8
:10302000B5F5807FF7D101250AE040F202229542F2
:1030300034D0B5F5407F33D0B5F5007FEBD1022514
:103040000123220303FA01F12CD57368C3F8081594
:10305000326982BB07F01F037F0929D0012F77D186
:103060003E4A02EB830284F48033D2F80017C3F3A4
:103070000043C4F3404444EA430421F4E16144EAD8
:10308000800421F0070144EA05230B43C2F800370E
:103090000020C2E70725D3E70425D1E70525CFE7C0
:1030A0000325CDE7630344BF7368C3F80C15CFE76E
:1030B0004FF0A042D5E710360DF1020239463046F6
:1030C00002F01EFA14F4403F80460CD139463046D7
:1030D00006F018F9224B9845DAD19DF802103046D7
:1030E00002F066FAD4E701AB4FF0000903AA3946B3
:1030F0003046CDE90439CDE90199CDF80C9002F0C4
:10310000C1F8174B984286D114F4003315D09DF8BE
:1031100003308DF80E3084F48034C4F300444B4601
:1031200003AA394630468DF80C508DF80D4002F058
:1031300063F90B4B9842CDD06DE7CDE9043303AA78
:103140000DF1030339463046039302F09BF8F0E794
:1031500003F5E07352F82330FFDE00BF0003005098
:103160000000AD0B036803F01F025B09026004D08E
:10317000012B034818BF002070474FF0A040704754
:10318000000300502DE9F04FDFF86091DFF860A1F7
:1031900085B01546834600EB810140F2FF18594582
:1031A00003D1002005B0BDE8F08FDBF800305804F3
:1031B000C3F3C322C3F3080400F191801B0E19F876
:1031C0000270444508BF4FF0FF34192B00F28A808B
:1031D000DFE803F00D141A1D20261D888888883624
:1031E00063888888888888888888667C7F82C5F814
:1031F0000C45621C5ED10BF1040BD0E7C5F81445F9
:10320000631CF8D000265FE0C5F80845F1E7C5F873
:103210001045F5E7661CC5F80845ECD0002604E02B
:10322000601CC5F80C45E6D0012603A80394FFF7FF
:1032300099FF039B012202FA03F3C0F80C3508E062
:10324000C5F80845002FDBD1631CD4D000263246D8
:103250000627DBF80030019303F40040002818BF74
:10326000002203A8009218BF01260394FFF77AFFFB
:10327000039C019B009A00EB8400C3F3412CD0F81F
:1032800000473B0243EA8C03134304EA0A04234346
:1032900043EA4603C0F80037ADE7C5F80C45D1E76F
:1032A000C5F86045621CDBF80030A4D0C3F30043CE
:1032B000002BB9D003A80394FFF754FF039B01260A
:1032C00006FA03F3C0F808353246C2E7C5F864458C
:1032D000E8E7C5F86845E5E7C5F86C45E2E76FF053
:1032E00015005FE76FF085005CE700BFBBA400003E
:1032F000F0F8FCFF2DE9F041044647680D4606F062
:1033000013F94FF0200888B9264B1B7873B1642657
:10331000606804F0D9FBF0B9012005F0FCFE013E25
:10332000F6D10021212003F01FFAF0E7EFF3118618
:10333000314688F31288BFF36F8F606804F0C4FBD6
:10334000A8B986F31188BFF36F8FEFE786F3118872
:10335000BFF36F8FE5E7EFF31186314688F31288EC
:10336000BFF36F8F606804F0AFFB0028EED0FB69FD
:103370001D706368FA691B680020C3F844250122A8
:10338000C3F84825C3F82001D3F82041C3F85801F9
:10339000D3F858019A6081F31188BFF36F8FBDE8AD
:1033A000F08100BF13470020F7B505460022012138
:1033B0000220FEF72BFF0220FEF7F8FE6B6818686C
:1033C0001A69C0F82425997D5A7D0A43198B1B7D03
:1033D0000B431343C0F86C356E68D6E9004313F015
:1033E000010348D02F6907F1080005F0A0FE304B1B
:1033F00098425AD1387A04F10C0204F5907105F024
:103400008CFE387A012707FA00F001F075FD0823D9
:10341000C4F80035F369C4F844350023C4F84835CE
:10342000A760D4F85831002BFBD00021C4F8001558
:103430006B68DC6801AA204604F019FB002805DB54
:10344000019B226819791868FFF79CFE6A68136867
:103450000821C3F80015117A51B9126AC3F834254E
:103460000122C3F83825C3F81011D3F810111A60DF
:10347000002003B0F0BD0822C4F80025F269C4F8AA
:103480004425C4F848350123A360D4F82031002B2B
:10349000FBD00023C4F82031D4F820310123E360AD
:1034A0004FF48073C4F80433BBE76FF00400E0E727
:1034B0000000AD0B2DE9FF410569D0F804802B6DAC
:1034C0000646A86C002835D1002B53D0B8F83840F8
:1034D0006A6CEF6C9C4228BF1C46EB6C53B1296DA3
:1034E00041B107F06041B1F1005F03D0082C6F6E6D
:1034F00028BF082400926A6CAC651AB1AA6C002A35
:1035000018BF2246CDE901271BB12B6D002B18BF38
:103510002346002269464046039302F005FC184BFF
:10352000984229D06FF00401304604B0BDE8F04164
:1035300004F0DCBB696CEF6CB8F838400A46ABB1FC
:10354000834228BF03469C4228BF1C460029C4D0A2
:1035500001F06043B3F1005FBFD0082C28BF0824FE
:103560002246286E03F05AFF2A6EB6E7844228BF2F
:103570000446EBE71946D7E704B0BDE8F08100BF89
:103580000000AD0B2DE9F04F8FB0984643680193D2
:103590008B8804690F4699040646914600F11D8107
:1035A0004FF0FF324FF0FF3304F1100002F01CFE29
:1035B0006760D6F804B0D6F810A0DBF808300393A3
:1035C0009AF85D3023B1DAF800309F4200F089802C
:1035D000B7F804E01EF4006F40F036811EF0090FCA
:1035E00040F02F81CEF34513082B40F02A813B6831
:1035F0000293029AAD4B9A4240F223810BF10C0CDC
:10360000BCE80F0004AD0FC5BCE80F000FC5DDE935
:1036100002329A4228BF1A469CE80300A44B9A4201
:1036200085E803001BD2A34B9A4218D2A24B9A42C0
:1036300015D2A24B9A4200F2D980A14B9A4200F2D5
:10364000D780A04B9A4200F2D5809F4B9A4200F25D
:10365000D3809E489E4B9F49824288BF0B461EF0F6
:10366000020F09930EF0040300F0C880002B14BF72
:10367000032302238DF82830CEF300138DF8293070
:10368000DBF80030D3F808251EF0020F4FEA521382
:10369000CEF3400102F01F0240F0B780002B00F093
:1036A000B180012B40F0FA808B4901239340C1F88F
:1036B0000C359AF85D302BB1584602F0EDFA002334
:1036C0008AF85D303346854A04A9584602F0B0FABC
:1036D000834B984240F0A58001238AF85D30CAF8F8
:1036E0000070012384F85C30019B196C4A1C03D0E4
:1036F00003F1440004F064FBB9F1000F40F0A7802F
:10370000C4F834900023A36304F1480204F13801A3
:1037100004F1340004F013FA6064B8F1000F40F0D3
:103720009F80C4F83C800023236404F1500204F11C
:10373000400104F13C0004F002FA00252A46E0644E
:1037400001212046256304F030FA3046FFF7B2FE2F
:10375000A06B2A462B46834240F08B800023256CC9
:103760001946A94240F08C809342274638BF134641
:103770004FF4FA5202FB03F557F8203B4FF00008D4
:103780001B68B5FBF3F54FF4004CC835414640F2D9
:10379000E7304FF47A720023E5FB0C01FCF7B0FC34
:1037A00002460B46384602F01FFD024618B9256B4B
:1037B00015F1740F6BD10198C4F8588002F06CFABF
:1037C00084F85D806FF07301304604F08FFA38465C
:1037D00002F030FD6FF0730525E0A369002B7FF444
:1037E000DFAE63689F427FF4DBAEE2E63D4B36E737
:1037F0003D4B34E73D4B32E73D4B30E7003B18BFD4
:10380000012337E74FF0A0414FE73BB1012B48D1EF
:10381000314901239340C1F808354AE74FF0A041F0
:10382000F7E76FF0040523689B8813F4005304D175
:10383000636004F1100002F0B3FC28460FB0BDE84D
:10384000F08F6FF01505EEE76FF08505EBE7D9F81F
:1038500000306363002B3FF455AFD9F8043052E7D2
:10386000D8F80030E363002B3FF45DAFD8F80430A4
:103870005AE7616B01EBC301013349680A446AE707
:10388000E06B00EBC10001314068034469E7002DA3
:10389000C9D00146306904F088F9C4E7C1F80C15B5
:1038A000FFDE0023C3F80835FAE700BF47E8010050
:1038B0000048E8010024F40000127A00FF083D00EF
:1038C0007F841E003F420F001FA107008FD003001E
:1038D00048E8010090D00300000300500F7D000075
:1038E0000000AD0B00093D0080841E0040420F0027
:1038F00020A1070000F01F0240090DD001280ED1C1
:103900000A4B03EB82030A4AD3F80007024042EA5B
:103910008102C3F8002770474FF0A043F1E702F59A
:10392000E072002353F82230FFDE00BF0003005096
:10393000F0F8FCFFF0B587B001238DF802300223C8
:103940008DF804306B4403930F4601AB0DF1030176
:103950000024049305460291059401F02FFE0C4BC0
:10396000984206460FD103AA3946284601F08AFC40
:10397000B0420BD09DF80310284601F019FE6FF0FD
:10398000040007B0F0BD6FF01200FAE72046F8E738
:103990000000AD0B70B5012383400E4ABFF35B8F6F
:1039A000DC4352E8001F01EA040542E80056002EFD
:1039B000F7D1BFF35B8F4FF4803282400648C0F8E6
:1039C0000823BFF35F8FBFF36F8F0B4214BF01203B
:1039D000002070BD4C2D00200010014070B40E4935
:1039E000D1E90034D01AC31844F1000422F07F4614
:1039F000C1E90034A6F50013B3F5400F09D2074B17
:103A00001B681A0A1B069C19054B42F10005C3E905
:103A1000004570BC03F02CB858060020502D002043
:103A20006006002011B3BFF35B8F0123104A83406F
:103A300052E800CF4CEA030C42E800C10029F7D15C
:103A4000BFF35B8F0B4A4FF480338340C2F80433DB
:103A5000094BBFF35B8F1B68BFF35B8FC340DB0772
:103A600042BF064B4FF40032C3F80021704700BF3D
:103A70004C2D002000100140482D002000E100E006
:103A80000D4B1868010A0006BFF35F8F0B4BD3F88C
:103A90000435181841F10001B3F5801F0AD2084B14
:103AA000D3E90023904271EB030303D210F180703D
:103AB00041F10001704700BF502D0020001001406F
:103AC000600600202DE9F04F85B016461F469DF890
:103AD00040A00446FFF75EFF0190FFF7D1FFB04220
:103AE00071EB070354D23E4B301A67EB0101984249
:103AF00071F100014FD23B4B03EB0413D3E90223D6
:103B00009F4208BF96425ED037494FF4803804F197
:103B1000500508FA04F8AD00C1F848832046ADB25C
:103B200004F076F926F07F4B05F1804504F5A87383
:103B300005F58835DC464FF003090293029A2CF014
:103B40007F4341F82230C1F84483D1F80435274A35
:103B50006FF00200C01A604420F07F40904232D9DA
:103B6000286868B1D1F804350393A3EB0B0020F06B
:103B70007F40B0F5000F26D9204604F049F9039B99
:103B8000BAF1000F07D109EB030C09F10109D5E7E0
:103B9000BAF1000F09D06FF0150520460199FFF723
:103BA00041FF284605B0BDE8F08F0123104ABFF35E
:103BB0005B8FA34052E8000F184342E80001002940
:103BC000F8D1BFF35B8F07490E98230101EB041274
:103BD000C8500F9B5360C2E902670025DDE700BFB4
:103BE000010080004806002000100140FDFF7F001A
:103BF000482D00207FB51C4C1C4BC4F80833C4F87A
:103C000048331B4B00254FF0FF304FF0FF31C4F815
:103C10000855C3E902014FF48033C4F80433154B4F
:103C200002264FF400320121C4F804631120C3F8C6
:103C300080212A46FEF7EAFA1120FEF7B7FA0E4A6B
:103C40000123A360236013600C4B0D4A0093CDE960
:103C5000015500232846FFF735FF3046FEF7F6FDF5
:103C6000284604B070BD00BF0010014003000F00E3
:103C70004806002000E100E04C2D0020DD39000066
:103C8000FFFF7F002DE9F7432F4CD4F80433990749
:103C90000BD5D4F8043143B12C4A0023C4F80431C5
:103CA000D4F80431136801331360D4F80433DA0311
:103CB00029D5BFF35B8F264B53E8002F22F001017B
:103CC00043E800100028F7D1BFF35B8FD30702D47D
:103CD000D4F84031BBB10025C4F84051D4F840318C
:103CE000FFF7CEFEEFF31182202383F31288BFF398
:103CF0006F8F184BD3E90267B042B94106D282F305
:103D00001188BFF36F8F03B0BDE8F0834FF0FF3829
:103D10004FF0FF39C3E90289D3E900101D604FF469
:103D20008033C4F84833C4F84051D4F8403182F3AA
:103D30001188BFF36F8F0029E5D0009032463B46D3
:103D400028468847DFE700BF00100140502D0020C3
:103D5000482D00204806002030B5431C124C85B089
:103D600005D08442A8BF0446012CB8BF0124FFF748
:103D700087FE0E4B0C4DD3E90013401AB0F5000F2F
:103D800010D22218AA4228BF2A4652184FF000002B
:103D900007490091CDE9010043F10003FFF792FECE
:103DA00005B030BD2A46F0E7FFFF7F00580600202F
:103DB000DD39000008B5FFF763FE024B1B68C01A2F
:103DC00008BD00BF5806002010B5084C01236360F1
:103DD0001120FEF7F9F9064BC4F80833C4F848334C
:103DE000044B4FF40032C3F8802110BD0010014095
:103DF00003000F0000E100E030B50C490C4D0B68EA
:103E00000246002405EB0310D0F80808C0B218B928
:103E100004B10B60002007E00133072B4FF00104D1
:103E2000F0D90B606FF01B00136030BD542D0020E3
:103E300000E0014030B5816885B0103921F00704F9
:103E4000054603F063FA10220146684603F0F1FAD2
:103E500007491022684603F0E1FA10236A4621461A
:103E6000284603F01FFA003818BF012005B030BD06
:103E7000CA9D000030B50D46816887B0102302AAA4
:103E80001039044603F0F9F9002802DA012007B0DE
:103E900030BD102202A9204604F020F800283AD1B3
:103EA0001E49102202A803F0A9FA00280CBF012322
:103EB00002232B70204603F0FDFF012301460DF184
:103EC0000702204603F0D9F90028DFDB9DF8073010
:103ED00003F00F021B096A702B7101220DF107011B
:103EE000204603F0FBFF10B96B78042B03D90123A4
:103EF0006B7000232B71A268183A22F00702083A6F
:103F0000A91C204603F0FDFF0028BFD1E91C204674
:103F100004F050F8BBE70323CBE700BFCA9D0000C5
:103F2000F0B5354F460085B00546694657F826007E
:103F300004F046F8044610B1FF2005B0F0BD01368C
:103F400002A957F8260004F03BF8012837D12B4886
:103F50002A46492103F083F9294B02938DF80C403E
:103F60009DF800609DF80870264C002220783146AC
:103F700003F0A6FF50B36078394603F0A1FF28B3E1
:103F8000A378042B03D09DF8031099421ED1E37847
:103F9000042B03D09DF80B10994217D12379042BE1
:103FA00010D16279022A1DD1174B18482A4649219F
:103FB00003F055F96079831E022BBED9BCE70028B7
:103FC000CED0B9E79DF802109942EAD00132032A17
:103FD00004F10604CAD10E482A46492103F03FF9EC
:103FE0000120AAE7032A05D00A4B0B49042A08BF7F
:103FF0000B46DAE7094BD8E78C9C00000EA50000C1
:1040000003010303A3A50000F0A4000059A50000CC
:104010007DA50000F5A4000007A50000EBA40000AA
:10402000044B1B68584043085B4240421843C0178A
:10403000704700BF582D00208842F0B504D0094FCA
:1040400004380025AA4200D1F0BD3E6850F8044F64
:104050005E4024EA060451F825601E4034430460A3
:104060000135EFE7582D00202DE9F04F8DB01D46AA
:10407000189B179F1A9E0592B3F12A3F83468A46E2
:1040800040F08D803946169804F022F8012838BF98
:104090000120470900F01F047B01502B4FF001095C
:1040A00034BF4B4603230A9309FA03F30B930A9B8D
:1040B000059805FA03F306EB8303069303EB8503E8
:1040C000079304F0DDF94FEA850808904246002185
:1040D000304603F0AEF9079BC6F800900393089BA7
:1040E000199ACDE90153059B009331462B46304682
:1040F00006EB080904F0D5F951464246484603F05C
:104100008DF90223494609930B9B099A934248D1A2
:1041100042463146584603F081F94FF00009CA463D
:10412000079B0393089BCDE90153059B00935A46D7
:104130002B465946584604F0B4F9002C47D1013FAC
:104140001F24169B53F82730E34003F0010343EA92
:1041500049090A9B0AF1010A534503D0002CDFD11B
:10416000002FDDD1189BB3F12A3F32D10698424689
:1041700009FB086103F052F9079B0393089B069A19
:10418000CDE90153059B009359462B46584604F050
:1041900088F9002CC1D1BFB90DB0BDE8F08F002463
:1041A0007AE7079B0393089B01EB080ACDE90153CB
:1041B000059B00934A462B46504604F072F9099B32
:1041C0000133099351469FE7A146A246A8E7013C67
:1041D000B7E731464FF0000A0A4B18681B68584091
:1041E00080EA090080EA0A00FFF71AFF2A46C34363
:1041F0000698FFF721FF099B0AF1010A5345414444
:10420000EAD1B9E7582D0020054B1B680131434026
:104210000132084022EA03020243501E00B27047F6
:10422000582D00202DE9F04F99B083460F461846CF
:1042300000211646039304F0A5FB002800F08981B5
:10424000784B14930024012515AB03991393304642
:10425000CDE90B45CDE90D45CDE90F45CDE911453A
:1042600004F019FBA04228DABBF1000F05D1E7B931
:104270000024204619B0BDE8F08F2146584604F0CE
:1042800092FA04460028F2D00BA804F0D9F90DA840
:1042900004F0D6F90FA804F0D3F911A804F0D0F96E
:1042A0000C2115A800F038FBE3E73146384604F04E
:1042B00045FA04460028E7D1DAE731460BA804F0B6
:1042C0003DFA04460028DFD103990DA804F036FA20
:1042D00004460028D8D1F188ADF8385002310FA833
:1042E000ADF8305004F0BAF904460028CCD10146AC
:1042F0000FA804F058FA04460028C5D1F18811A887
:10430000023104F0ABF904460028BDD10DA804F039
:1043100076FA00F01F001F2873D0C0F11F03194662
:104320000BA8019304F091FA04460028ACD101993E
:104330000DA804F08AFA04460028A5D1BDF8325031
:10434000BDF83A80A5EB080A4FEA4A1949460DA87C
:1043500004F07BFA0446002896D14FEA8A0A0DA998
:104360000BA804F0C7FA00284DDA49460DA804F05E
:1043700089FA0446002887D108F1FF3305939B0092
:1043800005F1FF3A069305F1804508F18043023BB1
:10439000013D9B00A5EB08050893AB000293059B2C
:1043A0009A4541D8BBF1000F0DD00FA9584604F033
:1043B000C5F9002840F0C980039AB388928813FB9E
:1043C00002F3ABF80430002F3FF45EAF01990BA865
:1043D00004F058FA002840F0B880B388ADF83030C7
:1043E0000BA9384604F0AAF90146002840F0AF8036
:1043F000384604F0C7FA00287FF446AF0123BB809B
:1044000042E701949AE70F9A52F80A300BA9013358
:1044100042F80A3008460DAA04F09AFB0446002828
:104420009DD031E7010003000D9B069A04931344CD
:10443000DDF82C900793049B59F82A109A580F9D89
:104440004FEA8A08A8F104030993029B91421D4494
:1044500076D2A8F10400002359F80000FBF750FEC3
:10446000002914BF4FF0FF330346BAF1010F2B6050
:1044700016BF09EB0803002353F8083C1593A8F175
:10448000040359F80330169359F8083017932B6832
:10449000DDF8108001332B60089B98442B68013BAA
:1044A0002B60002111A804F07EF900284DD1059B56
:1044B000002B48D0D8F80020119B1A60079A126888
:1044C0005A6011A92A68084604F046FB00283CD12E
:1044D00013A911A804F00EFA0028DFDC2A680DA940
:1044E00011A804F039FB80BB029B4FEAC308414688
:1044F00011A804F0AAF940BB0BA9084611AA04F0C0
:1045000027FB014618BB0BA804F03CFA002812DA7E
:104510000DA911A804F012F9B8B9414611A804F088
:1045200094F990B90BA911AA084604F00EFB60B9E2
:104530002B68013B2B60029B0AF1FF3A043B2DE7FD
:104540004FF0FF3391E7059AB6E704469CE60C4628
:104550009AE66FF00B048CE62DE9F74F90461F4A60
:104560001568454006460F46ED43002B14BF9A469A
:104570008A4600240C9B04F104094B4505D20C9B90
:104580009C4220D303B0BDE8F08F042208EB040165
:104590000DEB020002F042FF019A06EA020B042230
:1045A0000AEB04010DEB020002F038FF019A2A40E9
:1045B00042EA0B020192042238190DEB020102F0CB
:1045C0002DFF4C46D6E718F804301AF80420334083
:1045D0002A4013433B550134D1E700BF582D00203A
:1045E000082804D00928034818BF00207047024853
:1045F000704700BFB5A50000B8A5000001680E4ACD
:104600009142034615D1C169A2F11022A2F1EF1225
:1046100091420ED18268012A0BD8C26812B1016999
:104620008A4206D0586928B19B691B1A58425841E2
:1046300070470120704700BF55AA00FF70B50D4BB1
:104640009E68A6B13046FFF7D9FF044678B9F368F3
:104650006BB935690DB9204670BD2846FFF7CEFF0E
:1046600028B9EB68B34202D12E462D69F2E7012446
:10467000F1E700BF5C2D00202DE9F8433F4F3C6877
:10468000D4B1BC68C4B100284AD0002948D001FB8D
:1046900000F5B5FBF0F0884242D1281D40D8A907AB
:1046A0000DD025F003060436FC6803E06368B342CE
:1046B00038D2A469002CF9D12046BDE8F8832E46F3
:1046C000F2E7FB6041E006F120016318203A5A60EE
:1046D0000022C3E902242A4822691A61605029494C
:1046E000D96102B1D36062695A61A1699961AAB1C5
:1046F00093619A6902B153614FF00109C4E90169FC
:1047000023610023C4E905333B69DB072ED5FFF79E
:1047100095FF58B31C4B48461B6826E0FB60E8E752
:104720000024C9E7A3681BB1174B01201B689847F9
:104730006268921B232A04F12008C4D80123A360D5
:10474000D4E90523002ABCD09361A3690BB1626947
:104750005A610023C4E905333B69DA0706D5FFF740
:104760006DFF18B1084B1B68012098472A460021AD
:104770004046444602F05DFE9EE700BF5C2D0020EF
:1047800055AA00FF669911EEA805002070B50546F0
:10479000002800F08880444E3368002B00F08380AE
:1047A000B268002A7FD0834203D8726813449842CB
:1047B00003D33E4B01201B689847A5F120042046F7
:1047C000FFF71CFF18B1394B01201B68984755F8BB
:1047D000183C012B03D0354B01201B689847002360
:1047E00045F8183C55F8143C3BB39A682ABB55F879
:1047F0001C2C02F120015A680A445A6055E905321E
:104800001A6155F8145C2B6903B1DD602022002188
:10481000204602F00EFE286910B18368002B2ED0CE
:1048200033699B073FD5FFF709FF00283BD01F4B9B
:10483000BDE870401B680120184755F8100C00288F
:104840002AD0836843BB42686368134420336360A3
:1048500003692361D4E905239AB9CBB9436963613C
:104860008269A261B3B19C61A36903B15C612369F0
:1048700003B1DC602022002102F0DBFDD0E72C46F2
:10488000E1E79361A369002BE8D062695A61E5E72B
:10489000F360F7E7F460E7E7F36845F8083C03B135
:1048A0005C61F460BCE770BD5C2D0020A8050020B1
:1048B00038B514220C4605460021134802F0B9FD14
:1048C0001249134800F040F8232C1CD915F00303BB
:1048D0001FBF043CE418C3F10403ED182246002175
:1048E000284602F0A6FD084B0A499D60C3E9005422
:1048F000203C6C609A6811609A68DA60A1F110211E
:10490000A1F1EF11D16138BD5C2D00208D47000071
:104910007946000055AA00FF10B50A46044619B1B1
:10492000024B00211B68984710BD00BFA405002062
:10493000014B1B68184700BFB0050020014B1B68E6
:10494000184700BFAC050020024B1860024B002046
:1049500019607047B0050020AC050020F8B500F1E3
:1049600008064768044630460D4603F04CFF874270
:104970004BD16368B3F5807F47D80021304604F0FF
:1049800001F8002841DD0021304603F028FFE0B3A4
:1049900045B9294604F1100003F0F4FF002834DD86
:1049A0000020F8BD04F120050021284603F0EAFFAD
:1049B00000282ADD0021284603F011FF28B304F166
:1049C00028050021284603F0DDFF00281DDD002119
:1049D000284603F004FFC0B1002104F1100003F0E9
:1049E000D1FF002811DD002104F1300003F0CAFFDF
:1049F00000280ADD002104F1380003F0C3FF00287D
:104A000003DD002104F14000C6E70148C9E700BF0B
:104A100080BFFFFF012938B50546144601D007487D
:104A200038BD22B90123C5E91C340020F8E710463F
:104A3000FFF7D6FD0028F5D1F1E700BF00BFFFFF6B
:104A400070B500210446FFF789FF054610B10E4DF1
:104A5000284670BD04F10806304603F0D0FE7F28DA
:104A6000F5D910342946204603F0B9FE0028EED0CF
:104A7000204603F0C4FE0128E9D93146204603F060
:104A800039FF0028E4DBE2E700BEFFFFF0B50C468B
:104A900085B0002105461646FFF760FF002839D192
:104AA00002A803F0C8FD21466A6802A803F0B1FE1F
:104AB000044618B102A803F0C3FD0CE005F1080498
:104AC000214602A803F016FF002807DB02A803F026
:104AD000B7FD6FF00304A4F5854418E005F1480321
:104AE00002A96F68009305F110022346084604F0FE
:104AF00083F904460028DDD13A46314602A803F086
:104B00009EFE044602A803F09BFD002CE3D1204644
:104B100005B0F0BD004CFAE780BFFFFF01292DE989
:104B2000F041034641D8224A224F2348234E244DC8
:104B3000244C9966002918BF9046234A18BF964610
:104B400002F1794202F5740202F5016218BF94463F
:104B50001E4A18BF17461E4A18BF164602F1D14218
:104B600008BF804602F5C0121A4802F51E620CBF4B
:104B7000864615461848194A0CBF844614461848FC
:104B8000A2F11162A2F50C22A2F28E2218BF0246F7
:104B90000020C3E91000C3E9128EC3E914C7C3E9BA
:104BA0001665C3E91842BDE8F0816FF07300FAE7BB
:104BB000D89E05C13AF54FA567E6096A7F520E51A6
:104BC0008C68059BABD9831F07D57C3639590EF706
:104BD000310BC0FF85AE67BB72F36E3CA78FF964E3
:104BE000A44FFABE2DE9F04FCFB000F1640300F1FD
:104BF00044070DF58A79009301914A463B4653F8E4
:104C0000041F42F8041F00999942F8D104ADDFF85F
:104C100000A14FF000082C46B8F10F0F61D8019B9E
:104C2000042203EB880103A802F0F8FB039804F0C8
:104C300083F9A860D4E94763D4F818C15AF8041B73
:104C400073404FEAFC22D4F8206182EABC1203EAE6
:104C50000C0382EA7C6273401344D4F82421D4F814
:104C6000106113440B44D4E9421E034441EA0E028E
:104C70004FEA713080EAB100324001EA0E0B80EA5F
:104C8000B15042EA0B020244D4F8140162601844A5
:104C90001344D4F82021C4F8242108F10108D4F8E1
:104CA0001C212360B8F1400FC4E947C2C4E944E6BF
:104CB000C4E94231C4F8180105F10405ACD157F834
:104CC000043F59F8042F13443B60009BBB42F6D1CC
:104CD00004A84FF49471FFF71FFE00204FB0BDE809
:104CE000F08F2B6855F8382C55F8341C4FEAF340F8
:104CF00080EA734080EA932055F8143C134418442A
:104D00004FEAB14383EAF11383EAD103184490E7F1
:104D1000949C0000024AD2F80034002BFBD070476C
:104D200000E0014010B54FF08053D3F830210D2A38
:104D300055D14FF080410022C1F80C21C1F810215B
:104D4000C1F83825464AD3F80404C2F82005D3F840
:104D50000804C2F82405D3F80C04C2F82805D3F8D7
:104D60001004C2F82C05D3F81404C2F83005D3F8A7
:104D70001804C2F83405D3F81C04C2F84005D3F86F
:104D80002004C2F84405D3F82404C2F84805D3F837
:104D90002804C2F84C05D3F82C04C2F85005D3F807
:104DA0003004C2F85405D3F83404C2F86005D3F8CF
:104DB0003804C2F86405D3F83C04C2F86805D3F897
:104DC0004004C2F86C05D3F84434C2F87035D1F809
:104DD0000034DB0709D56FF00103C1F800344FF050
:104DE0008053D3F830310D2B0CD14FF08053D3F8D2
:104DF00034313BB14FF01023D3F808224FF08043F9
:104E0000C3F858254FF01023D3F80022002A03DB03
:104E1000D3F80432002B22DA124901234FF010207C
:104E2000C1F804351224FFF775FFC0F80042FFF700
:104E300071FFC0F80442FFF76DFF0023C1F804358D
:104E4000FFF768FFBFF34F8F0749084BCA6802F4AA
:104E5000E0621343CB60BFF34F8F00BFFDE710BD8F
:104E600000C0004000E0014000ED00E00400FA0551
:104E700030B50468CCB1BFF35B8FB4FA84F3C3F1EF
:104E80001F03DBB201229A4024EA020250E8005FCD
:104E9000A54204D140E8002CBCF1000FF6D1BFF3CD
:104EA0005B8FE6D102480B7030BD0248FCE700BFC3
:104EB0000000AD0B0200AD0B10B50368CB40DB0763
:104EC00014D401238B400268BFF35B8F43EA0201D5
:104ED00050E8004F944204D140E8001CBCF1000FA0
:104EE000F6D1BFF35B8FEED1014810BD0148FCE75E
:104EF0000000AD0B0400AD0B014BC3F80405704777
:104F000000F00140044B1A7922B9012218601A718D
:104F10000248704702487047702D00200000AD0B1A
:104F20000C00AD0B08B5074B1B682BB10020FDF73B
:104F30005FF908B9FDF73AF94FF080430022C3F852
:104F4000182508BD702D002010B510B1012843D0E0
:104F500010BD4FF08043D3F81814D3F81824C803B9
:104F600021D502F00303012B04D013B1002004F07B
:104F7000E0F800234FF080420220C2F818350822E2
:104F80004FF4827303F180430021196002F18042E3
:104F90001C6801241460154A12680AB34FF080435C
:104FA000C3F80403D4E7D3F81424D107E1D5D3F828
:104FB0001C249207DAD40D4A12681AB10222C3F8EF
:104FC0000423C5E7D3F80421002AFBD00022C3F84C
:104FD0000421D3F80431BBE700224FF48073D1E7FA
:104FE0001A68002AFCD019601B68B1E7702D0020F8
:104FF00010B54FF08043D3F8002152B10020C3F820
:105000000001D3F800210122C3F80823104B1B68CC
:1050100098474FF08043D3F8042172B10022C3F8BF
:105020000421D3F80421D3F81824D3F818249207C4
:1050300004D10122C3F818259A6010BD0222C3F8DA
:105040000823034BBDE810401B680120184700BF30
:10505000702D0020036803F01F025B09026004D07A
:10506000012B034818BF002070474FF0A040704745
:1050700000030050034A430900F01F00D35C1844AA
:10508000C0B27047BBA5000070B50546FFF7F2FF40
:105090000C4C08300E4634F81030DA0508D5C3F34E
:1050A000432304EBC302284654F833305268984730
:1050B000A3682BB1E26831462846BDE87040184726
:1050C00070BD00BFB405002008B5FFF7D3FF034B48
:1050D000083033F81000400B08BD00BFB4050020B5
:1050E00008B5FFF7C7FF034B083033F81000C0F3D3
:1050F000400008BDB405002008B5FFF7BBFF034B17
:10510000083033F81000C0F3401008BDB40500208B
:10511000034611F0010010B5CCB20DD1A207C4F3C3
:10512000400012D5094AD2F820055860C2F820057F
:10513000003818BF012008E04FF0A041D1F8202529
:105140001A60C1F82025002AE8D010BD00030050E5
:1051500010B5FFF78FFF124A083032F81030D9052A
:105160001CD5C3F3432123F4F85322F8103002F185
:105170000E04002034F8023F13F4807F03D0C3F301
:10518000432399420AD001302A28F3D1002342F860
:1051900031300448BDE81040FFF78EBE10BD00BF9F
:1051A000B405002020060020F0B505460020044686
:1051B000012607468C420BD1114BD3F87C2132B12A
:1051C0000022C3F87C21D3F87C3140F00040F0BDD0
:1051D000E3B29B0003F580729B0806FA03F31D42BD
:1051E0000BD002F1804202F5C042D2F800C0BCF1FF
:1051F000000F02D01760126818430134DAE700BFCD
:1052000000600040F7B506460846FFF733FF194F28
:1052100000F108050C4637F81530DB0727D5304676
:1052200004F04CF82046FFF767FF40B12046FFF737
:105230004BFF316800F5A270002341F82030204672
:10524000FFF786FF002301A827F815300194FFF728
:1052500001FF019B00EB8300074BD0F800271340B0
:1052600043F00203C0F80037044803B0F0BD04481F
:10527000FBE700BFB4050020F0F8FCFF0000AD0B19
:105280000400AD0B2DE9FF41164680460846FFF7A6
:10529000F1FE0D463168044609B32846FFF720FFAA
:1052A00018B12846FFF728FF10BB0023CDE90033D3
:1052B0008DF80E308DF80F300DF10F020B46284699
:1052C0000DF10E0103F091FF474A04F1080132F895
:1052D000113023F0020343F0010322F81130736808
:1052E00063B328461F785968FFF7FAFE10B1D1B1B1
:1052F0003E4826E03C4A04F1080032F8103023F022
:105300002003DB04DB0C22F8103061B1032FEFD84F
:105310007168496891F800C0D8F80010A7B90CF579
:10532000A27C41F82C70304A04F1080132F81130A7
:1053300023F01C0343EA870322F81130B3684BBB08
:105340002B4804B0BDE8F08101EB8C0143EA4C33FB
:10535000D1F810E52EF0030EC1F810E5D8F80010D2
:1053600001EB8C0E43F02003DEF8101522F810300C
:1053700021F44F3121F44071CEF810152902DEF8E6
:10538000108501F47C5141EA074141EA0801CEF859
:105390001015C8E7D3E900672846FFF7D9FE002EAD
:1053A000CED0114DD5E90023964203D19F4201D1C1
:1053B000002209E00F480DF10F01FFF759FD0C4BDA
:1053C0009842BED19DF80F2045F8326005EBC2032C
:1053D00008345F6035F8143043EA422343F48073A5
:1053E00025F81430ACE700BFB40500200400AD0B75
:1053F0000000AD0B200600202DE9F0430C4685B0DF
:105400008046204611461E46FFF734FE054629B366
:105410002046FFF765FE18B92046FFF76DFE18BB62
:10542000314F05F1080937F8193013F01C0F02D07D
:105430004B78012B18D001238DF80F300023CDE9D4
:1054400000134A1C8B1C20460DF10F0103F0CDFE0A
:1054500037F8193043F0030327F81930002E41D0F4
:105460002046FFF73DFE18B9204805B0BDE8F0839F
:1054700096F800C0D8F800301B4F0CF5A27200213E
:1054800043F8221005F1080237F8121021F020012C
:10549000C904C90C27F8121075781DB3D8F800009C
:1054A000B67800EB8C002D04D0F8103523F4991356
:1054B00023F4F853C0F81035230203F47C5305F4A9
:1054C00040353605D0F810E52B4306F4801641EA46
:1054D0004C31334341F0200143EA0E0327F8121008
:1054E000C0F810350248C0E7B40500200400AD0B39
:1054F0000000AD0B014BC3E902127047B405002058
:1055000010B508461446FFF7F7FD50B10846FFF7FF
:10551000B1FD054B083033F8103004485B0B2370A5
:1055200010BD0348FCE700BFB40500200000AD0B30
:105530000400AD0B70B5164D95F8744006462CBBB3
:105540002146542205F1100001F073FF30686E6EA1
:1055500021468E420ED10023C0F87C31D0F87C3138
:1055600040F30730FCF722FE01230A4885F8743027
:10557000EB6670BDCBB29B0003F580727C2B08BF3D
:10558000845001F1010108BF8358E2E70248F0E7C7
:10559000B40500200000AD0B0C00AD0B034B93F8DD
:1055A0007400003818BF0120704700BFB405002008
:1055B0000148FFF781BC00BF1C0600200148FFF72F
:1055C00057BC00BF1C06002073B503681646D3F80D
:1055D0000423002AA8BF4FF000420546A8BFC3F825
:1055E000042308460C46FFF787FD00B30846FFF783
:1055F00077FD0146D8B92046FFF766FD04B2A40046
:1056000004F5807203462868815029688258214435
:10561000D1F8102542F00102C1F810252EB12968F9
:10562000012202FA03F3C1F8043302B070BD204630
:10563000FFF720FD0F4B083033F81030C3F382031F
:10564000042B12D0052B12D001A80194FFF702FD04
:10565000019AD0F81035D34003F00103991C20467D
:1056600002B0BDE8704003F009BE0321F7E7022154
:10567000F5E700BFB40500202DE9F04F694BDFF8D6
:10568000A881D3F80403D8F86410C0B289B040F000
:105690000040FFF789FD051E2FDAC24600235AF8A5
:1056A000701F06A8CDE90633FFF732FD5F4B01936B
:1056B0000DF118094FF0000B019A12F8013B01920D
:1056C000DA0803F007031AF8022022FA03F3DA07D4
:1056D0001CD409F10409BBF1000F14D0D8F86410F0
:1056E0004FF00040FFF760FDD8F8701006A8FFF7F4
:1056F0000FFD0028DAD125F000450124002D79D1D5
:1057000009B0BDE8F08F4FF0010BD5E7484B5B4483
:105710000293D9F800100029DBD0029B91FAA1F185
:105720001C78B1FA81F141EA44142046FFF7A2FC4B
:105730000830059438F81070C808BB0819F8002024
:10574000039301F00701012303FA01F122EA0102A8
:1057500009F8002005A8FFF77DFC059A039B02F5D8
:10576000E072C7F3820650F822205B073746C2F387
:10577000014224D520463946D6B2FFF785FC05A85C
:105780000594FFF767FC059B03F5E07350F82330A1
:10579000C3F301439E4207D10021204603F06EFD72
:1057A0003146204603F06AFD05A80594FFF752FC38
:1057B000059B012202FA03F3C0F82035A9E7022A6B
:1057C0000CD10321204603F059FD06F00503012BFF
:1057D000EAD139462046FFF757FCE5E7022120468B
:1057E000039203F04BFD032EF3D0039A032ADBD17F
:1057F000022EEDE795FAA5F3B3FA83F304FA03F268
:105800009B0003F1804303F5C04325EA0205D3F86A
:105810001005D3F81015C0F30520C1F30141FFF7BF
:1058200033FC6BE700600040B4050020CBA500000E
:10583000CBA50000044AD2F80034DB07FBD5016099
:10584000BFF35F8F704700BF00E001404FF080530F
:105850001A69B0FBF2F302FB130373B9084B02227F
:10586000C3F80425C3F80805D3F80024D207FBD5F4
:1058700000220448C3F8042570470348704700BF5E
:1058800000E001400000AD0B0A00AD0B10B5054C67
:105890000123C4F80435FFF7CDFF0023C4F8043515
:1058A00010BD00BF00E0014001460148FFF7E0BA2B
:1058B0002C060020036803F01F025B09026004D07D
:1058C000012B034818BF002070474FF0A0407047DD
:1058D0000003005073B51646421C1C460546069B45
:1058E00018D0012902D1BBB103F074FD01A80195C4
:1058F000FFF7E0FF019B00EB83002402D0F80027B4
:10590000074B44EA86040C4313401C4344EA41011C
:10591000C0F8001702B070BD03F069FDE6E700BFF4
:10592000F0F8FCFF4B69184A934221D00DD8174A72
:1059300093421DD007D8164A934219D0154A934274
:1059400016D015487047154AF9E7154A934208D012
:1059500004D8144A93420BD0134AF0E7134A9342F7
:10596000EFD10279124B1348002A08BF184670473E
:1059700091F8213013B1CB680133F2D1CB690133F7
:10598000EFD10C48704700BF80841E0020A10700A3
:1059900048E8010090D003000400AD0B40420F0026
:1059A0000024F40000093D0000127A000048E801DC
:1059B0000300AD0B0000AD0B2DE9F04F874B4D6997
:1059C00090F804909D4285B006460C4600F0CE80CB
:1059D00000F2BE80824B9D4200F0CB8000F2B0808E
:1059E000804B9D4200F0C8807F4B9D420CBF4FF022
:1059F00080654FF080457D4F94F82300242202FB00
:105A00000973997F60F3000199773379217C02FB58
:105A100003739A7F61F341029A7794F82380B8F177
:105A2000000F34D16269724B9A420CBF4FF0030AE7
:105A30004FF0000A237E012B94BF00230123009323
:105A40002068534642460121FFF744FFCDF800800D
:105A50006068534642460121FFF73CFFCDF80080C5
:105A6000A27EA06853464146FFF734FF237C83F0B3
:105A700001030093E068534642460121FFF72AFFE5
:105A800001210091E06953464246FFF723FF337935
:105A9000002B7AD094F82130002B76D0242303FBFE
:105AA00009734FF0FF321A62A3680293D4E900BA77
:105AB000E36994F81290227E94F81980D4F80CE0EF
:105AC00094F810C094F8220003933379002B7AD015
:105AD00094F8201094F8244033687CB9029CC3F8F1
:105AE00008B5C3F80CA5C3F81045039CC3F86C4572
:105AF000C3F814E5C3F868C5C3F86405B8F100003D
:105B000018BF0120022AC3F8C095C3F824555CD001
:105B1000032A5DD0012A01D140F00200C3F85405E8
:105B2000C3F86015337924225343FB58002B52D01D
:105B3000306840F3073005B0BDE8F04FFCF736BBE6
:105B40002C4B9D420CBF4FF080554FF0804552E7E3
:105B5000294B9D4213D0264B9D4213D0274B9D428B
:105B60000CBF4FF000454FF0804544E74FF0005523
:105B700041E74FF000653EE74FF000753BE74FF01F
:105B8000206538E74FF0A05535E7242202FB09795C
:105B9000E368C9F82030227C99F81E3062F3410393
:105BA00089F81E30A3680293E36994F81290227E6C
:105BB00094F819800393D4E900BA4FF0000C4FF029
:105BC000FF3E022081E7022184E740F00400A5E7C0
:105BD00040F00600A2E705B0BDE8F08F80841E000B
:105BE00020A1070048E8010090D00300782D002094
:105BF0000048E80140420F000024F40000127A003F
:105C0000431C07B50ED0019001A8FFF753FE019B7E
:105C100000EB8300054BD0F80027134043F002034C
:105C2000C0F8003703B05DF804FB00BFF0F8FCFFDC
:105C30002DE9F04790F80490144C242505FB09F554
:105C400004EB050A1F469AF81C3006469046D3B965
:105C500061B96251CAF80470242303FB094400238C
:105C600063770B4801232377BDE8F087FFF75AFEDF
:105C7000074B9842F8D1304644F80580CAF80470C2
:105C8000FFF79AFEE8E70348EEE700BF782D002013
:105C90000000AD0B0C00AD0B2DE9F0410446067978
:105CA00000681F4D40F30730FCF78EFA242373433E
:105CB000EB5853B123681B4AC3F8082306EBC6010F
:105CC000206805EB810103F09FFB2421236801FB81
:105CD0000651D3F80805D3F80C75D3F810858B7FDF
:105CE000DB0716D4FFF78CFF4046FFF789FF3846E5
:105CF000FFF786FF086AFFF783FF23794BB123681C
:105D0000D3F86C05D3F81415FFF77AFF0846FFF7B0
:105D100077FF242303FB065500232B77BDE8F08192
:105D2000782D0020520108002DE9F0430779554DE8
:105D300024237B439046EA180E46517F85B0814666
:105D4000002940F09C80EB5823B118F0140F04BFD9
:105D50000123537796E80F00242404FB075404F131
:105D60000C0C8CE80F00206A421C04D0A37F9B0718
:105D70001AD503F02FFB3368D9F8004023B103F0A4
:105D80006043B3F1005F06D1B36883B103F06043B1
:105D9000B3F1005F0BD0242303FB075300223A48E2
:105DA0005A7705B0BDE8F08303F021FBE3E718F074
:105DB000010318BF0123C4F8503518F0020318BFBF
:105DC0000123C4F8403596E80F00EC468CE80F003C
:105DD000039BC4F84405C4F84815C4F83425C4F836
:105DE00038350023C4F81831D4F818310723C4F823
:105DF000003524237B4318F0080F05EB03021DD167
:105E0000E8580121216158B9D4F81831002BFBD092
:105E100062464021204603F09FFA24237B43EA1880
:105E2000EB5813BB106A461C13D107EBC70705EBF1
:105E30008701204603F0E8FA1448B2E7EB58A3B90B
:105E4000106A411CF8D0937F9A070BD503F0CFFA64
:105E5000F2E7937F9B0702D503F0C9FAE5E703F069
:105E6000B9FAE2E703F0B6FAE6E718F0040F4FF0EC
:105E7000400314BFC4F80833C4F80433DCE7044813
:105E80008FE700BF782D00200A00AD0B0000AD0B9E
:105E90000B00AD0B02494FF0402003F0CBBA00BF1E
:105EA000782D00200149024803F0C4BA9C2D00203F
:105EB00000F0024010B5144CA8220021204601F049
:105EC000B8FA03232361114A6361114BA261E361B4
:105ED0004FF4806323620023A3626362E36222665D
:105EE0000C4A62661022A2662367E3666367BFF30B
:105EF0005F8F094A12F8011DE1540133102BF9D1CB
:105F0000BFF35F8F10BD00BF10040020CDA50000BF
:105F10001000002000000020E6A5000038B5EFF3D7
:105F20001185202383F31288BFF36F8F064B9C6883
:105F300003F0C3FA85F31188BFF36F8F2046BDE8E5
:105F40003840FCF7BBB800BFC02D002038B5094B66
:105F500053F82040013053F82050A54200D838BDF6
:105F6000636823B1204603F0ABFA0834F5E72368F1
:105F70009847FAE7949D000070B52B4B2B4C2C4DA5
:105F8000012286B003201A70FFF7E0FFFBF7AAFE9C
:105F900003F0B2FA0420FFF7D9FF2646AE4204F11F
:105FA000300410D300F022FB204C224EAC4226D30A
:105FB00000F030FBFAF70EFA1F4A137B23F00103BF
:105FC000137306B070BD54F80C3C059354F8103CA4
:105FD000049354F8143C039354F8183C029354F877
:105FE0001C3C019354F8203C009354E90A2354E9E3
:105FF0000C0100F03BF954F8303C5E65CDE7D4E984
:106000000A23B3F1FF3F08BFB2F1FF3F05D052EAC8
:106010000301206803D103F08DFA3034C6E731461E
:10602000183000F0ABFCF8E713470020849900001B
:106030008499000041960000E806002008B5034856
:10604000034A0021121A03F053FA08BD4806002043
:106050001847002070B5002386B00122CDE9042343
:10606000134E144D01930F22CDE90232124914232D
:1060700003FB005506EBC01604464FF4C07000FB4E
:1060800004110E4B00954FF4A072304600F0EEF86C
:10609000737B0B4AEE6023F0040373734FF40463C5
:1060A00004FB033313442C746B6006B070BD00BF57
:1060B00068060020C02D0020804F0020FB940000C7
:1060C00040470020BFB50020FFF740FF2C4B83F373
:1060D00008882C4D2C4E6B692C4F43F400736B6178
:1060E0000024E02385F82230EC772C766C76AC76B1
:1060F00085F820406B6A43F4E0236B6285F8234007
:10610000FBF758FFFCF706F94FF0FF33AB62EB6289
:10611000FCF7C6F9FCF722F91D4BB36040F20112FF
:106120009A81C3E919441C6703F0B3F90120FFF712
:106130000DFF0220174DFFF709FF00F08BFA164BF9
:1061400075610593012315490094CDE903434FF48C
:1061500020523B46CDE90144284600F087F86A7B8F
:10616000064622F0040228466A7303F01FFA20460E
:10617000FFF770FF3A4631462846FCF7ADF800BFFE
:10618000804F002000ED00E0C02D0020795F00006E
:1061900068070020E8060020E7A500000051002065
:1061A00038B50446EFF31185202383F31288BFF33B
:1061B0006F8F03F049FA48B10022826703F0F6F9C5
:1061C00029460848BDE8384000F0CCB9D4E902328D
:1061D0009A4218BF0133A36085F31188BFF36F8F14
:1061E00038BD00BF1447002013B5EFF31181202400
:1061F00084F31288BFF36F8F846844B1013C8460DC
:1062000081F31188BFF36F8F002002B010BD52EAF6
:10621000030406D181F31188BFF36F8F6FF00F0075
:10622000F3E7CDE900230246014800F06FF9ECE7FF
:106230001447002070B50446EFF31185202383F343
:106240001288BFF36F8F6FF00A06204603F0FCF947
:1062500018B1866703F0AAF9F7E7A060294602485B
:10626000BDE8704000F07EB914470020F0B5073259
:1062700085B022F0070204467F320E9D0D9E2573E5
:10628000583022F03F02C4E91600042500203F2ABE
:10629000A673C4E90600A0606573E07301F14007CE
:1062A000A2F1400605D880F31188BFF36F8F28460E
:1062B00002DFC4E919768D1800260C9AE666029270
:1062C0000B9A01920A9A009220462A46FBF7D2FFC7
:1062D000044B66659B6803B11B6F2367284605B0B6
:1062E000F0BD00BFC02D002038B50D4D2B4653F832
:1062F000184F9C4200D004B9EC68AB6838B95A7B9F
:10630000D20604D1A26912B9DA897F2A05D89C4243
:1063100002D0204600F07AFA23466B6138BD00BFF8
:10632000C02D002008B590F90D20437B002A0146BE
:1063300004DA03F07F03437303F0FEF8044B98681C
:10634000431A58425841BDE80840FFF7CDBF00BF8F
:10635000C02D002070B490F90D30427B002B29DB5A
:10636000D30627D183692BBB134962F07F024273A6
:106370000A4652F8184F944218BF2346CC6923B9F5
:10638000C0E900242060C8610CE090F90E5093F938
:106390000E60B5420AD0AE4208DD5A68C0E900324C
:1063A0001060586070BC0020FFF79EBF9C42E7D091
:1063B0001B68E4E770BC7047C02D00202DE9F04158
:1063C000002A427B0E460CBF1021082111420446D0
:1063D0000FD141EA0203D20918D1437308291BD017
:1063E0000120FFF781FFBFF35F8F637B23F0600322
:1063F0006373274B9B68A34243D1EFF30583002BC4
:106400003FD13046BDE8F041FBF76EBE03F07F039D
:10641000437303F091F8E1E7A36813B1204603F05A
:1064200093F804F1180003F04CF9A56D04F1580736
:10643000AF4211D04FF0000875B1284603F084F840
:1064400005F1180003F03DF9C5F878802846FFF7FC
:1064500081FFA56DAF42EFD10D4DAB689C42BFD11E
:10646000EFF30583002BBBD00120FFF73DFF094B65
:10647000AB6040F201129A810022C3E919221A6727
:10648000B1E786F31188BFF36F8FBDE8F08100BFDD
:10649000C02D00206807002070B590F90D20437BC7
:1064A000002A014604DA03F07F03437303F044F843
:1064B0004B7B154A63F07F0310464B7350F8183F2F
:1064C000D469834208BF002323B9C1E900042160D5
:1064D000D1610CE091F90E5093F90E60B5420ED0E7
:1064E000AE420CDD5868C1E9003001605960906827
:1064F000431A5842BDE870405841FFF7F5BE9C4230
:10650000E3D01B68E0E700BFC02D0020F8B5124BB8
:106510000C461146114A98681060DDE90676EFF3E3
:106520001182202282F31288BFF36F8F9D68284664
:1065300003F014F8B6F1FF3F08BFB7F1FF3F06D0F4
:1065400007493A46334605F1180000F017FA20468D
:10655000BDE8F840FBF7C8BDC02D0020E02D0020AD
:106560004196000049B9EFF3058030B9054B5A69EF
:106570009B689A4201D0FBF7B7BD81F31188BFF346
:106580006F8F7047C02D002010B5EFF311842022CB
:1065900082F31288BFF36F8F427B510704D484F3D8
:1065A0001188BFF36F8F10BD22F004024273FFF712
:1065B000D1FE21460248BDE81040FFF7D3BF00BF1F
:1065C00014470020034648B9EFF3058232B9064A62
:1065D00051699268914201D0FBF786BD83F311881F
:1065E000BFF36F8F704700BFC02D0020EFF3118104
:1065F000202383F31288BFF36F8F054B9A68D37BF8
:10660000013BD37381F31188BFF36F8F704700BFD5
:10661000C02D002038B5EFF31185202484F31288B3
:10662000BFF36F8F0A4B9A68D37B0133D37300207B
:10663000FFF75AFE85F31188BFF36F8FEFF31180D8
:1066400084F31288BFF36F8FBDE83840FFF7BABFFD
:10665000C02D0020024B03F11802C3E90622704747
:10666000C02D0020F8B5EFF31185202383F31288A5
:10667000BFF36F8F19498868437B03F07F0343732F
:1066800002F05AFF8B685A7B084662F07F025A7309
:1066900050F8182FCC69824208BF002222B9C3E902
:1066A00000042360CB610CE093F90E6092F90E7048
:1066B000BE420ED0B7420CDD5168C3E900210B6029
:1066C00053600120FFF710FE2846BDE8F840FBF7B5
:1066D0000BBDA242E3D01268E0E700BFC02D00204E
:1066E00050EA01032DE9F04105460E4603D1FFF7BC
:1066F000B9FF00202BE0831C71F1FF3329DB02F08E
:10670000F5FF2C18EFF31188202383F31288BFF3D1
:106710006F8F124F124BB8681860FFF703FEB8680E
:1067200010492A463346183000F028F9BA68537BDE
:1067300043F0100353734046FBF7D6FC02F0D6FF3C
:10674000201A63EB0303012873F10003D1DBBDE8DA
:10675000F0816FF00104241AD4E700BFC02D00209F
:10676000E02D002041960000B1F1FF3F08BFB0F1DD
:10677000FF3F08B506D10A4B986802F026FF4FF09C
:10678000FF3008BDFFF7ACFF4FF47A7147F6FF7397
:106790000022C0FB0132D80B40EA4240F1E700BFC3
:1067A000C02D0020014B9868704700BFC02D00200D
:1067B000044BC01A044BC0105843044B01221A5416
:1067C000704700BFE8070020ABAAAAAA1447002020
:1067D000C3897F2B12D80A4B1B6863B1094B90F910
:1067E0000E201B689A4209DB437BDB0606D1064B71
:1067F000C31A18BF012303F0010070470023FAE712
:10680000E82D0020E42D00206806002070B50E4B16
:106810000E4C1E7C06EB460304EBC30405462046E3
:1068200002F04FFF0A4B002228469A55FFF7D0FF8F
:1068300048B1084B08491A68013A2046D317BDE809
:10684000704000F09BB870BDC02D0020E80700200C
:1068500014470020E82D0020B167000038B5EFF3A1
:106860001185202383F31288BFF36F8F104B114AD9
:106870009C681068A04206D1FFF7C8FF85F3118815
:10688000BFF36F8F38BD00211B7C11600A4AD35CB7
:10689000002BF3D02046FFF79BFF0028EED0637B50
:1068A000DB0602D12046FFF7F7FD2046E4E700BFF4
:1068B000C02D0020E02D00201447002008B5064818
:1068C000064A0749121A02F015FEBDE80840054ABB
:1068D0000549064802F00EBEC0040020480600200C
:1068E000F4A5000000000000ECA50000C00400209A
:1068F000034B1B680BB9FDF75DBA0020704700BF62
:10690000EC2D002030B570B10B4B5B6898420AD07B
:10691000036843B1D3E90421D0E90445121941EBDE
:106920000501C3E90421D0E9003213605A60002355
:10693000C0E9003330BD00BF3006002010B50E4B5B
:106940001C689C4204D1FFF7D3FF6FF0004010BDDC
:10695000FFF7CEFF002CF8D0D4E904321B1A62EB0B
:10696000E072B3F1004F72F10001EEDA002AACBF21
:1069700018460020EBE700BF30060020B3F1FF3FD0
:1069800008BFB2F1FF3FF8B504461D4616465ED07B
:106990008160EFF31187202383F31288BFF36F8F99
:1069A000013275F1FF3324DA2E49D1E900206FF06E
:1069B00001039B1A4FF0FF3262EB00009E1B60EB5D
:1069C0000500012E70F1000301DA01260020C4E960
:1069D0000460254ED6F800C07568B44508BF4FF076
:1069E000000CBCF1000F0DD1C4E900652C6074608F
:1069F0001CE0FFF77DFF013645F10005361845EB39
:106A0000E070E4E7DCE90420D4E90431934271EB5F
:106A1000000E1DDAD21ADCF8043060EB0100CCE97C
:106A20000420C4E900C31C60CCF804403368B342BE
:106A300009D09C4207D10D4B1C6824B9FFF77EFF9B
:106A40002146FDF789F987F31188BFF36F8FF8BDF1
:106A50009B1A61EB0001AC45C4E90431C4D0DCF8F9
:106A600000C0BEE70008002030060020EC2D00200A
:106A70002DE9F84FEFF3118C202383F31288BFF335
:106A80006F8FDFF8B0A0DFF8B0902C4FC9F800008E
:106A9000DAF800000024504508BF00200025D7E99F
:106AA0000021D9F80030E04678B3D0E9046C4FEA11
:106AB000E37EB3427EEB0C0B05DAF61A6CEB0E04A8
:106AC000C0E9046421E0B21841EBE671C0E9044575
:106AD000C7E90021FFF716FF88F31188BFF36F8F16
:106AE00083689847EFF31188202383F31288BFF35C
:106AF0006F8FD9F80030DAF800009B1B5045C44670
:106B0000C9F80030CBD1D7E900219A1841EBE373E3
:106B10000024C7E90023C9F80040FFF70FFF214612
:106B2000FDF71AF988F31188BFF36F8FBDE8F84FAE
:106B3000FFF794BE30060020EC2D00200008002056
:106B400010B5EFF31184202383F31288BFF36F8F06
:106B5000FFF7CEFE054A0346D2E90001181841EBC3
:106B6000E37184F31188BFF36F8F10BD000800201C
:106B70007047012303FA01F103691B68194203D02E
:106B800022B183681B6903E0002AFAD08368DB68BE
:106B900018470020704730B583688B4285B00446A3
:106BA00015460ED96368C068194401AA00F0C7FEF3
:106BB00028B96268019B9B1A2B60029B6B6005B031
:106BC00030BD6FF02100FAE72DE9F7430E46174676
:106BD0009946044628B94FF0FF38404603B0BDE857
:106BE000F0830029F7D0002AF5D0CB680D891D4429
:106BF00004230DEB03022946384600F03EFB804695
:106C00000028E8D1BDF80410738946F608129142B5
:106C100025D1BDF806109942DDD104230DEB030206
:106C20002944384600F029FB0028D4D1BDF80420BF
:106C300046F607139A42CED1C4E900679DF8283082
:106C4000A4F80890A3727389BDF806202B44E36072
:106C5000738913442B44043563612561BDE7002B20
:106C6000E4D0B8E72DE9F3410E4617461D46044629
:106C700020B94FF0FF3002B0BDE8F0810368002B6F
:106C8000F7D04368002BF4D04FF6FF78D4E9042303
:106C90009A4216D223685B8923B1E368934204BF0A
:106CA000043323610423216960680DEB030200F0C3
:106CB000E4FA0028DDD1A37A2BB1D4E903329A4259
:106CC00001D30120D7E72389BDF80610434501F120
:106CD000040203D0BDF804C09C450BD115B1BDF82A
:106CE00004302B80236904333360398023691344D3
:106CF0002361C0E7236913442361C7E748B10368F0
:106D00003BB143682BB1C068884294BF002001208A
:106D100070474FF0FF30704700F070BB4FF4C06316
:106D200058433030704710B5044600F0E8FAA368C5
:106D30004FF4C062303B02FB103010BD70B50D4601
:106D4000044601F0B7F82A46A0F1080104232046C2
:106D5000BDE8704000F091BA13B50446019101F00E
:106D6000A9F80423A0F108010DEB0302204601F06D
:106D7000E4F802B010BD70B513460E46154600216A
:106D800002460446FAF7D8F850B92B4604F12C0213
:106D900001212046FAF7D0F810B1002E08BF0020DC
:106DA00070BD73B5044600200D461646F9F7B8FBD2
:106DB0006946C0B2FAF73EFF30BB2C2303FB054403
:106DC0000098E36825891D4404230DEB030229463E
:106DD00000F053FAC0B9BDF804206489009846F663
:106DE00008139A4215D1BDF806309C420CD10423F9
:106DF0000DEB0302611900F040FA28B9BDF8042038
:106E000046F607139A4207D0009800F035FA02B010
:106E100070BD002CF2D0F7E7BDF8061021442944DC
:106E20003160F1E737B50446426A4FF4007501A9B5
:106E300003200195FAF726FF58B9019B226DA36242
:106E400001A901200195FAF71DFF054628B1092582
:106E500000E00125284603B030BD019B206A636530
:106E600000F04DFAE065F5E70123036003F101232B
:106E700043600023C0E9023370474379012B07D1F7
:106E80000368012B04D10079431E584258417047D2
:106E9000002070477FB506460D46032001A9FAF78A
:106EA000C9FE38BB0198FFF73EFFF16D0446284646
:106EB00000F0D1F80444019800F021FA0646019848
:106EC00000F024FA082201460DEB020000F0B1FAAE
:106ED0002B798DF8083021460198334602AA00F03C
:106EE000E1F9041E019818BF012400F0C5F92046FD
:106EF00004B070BD0124FAE700F0E9B92DE9F843C8
:106F00000E46002107460846F9F70AFB0121044610
:106F10000020F9F705FB33789C4221D0984221D11B
:106F200001252C2303FB0575F86DAC6AFFF7F6FE0F
:106F3000013C07464FF000086B6A03EBC40253F8AC
:106F40003410D2F804901B684A46C91A3046C84427
:106F5000FFF7D2FFB84504F1FF34EDD3BDE8F88365
:106F60000025DEE70120F9E737B515460C4601207C
:106F7000694601F025F8E979012903D0002220466D
:106F800001F032F89DF80330012B02D1204601F0C8
:106F90000AF8A9682046FFF7DFFE2046FCF74AFF03
:106FA000002003B030BD73B50D460646FAF7CCF8A5
:106FB0000446E86058B302282ED101A90320FAF74D
:106FC00039FE58BB01982A463146FAF71BF80446A9
:106FD000D0B9019800F06EFF012301460DF10302C4
:106FE000019800F04AF90446A0B9019801220DF178
:106FF000030100F073FF10B101238DF803309DF8F9
:10700000033003F00F03EB71019800F035F92046CF
:1070100002B070BD0124F7E70724F8E70124F6E782
:1070200038B5436A0446C06D5D68FFF777FE0246D7
:10703000A06A002301382B449A4201D90138FAE7AB
:1070400038BD436A00205A68034613448B4200F15E
:107050000100FAD3704710B543790279012B14BFB0
:107060004B02002302F1FF3201FB0233026814BF1E
:107070004C000C46013A04FB023010BD0020704762
:107080000FB407B504A951F8040B0191FAF78EFA71
:1070900003B05DF804EB04B07047044608B5084639
:1070A00011461A46A047FFF77DFBFBF707F8038B55
:1070B00013F0070305D10368002B0CBF0020032049
:1070C0007047022B05D1408BB0FA80F04009800058
:1070D0007047012B05D10368002B0CBF0020052051
:1070E00070470020704710B50C4600B111B96FF021
:1070F000150010BD081D00F093F80028F9D1A36811
:10710000032BF6D9F3E72DE9F0410D460746194662
:10711000281D90461E4600F094F8044638B13346C8
:10712000424629463846A446BDE8F0416047BDE8DE
:10713000F08110B4EFF31182202484F31288BFF39E
:107140006F8F416110BC0121FAF760BC38B50C4665
:10715000054658B151B10B6843B14B6833B11C229D
:10716000002100F066F92C61002038BD6FF0150099
:10717000FBE770B505460E46FFF7B5FF041E14DBAE
:10718000EFF31182202383F31288BFF36F8F6B8B91
:107190002C8B4FF6FF718B4204F0070407D182F36A
:1071A0001188BFF36F8F6FF00A04204670BD022C68
:1071B0000CD101336B8382F31188BFF36F8F0023EF
:1071C000224631462846FFF79EFFEEE7062C14D8EC
:1071D000DFE804F004131313041A040000233360DF
:1071E0006B683BB9C5E90066ACB902212846FAF7DD
:1071F0000DFCDAE71E606E60F6E782F31188BFF3DC
:107200006F8F6FF00404D0E782F31188BFF36F8FA4
:107210006FF08504C9E782F31188BFF36F8FC4E76D
:10722000034658B1426802F00302012A03D0032A40
:1072300004D1026812B10020986070476FF0150009
:1072400070474268816002F00302032A4FF0000297
:1072500003460CBF006810465A60704770470FB471
:1072600007B504A951F8040B0191FAF79FF903B08F
:107270005DF804EB04B070477047002930B4044651
:1072800018460BDBA5680844A84207D8E068646884
:10729000214484682468A44630BC60476FF0150020
:1072A00030BC7047002930B4044618460BDBA56893
:1072B0000844A84207D8E068646821448468646888
:1072C000A44630BC60476FF0150030BC7047002901
:1072D000034610B410460BDB9C680844A04207D854
:1072E000D8685B68194483689B682BB110BC184749
:1072F0006FF0150010BC70476FF05700FAE708B543
:10730000C0688368DB689847006808BD08B5C06836
:107310008368DB689847407908BD70B54C6803689E
:10732000A34201D2012070BD8A682244934201D356
:107330000020F8E7D1E903254E69B54203D36FF089
:107340000B038B61F4E71B1B42F835304368086977
:1073500002EBC00253600B6901330B61E2E70128C5
:1073600001D1EFF30583FEF7D9BD01460068FFF7B1
:10737000F6BF08B5FAF7C8FCBDE80840FAF7C8BC84
:1073800000210120FFF7EBBF61B662B680F31188E0
:10739000BFF36F8F704772B6002383F31188BFF37A
:1073A0006F8FBFF34F8F30BF62B6BFF36F8F7047E1
:1073B00072B6002383F31188BFF36F8FBFF34F8F33
:1073C00020BF80F31188BFF36F8F62B6704720280B
:1073D00009D9B0F1004F08D80138B0FA80F0C0F1F7
:1073E0001F0040007047082070473E20704703464A
:1073F00000201A5C02B970470130FAE710B55AB1A3
:107400000139841810F8012B11F8013FA04201D076
:107410009A42F7D0D01A10BD1046FCE710B5431EB3
:107420000A44914200D110BD11F8014B03F8014FFD
:10743000F7E7C9B202440346934200D1704703F80C
:10744000011BF9E74FF0FF3070470369C9B20C2206
:1074500001FB0233186C00F00700704770B5C9B229
:107460000369EFF31185202484F31288BFF36F8F33
:107470000C2606FB0134246C14F0C00408D0A24290
:1074800006D085F31188BFF36F8F4FF0FF3070BDCA
:1074900071430B4401221A6485F31188BFF36F8F87
:1074A00043680B445B6898470020F0E78022FFF7B1
:1074B000D5BFF8B5069F0469C9B2EFF31186202540
:1074C00085F31288BFF36F8F0C2569430C44256C3C
:1074D00005F0070CBCF1010F0BD1276486F311886E
:1074E000BFF36F8FC4E90E2343685B5898470020B1
:1074F000F8BD05F0C005AF4286F31188BFF36F8F6A
:107500000CBF6FF077004FF0FF30F1E713B5802428
:107510000094FFF7CEFF02B010BD10B40069CBB2EB
:107520001C2403FB0400002110BC10470020FDF7C1
:107530000BBD002001F057BE1046FEF731BE0369B7
:1075400020330B60012313607047FEF729BE4FF014
:10755000FF324FF0FF33FEF747BEF0B58BB0446803
:107560000769119ECDF818D0002000908DF8040016
:107570000120079010988DF80010D107CDE908067A
:1075800002F080050DD512F0040F1BBA1ED0049333
:10759000042204A90DF10100FFF740FF079B04330B
:1075A0000793002E06AB0CBF01220222CDE9032374
:1075B000029321460223059351F8040BA5B1836879
:1075C0001C68002302AAA0470BB0F0BD3A7C0493CC
:1075D000D307DDD403220DF111010DF10100FFF7F6
:1075E0001DFF079B0333DBE783681C6804ABE9E7F7
:1075F00073B500230D1E466818BF0421CDE9003382
:1076000008BF062180220446FFF7A7FF737EDB0632
:1076100009D540B93DB9CDE9000003468022982143
:107620002046FFF79AFF02B070BD1FB501230193FA
:107630000DF10F03009300231A460521FFF78DFF7C
:1076400008B99DF80F0005B05DF804FB2DE9FF4176
:10765000064615461C4601270DF10F080023CDE90B
:1076600000871A4605213046FFF777FF40B99DF89D
:107670000F30DB0704D528462146FFF775F8EDE704
:1076800004B0BDE8F0812DE9F347054600690F1EFF
:10769000D0F81C9016467DDBBB184B457AD847EADC
:1076A0000204C4F30B04002C74D1FFF750FF2146F1
:1076B0002846FFF79DFF4FF0FF3A0446002E46D1C3
:1076C00001212846FFF794FF002C08BF04462869D3
:1076D000FFF73BFF204602B0BDE8F0872869A046CF
:1076E00000F1110319305A7882B10AFA02F137EA2F
:1076F00001010BD101219140B14207D8B8F1000F2F
:107700001CD098F80110914238BF98460233984235
:10771000E9D1B8F1000F13D0002398F800108122AE
:10772000CDE9003328463B46FFF717FF98F80120C4
:107730000123934004461F44F61A21E09846E5E7EA
:107740006FF0150401212846FFF752FFBFE7002C18
:10775000F8D1CDE900442346802206212846FFF7D0
:10776000FCFE04460028EDD1B145B7D1CDE90000BB
:1077700003468022C7212846FFF7EFFE0026044675
:10778000002CDFD140F2676200232846FFF75EFF3E
:10779000044693E76FF015049CE72DE9F74F054683
:1077A00000690E1E1F46B0F81A80C36991464EDB71
:1077B000F2199A424BD8FFF7CAFE00212846FFF77C
:1077C00017FF0446C0BB82462FB901212846FFF7A8
:1077D0000FFF044634E0B845C34628BFBB4606EB5E
:1077E0000B0396FBF8F2013BB3FBF8F393421CBF8B
:1077F00008FB1262A8EB020BCDE900AA002380224D
:1078000006212846FFF7A9FE0446A8B9CDE9009B4A
:107810003346812202212846FFF79FFE044658B9CD
:10782000012200232846FFF711FFA7EB0B07D944DD
:107830005E4404460028C7D001212846FFF7D8FE41
:107840002869FFF782FE204603B0BDE8F08F6FF095
:107850001504F8E7F7B5054600690C1E1E461746E5
:10786000C36913DBA2199A4210D8FFF770FE2346B2
:10787000CDE90076012203212846FFF76EFE04467B
:107880002869FFF762FE204603B0F0BD6FF01504D3
:10789000F9E738B505460C4601F03BFD002D07DB46
:1078A000A84205D9401B84428CBF0020012038BD6E
:1078B0000020FCE770B50D462846194616461C46C2
:1078C000FFF7E7FF38B124B1224629463046FFF7DB
:1078D000A5FD002070BD6FF01500FBE7F7B51C4655
:1078E0001646002382682360A36013690D4601AA2F
:1078F00069469847019B5A1E01921BB96FF015000B
:1079000003B0F0BD0098A26847682168676085B938
:10791000B31AD0F800C0634528BF63461A4403FB7E
:1079200007112160A26002689A4206D808300090D0
:10793000E0E76B1AB3FBF7F3EBE70020E0E7134651
:107940000022FFF7CBBF2DE9F047836886B01B69A3
:107950008846914601A902AA98470024A2462546D6
:10796000029BAB4202D806B0BDE8F087019F07EB4F
:10797000C50700267B6804933A68B2420AEB060307
:1079800002D801359A46EBE703940593494603A8CC
:10799000C0470028E7D0049B01361C44ECE74B1E8F
:1079A0005B0800EB8300C907C36958BF1B0CC3F316
:1079B000072113F0FF031DBF0020117053706FF0FB
:1079C0001500704743685B68D3F810350B600020E2
:1079D000704743685B6802EA010021EA0201C3F8CC
:1079E0000805C3F80C150020704743685B68002049
:1079F000C3F80815704743685B680020C3F80C158E
:107A0000704743685A68D2F8043521EA03000B40F6
:107A1000C2F80805C2F80C350020704710B503699C
:107A20005868F8B1884219D19C6808685860A1422A
:107A300000D19860002008602AB15A680A609A68EC
:107A4000596002B99960002010E0814206D10868AF
:107A5000206098688142EDD19C60EBE704460068A5
:107A60000028F2D1002AE8D16FF0150010BD30B522
:107A700043681360057A446804EBC504A34202D34B
:107A80006FF0010030BD5C798C4201D00833F0E723
:107A90000020F7E743681B68D3F88004C3F880042C
:107AA000704742681368D3F8100150B1126A002081
:107AB00012780A70C3F81001D3F8102101221A605D
:107AC00070474FF0FF30704702680346D2F8580104
:107AD00040B95B68DB0706D4D2F82001003818BF34
:107AE000012070470120704743681B68D3F80423C6
:107AF000D20517D5D3F82021A2B1EFF311822021AE
:107B000081F31288BFF36F8FD3F8201131B10021B8
:107B1000C3F82011D3F820110121D96082F3118814
:107B2000BFF36F8FD3F85831704700220121042032
:107B3000FAF76CBB002201212F20FAF767BB10B5C2
:107B40000B6813B91360184605E003685C681CB144
:107B500014600368186810BD083303600B68013BAC
:107B60000B60EDE713B501AA0446FFF780FF00287C
:107B700005DB019B226819791868FBF703FB02B04B
:107B800010BD03460A4600681979012303FA01F182
:107B900003691B68194218BF82F0010212B18368A1
:107BA000DB68184783681B69FBE710B5044600686B
:107BB000D0B18368C3B149B101210830FFF7E1FFBB
:107BC00023681869BDE8104001F05FBC12B98388D2
:107BD000DB0409D4006901F058FC20680021BDE8ED
:107BE00010400830FFF7CDBF10BD10B501220021B5
:107BF0000446FFF7DAFFA36933B9636004F11000AC
:107C0000BDE81040FEF7CCBA10BD10B5006903689E
:107C10008B4206D190F85C4034B9FFF7E6FF20466E
:107C200010BD6FF01500FBE76FF00F00F8E72DE9CE
:107C3000F8434468066905460021E06BFFF792FFB0
:107C4000002823DB216C481C17D1636B9847B4686C
:107C500001270834D6E9023203EBC203A4F108027B
:107C6000934215D83046FFF7C0FF6B680021D86BF0
:107C7000FFF778FF00EAE07008E004F14400FBF74A
:107C800059FE10F1130F01D0411DDED1BDE8F8837C
:107C900054F8080C01F0FEFB28B354F8080C14F853
:107CA000041C34F8023CD0F810E0D0F80890DEF85C
:107CB00000C0DA0754BF43F4B01383F4D01323F4A5
:107CC000801207FA01F8DB074CBF48EA0C032CEAE4
:107CD0000803CEF80030D9F800309847002804F1A6
:107CE0000804B7DAD2E76FF01200CFE738B50569BC
:107CF0000446296305F12000FEF752FA002285F8B8
:107D00005C2020691146BDE83840FFF74EBF38B50A
:107D100002780346002A52D10C69A26D32B9606D17
:107D20006FF07301BDE83840FFF7E0BFE06C40B191
:107D3000216D31B1DB6823B1834202D0616EFFF760
:107D40006DFBA36CA56D9BB19D4211D85B1BA36419
:107D50004BBB636B08336363A36B013BA36304F109
:107D6000480204F1380104F13400FFF7E8FE6064D2
:107D7000236D9BB19D4211D85B1B2365CBB9E36B8F
:107D80000833E363236C013B236404F1500204F1E4
:107D9000400104F13C00FFF7D2FEE064606DBDE8F5
:107DA0003840FBF787BB636C002BE1D02B44636446
:107DB000DEE7E36C002BF1D02B44E364EEE738BD43
:107DC000F8B50C46054601F0A1FA00222146064608
:107DD0002846FDF7F9FB03212046FBF78BFD00F059
:107DE00023F807462B689B5953B1002621462846A5
:107DF00001F08AFA20460121FBF77CFD3046F8BDF0
:107E000000F012F8C01B0628ECD96FF07306EDE7FE
:107E100000F150039B009BB203F1804303F58833CC
:107E200000221A601B68704708B5FBF729FE08BDE1
:107E300073B5054601A80C461646FBF7DDFF70BB7F
:107E40004FF080531969B5FBF1F201FB125242BBAE
:107E50001969B4FBF1F201FB124212BB1A695B69AA
:107E60005343A3421DD3E4B1019B1B0103F18041A5
:107E700001F5F031C1F80058C1F80448C1F80868AC
:107E8000D1F8002895420FD1D1F8042894420BD1A3
:107E9000D1F80838DBB2B34218BF6FF00D0002B062
:107EA00070BD6FF01500FAE76FF00D00F7E70222E2
:107EB000FFF7BEBF8068183820F007001038704701
:107EC000042809D0052803D1481E18BF0120704797
:107ED000431A5842584170470120704738B515463B
:107EE0000C4661B15AB1FFF711FA2544214611F849
:107EF000013B834203D1A942F9D1012038BD0020C2
:107F0000FCE738B50C460123114622460546FFF72B
:107F1000B4F900280FDB012221462846FFF7DEFFD7
:107F200038B92378012B14BF0223012323700020CA
:107F300038BD0323FAE70120FAE72DE9F7431D4690
:107F400006460F469046FFF7DAF96C1E044440429D
:107F50000440082C1AD83046FFF7D8F92A46814643
:107F600041466846FFF75AFA621B49460DEB050089
:107F7000FFF75FFA23466A4639463046FFF792F923
:107F8000003818BF012003B0BDE8F0834FF0FF3088
:107F9000F9E707B501238DF8042001AAFFF7CDFF0B
:107FA00003B05DF804FB81681839012221F0070154
:107FB000FFF7EFBF8268183A22F00702FFF7A1BF70
:107FC00013B50C46C0B201A9F9F734FE50B92146E9
:107FD0000198FBF74FFF04460198FFF74DF9204643
:107FE00002B010BD0124FAE713B541EA02110446BC
:107FF0008DF80710FFF75EFF012301460DF1070220
:108000002046FFF79AFF02B010BD8168183921F0B1
:10801000070101220839FFF7BCBF70B504680D1BCA
:10802000002D02DC6FF05F0070BD94F900602378D2
:10803000002E0ADB631C0360237813600368C91AEF
:1080400013688B42EED80020EEE703F07F035C1E3E
:10805000032C13D89D42E5DD00241460046801342C
:10806000046004681568247844EA052414600468F0
:10807000013B04F101040460F3D1DFE76FF063001A
:10808000D2E770B404680E1B002E07DD26789E42EE
:1080900008D10134046070BCFFF7BFBF6FF05F0010
:1080A00070BC70476FF06100FAE773B502231546A4
:1080B00001AA0446FFF7E5FF40B9019E2168324658
:1080C000284600F0A6FB23683344236002B070BD4D
:1080D0000139002901DA0020704750F82130002BC7
:1080E000F6D0B3FA83F00131C0EB4110704739B1DB
:1080F00001F18041013900EB81018142034600D248
:1081000070471B680A681BBA12BA40F8042B41F882
:108110000439F2E72DE9F0411C4613F0030318BFC0
:10812000012303EB94038B4206460D46904613D879
:1081300079B18F003A460021FFF77BF92CB1381B4B
:10814000224641463044FFF769F929463046FFF799
:10815000CEFF0020BDE8F0816FF00700FAE7B3EB37
:10816000810F70B504464FEA8105104619D95A1B94
:1081700086180021FFF75DF930462B46C218002112
:108180008B4210D1002070BD22F0030102F00306E3
:108190006158F600F140C9B281B90132AA42F3D167
:1081A000ECE71A46FAE721F0030001F00305205836
:1081B000ED00E84002F8010D0131E1E76FF0070042
:1081C000E1E753098B42F0B402F01F0401D809D152
:1081D00024B18A00F0BC0021FFF72BB91F2A03D875
:1081E000F0BC70471F2A0AD900EB8302051F00EB81
:1081F0008106B24216D1CB1A00228B4217D3002C33
:10820000EED000EB81010022C4F120068142E7D0CC
:1082100051F8045C25FA04F3134341F8043D05FAD0
:1082200006F2F3E752F8047B45F8047FE1E740F8F3
:1082300023200133E1E71F2AF0B54FEA521402F080
:108240001F0512D96FF0030606FB04060B469C427D
:1082500003F1FF3212D3631A8C4288BF00230B4410
:1082600000EB8303002283420ED135B100EB840082
:108270000022C5F120078C4209D3F0BD56F8223008
:1082800040F822301346E2E743F8042DEBE7066896
:1082900006FA05F3134340F8043B013426FA07F2CB
:1082A000E9E7F0B50024844620469C4200D1F0BDA9
:1082B00051F8245052F824702E182CBF01250025A7
:1082C000BF194CF8247045F100000134EDE7F0B51A
:1082D0000024064620469C4200D1F0BD51F824C03F
:1082E00052F82470ACEB0005AF4294BF4FF0000E83
:1082F0004FF0010EED1B46F8245084452CBF70460C
:108300000EF101000134E6E78B422DE9F04728BF6A
:108310000B469646DE08089A0446C91A03F0070879
:1083200075460346B44600200CF1FF3CBCF1FF3F0C
:1083300003F1200305F1200511D104EB46140EEBE7
:1083400046164FEA880C06EB880E2546764540F027
:1083500081806444013980F08B80BDE8F08755F856
:10836000207CA2FB079710EB090953F8200C47F17A
:10837000000710EB090043F8200C55F81C0C47F1DE
:108380000007A2FB00093F1853F81C0C49F1000933
:10839000C01943F81C0C55F8180C49F10009A2FB50
:1083A000000719EB000953F8180C47F1000710EB10
:1083B000090043F8180C55F8140C47F10007A2FB0C
:1083C00000093F1853F8140C49F10009C01943F88B
:1083D000140C55F8100C49F10009A2FB000719EB29
:1083E000000953F8100C47F1000710EB090043F89F
:1083F000100C55F80C0C47F10007A2FB00093F18C0
:1084000053F80C0C49F10009C01943F80C0C55F84D
:10841000080C49F10009A2FB000719EB000953F809
:10842000080C47F1000710EB090043F8080C55F859
:10843000040C47F10007A2FB000A17EB000953F8F0
:10844000047C4AF1000017EB090740F1000043F8F3
:10845000047C69E756F8043BA2FB0337C31828687D
:1084600047F10007C31845F8043B47F100006DE7EA
:1084700023681B1844F8043B2CBF0120002069E747
:108480000168881C400000F008000844032300FB3A
:1084900001F2C2F10202013B02FB00F0F7D14042BF
:1084A00070472DE9F04F87B091460493109B0293DB
:1084B000DDE91183139D05934FEAC80283468A467E
:1084C000043200212846FEF7B4FF08F102032E46CD
:1084D00000240393444515D105EB84012346029AF9
:1084E00051F824505846FFF7F2FE6840FBF798FD1C
:1084F000A6000A4600235946109607B0BDE8F04F83
:10850000FCF72AB85AF82430D9F8002037680399C4
:10851000009302FB0377059A049B574330464A4673
:10852000FFF7F2FE3046DDE9022100974346FFF7F0
:10853000EBFE04360134CDE738B50D460121044683
:1085400000F031F988B9E9882046890100F07DF909
:1085500058B92A462146204600F02FFB28B9E98861
:108560002046BDE8384000F0B8B838BD4901502970
:1085700034BF0122032201239340033358430130C7
:10858000704710B586B00B9C04940A9C0394002499
:108590000294099C0194089C0094FBF765FD06B0C9
:1085A00010BD10B586B00B9C04940A9C03944FF048
:1085B0002A340294099C0194089C0094FBF754FD12
:1085C00006B010BD30B50546104600229A4200D1D3
:1085D00030BD51F82240241A45F8224034BF012012
:1085E00000200132F2E7034600EB810100208B42BC
:1085F00001D1FBF715BD53F8042B1043F7E71FB566
:10860000089C0394069C0092CDE90134079AFFF779
:1086100048FF04B010BD30B587B01C460B9D0395D4
:108620000A9D00920123CDE9014505AA0593FFF7B4
:1086300038FF07B030BD00220123C0E90023704796
:1086400010B5044648B1006818B1E188890000F00F
:10865000DDFB00220123C4E9002310BD42F21073A8
:10866000994270B504460D4602D96FF00F0070BDF7
:10867000C3888B4201D30020F9E704212846FCF788
:1086800057F906460028F0D0216841B1E2889200EF
:10869000FEF7C4FEE1882068890000F0B7FBE580A2
:1086A0002660E8E738B504460D4619B9FFF7C8FF5C
:1086B000002038BDC2888A4207D10068920000219C
:1086C000FEF7B7FE0123A380F2E7FFF7B9FF2946C3
:1086D0002046BDE83840FFF7C1BF42F2107399420F
:1086E00070B50A46054602D96FF00F0070BDC38809
:1086F0008B4207D8BDE87040FFF7B0BF296851F83A
:10870000231011B9013B002BF8D15C1C944238BFF7
:10871000144604212046FCF70BF906460028E3D056
:10872000296839B1A200FEF779FEE9882868890036
:1087300000F06CFBEC802E600020D7E7884270B51B
:1087400005460E4609D0C988C28841B92AB101231D
:10875000838092000068FEF76CFE002070BD4C1E06
:108760008CB90134B6F90430AB80A24212D2214652
:108770002846FFF773FF0028F0D131682868A2006F
:10878000FEF74CFEE9E7336853F82430002BE8D1BC
:10879000013CE5E72868121B9200002100EB8400F1
:1087A000FEF747FEE9E770B50C4601210546FFF7E5
:1087B00055FF064688B9EA88014692002868FEF708
:1087C00038FE84EAE472A2EBE472E40FC4EBC43432
:1087D0002B68640001341A60AC80304670BDC388D9
:1087E000B1EB431F3FBF03684A0901F01F0153F873
:1087F00022003ABFC84000F0010000207047C18845
:108800000068FFF765BC08B5FFF7F9FF0730C0083F
:1088100008BD70B50E4612F0030118BF012101EB2F
:10882000920105461446FFF73DFF38B9E9882868EC
:1088300023463246BDE87040FFF76CBC70BD13465E
:108840000A46C1880068FFF78ABC38B504460D4661
:10885000FFF7D5FFE3882844B0EB431F06D8206814
:10886000E1882A46FFF7E7FC002038BD10F01F0121
:1088700018BF012101EB50112046FFF7EFFE002841
:10888000EDD0F2E708B50A46C18811B10068FFF7DC
:1088900098FC002008BD10B5C38823B9CA885AB90E
:1088A000ABB1012017E0026802EB830252F8042CFE
:1088B000002AF3D1013BF0E70C6804EB820454F882
:1088C000044C0CB9013AEAE79342EAD80FD3013BD2
:1088D0005A1C01D1002010BD026852F823400A68DA
:1088E00052F823209442DCD803F1FF33F0D24FF04A
:1088F000FF30F0E730B5C38823B9CA885AB9002BD6
:108900003DD136E0026802EB830252F8042C002AC3
:10891000F3D1013BF0E70C6804EB820555F8045CE9
:108920004DBB013AEAE7B1F9045003D2B1F90400B2
:10893000404226E0B0F90420002A03DD002D0CDAC5
:1089400001201EE0002D08DD3AB14FF0FF3018E0A5
:1089500003F1FF330BD2504213E0013B016851F8A1
:10896000235054F823108D42F2D9104609E0591CC7
:10897000F4D1002005E0002BD8D09342D3D9B0F930
:10898000040030BD1FB581EAE173A3EBE173C90FA9
:10899000C1EBC1314900019301310123ADF80C1045
:1089A000ADF80E3002A901AB0293FFF7A3FF05B0AB
:1089B0005DF804FB90422DE9F04105460F46144650
:1089C00002D0884206D127460123AB80FC883CB9FF
:1089D000002003E0FFF7B2FE0028F4D0BDE8F081EC
:1089E0003B6803EB84034FEA840853F8043C0BB95B
:1089F000013CECE721462846FFF730FE0028EDD188
:108A00002E683A68234631463046FFF74AFC06EBAB
:108A100008030746002FDBD0EA88A24204F10106D2
:108A200008D831462846FFF719FE0028D6D12B6812
:108A300003EB84031A68D21943F8042B2CBF0127D7
:108A400000273446E6E72DE9F041D48805460E4676
:108A500090463CB9F188A1420ED26FF00907384622
:108A6000BDE8F081D8F8003003EB840353F8043CF0
:108A7000002BEFD1013CECE72846FFF7EFFD07465E
:108A80000028ECD1F28894420BD2AE4209D0316872
:108A90002868121B920001EB840100EB8400FEF7B2
:108AA000BDFCEA88F088824207D92B68121A92002E
:108AB000002103EB8000FEF7BCFCD8F800203168F1
:108AC00028682346FFF703FC024610B90123AB8058
:108AD000C5E72968EB8801EB84011B1B0846FFF7FB
:108AE00071FD0028F2D0B8E72DE9F843B1F9044050
:108AF000B2F804C01CFB04FC6646734381460D4675
:108B000017461CD511462846FFF7C5FEB0F10008F0
:108B10000DDB3A4629464846FFF795FF98B9B8F16C
:108B2000000F08BF0124A9F8044000200BE02A46EA
:108B30004846FFF788FF30B9644224B2F3E7FFF7F5
:108B400039FF0028EFD0BDE8F8830123FFF7CCBF41
:108B50004FF0FF33FFF7C8BF2DE9F341CF8805463B
:108B6000884616463FB1D8F8003003EB870353F828
:108B7000043C3BB146B90021284602B0BDE8F041B3
:108B8000FFF711BE013FEDE7791C2846FFF766FDB0
:108B9000044670B941462846FFF7D0FD044640B967
:108BA000013E0096D8F80020E98828683B46FFF788
:108BB000ABFB204602B0BDE8F08170B504460D461F
:108BC000104600211646FFF7DDFE002824DB2A466A
:108BD000334621460020FBF725FB054638B12846E1
:108BE00070BD324621462046FFF7AFFF90B9002105
:108BF0002046FFF7C7FE0028F3DB31462046FFF78B
:108C000079FE0028EBDB324621462046FFF7A0FF25
:108C10000028F2D00546E2E76FF00905DFE72DE90D
:108C2000F04F89B0DDE9125806468B4628460021F0
:108C300091460593FFF7A6FE002805DC6FF00304BC
:108C4000204609B0BDE8F08F2B681B68D907F5D521
:108C500000214846FFF796FE0028EFDB4846FFF765
:108C6000CEFDB0F5006FE9D82846FFF7C8FDB0F596
:108C7000006FE3D8B9F8061031B90121304609B0C8
:108C8000BDE8F04FFFF78FBDE888FFF76FFC0421C8
:108C90008246FBF74DFE0746002800F0AA8000221E
:108CA0000123CDE906234FEA8A0AB8F1000F0DD15E
:108CB000294606A8FFF740FC044600B35146384653
:108CC00000F0A4F806A8FFF7BBFCB9E7D8F800301D
:108CD000002B6ED106AB18462946FFF72DFC06ABDC
:108CE000044640B15146384600F090F8D8F80030BC
:108CF000002BA5D1E6E793E8030088E80300594676
:108D00003046FFF71BFD0446002867D10123B380DE
:108D100029463046FFF7EEFD002857DAE98830464D
:108D2000FFF79CFC0446002858D12868FFF7A8FBF1
:108D3000069B0090029701933168EB882A680490A3
:108D40000846FFF75CFC059B0698B9F806203168D9
:108D5000B3F12A3FEB880192CDE90207D9F8002050
:108D600000922A68084641D1FFF71BFC049B01973B
:108D700000933168EB882A680846FFF74CFCBBF982
:108D800004B0BBF1FF3F29D1D9F800301B68DB07E5
:108D900024D5F1883068FFF726FC01225946FBF7FD
:108DA00033FA3246B08029463046FFF7CEFE0446FD
:108DB00014E0E9884046FFF751FC0446002891D1B1
:108DC00098E8030008AB03E9030098E72A46314618
:108DD0003046FFF7F2FE044600289FD05146384641
:108DE00000F014F8B8F1000F80D16BE7FFF7C9FB72
:108DF000BCE76FF00F0423E713B5049CCDE9003402
:108E00004FF02A33FFF70BFF02B010BD10B5044638
:108E100008B1FBF781FD2046BDE81040FBF78EBD91
:108E200000207047704770472DE9F8430446DDE99C
:108E30000876914698460D4651B9B9F1000F10D108
:108E4000B8F1000F15D1E7B91EBB55BB002006E0F5
:108E50000830FFF773FC0028EFD0A0F58140BDE893
:108E6000F883494604F12000FFF768FC0028E7D0AA
:108E7000F3E7414604F12800FFF760FC0028E2D048
:108E8000EBE7394604F11800FFF758FC0028DBD067
:108E9000E3E7314604F11000FFF750FC0028D4D07E
:108EA000DBE704F10800FFF7AEFC6060CEE710B529
:108EB000782200210446FEF7BCFA0023C4E91C33E3
:108EC00010BD4068704710B50446A0B36030FFF78E
:108ED000B7FB04F16800FFF7B3FB04F14800FFF7AC
:108EE000AFFB04F11800FFF7ABFB04F12800FFF71C
:108EF000A7FB04F12000FFF7A3FB04F11000FFF72C
:108F00009FFB04F10800FFF79BFB04F15800FFF7FB
:108F100097FB04F15000FFF793FB04F14000FFF7CB
:108F20008FFB04F13800FFF78BFB04F13000BDE844
:108F30001040FFF785BB10BD00BA70476C220021BE
:108F4000FEF777BA10B16C21FBF7E6BC70472DE94C
:108F5000F04105460E4614467AB3036C03F03F0712
:108F60009B18036422BF436C013343645FB3C7F1B2
:108F7000400842451CD342463844FEF74FFA294682
:108F80002846FBF72FFEC8B92744A7F140043F2C21
:108F900046440BD90027F1192846FBF723FE78B980
:108FA0004037E31B3F2BF6D83E441C462CB100272C
:108FB00022463146E819FEF731FA0020BDE8F0817B
:108FC0004FF0FF30FAE73F2AE4D8F1E773B5036CBE
:108FD00003F03F035A1C0D46382A4FF08001C1545C
:108FE0000446104400F28480C2F138020021FEF7EA
:108FF00020FAD4E91060730F43EAC000FFF79CFF2A
:1090000004220DEB0201019004F13800FEF706FA8C
:10901000F000FFF791FF04220DEB0201019004F133
:109020003C00FEF7FBF921462046FBF7DBFD064638
:10903000002857D1A06CFFF77FFF04220DEB02013F
:1090400001902846FEF7EAF9E06CFFF775FF04226D
:109050000DEB02010190A818FEF7E0F9206DFFF773
:109060006BFF04220DEB0201019005F10800FEF7F1
:10907000D5F9606DFFF760FF04220DEB020101904E
:1090800005F10C00FEF7CAF9A06DFFF755FF0422A9
:109090000DEB0201019005F11000FEF7BFF9E06D44
:1090A000FFF74AFF04220DEB0201019005F11400C5
:1090B000FEF7B4F9206EFFF73FFF042201900DEB9D
:1090C000020105F11800FEF7A9F9A36E53B9606E0D
:1090D000FFF732FF042201900DEB020105F11C00A5
:1090E000FEF79CF92046FFF72DFF304602B070BD19
:1090F000C2F140020021FEF79CF921462046FBF711
:1091000071FD06460028EDD10146382220466EE763
:1091100000207047004700F0B8B9C00000F180405F
:1091200000F5F830C0F81015C0F814257047FCF7AA
:10913000BBBBF7B5044618B1012824D003B0F0BD7D
:109140004FF080430222C3F808230122DA60C3F8FB
:109150000401D3F80431064601238DF8073042F2AA
:1091600010754FF08047DCB1012CE7D1D7F80C34F3
:1091700003F480338EBB002BE0D00120FFF7CBFF40
:10918000013DF3D1DAE74FF080430022C3F8080332
:109190005860C3F80021D3F800310DF10706DBE772
:1091A000D7F8183403F480333EB9002BC6D0012021
:1091B000FFF7B1FF013DF3D1C0E7D7F8182402F063
:1091C00003023260002BB9D09DF807000128B5D109
:1091D000FFF7A1FF013DC6D1B0E7D7F80C2402F09C
:1091E00001023270EEE7FFF7A4BFF7B5019001A8C6
:1091F000DDE9084716461D46FBF72CFF019BB6F13B
:10920000000C18BF4FF0010C00EB83000B1E18BFC1
:109210000123002D43EA4C0314BF4FF00C0C4FF018
:10922000000C002C43EA0C0314BF4FF4E06C4FF029
:10923000000C002F43EA0C03D0F8002714BF4FF4B2
:10924000403C4FF0000C43EA0C0322EA030301B157
:1092500009780EB13678760019430DB12D78AD003E
:1092600031430CB12478240229430FB13F783F04E5
:109270000C433C43C0F8004703B0F0BD1FB50DF1EF
:109280000F03019300238DF80F1000931A4619461F
:10929000FFF7ABFF05B05DF804FB08B50146FBF72F
:1092A0002BFF40B10846FBF70FFF00B2800000F52E
:1092B000807080B208BD4FF4BE70FBE738B505463C
:1092C00008460C46FBF718FFB0B10846FBF708FF4D
:1092D00090B90846FBF7F8FE2A6801238340C2F8DC
:1092E00008332A6803B202EB8303D3F8102522F077
:1092F0000302C3F8102538BD20460021BDE83840E0
:10930000FFF7BCBFFBF77EBFFFF7D8BF0846FFF7EC
:10931000C4BF4FF080531A695869504370474FF0EB
:109320008053186970474FF080535869704770B583
:10933000A2F58074A408012606FA04F4054614EA8E
:10934000010008D0A85830B10021A950AA581A68C5
:1093500022431A60304670BD2DE9F34100230446D4
:109360000D460193904601AB4FF4A672FFF7DFFF65
:109370004FF4827229462046FFF7D9FF4FF48C72D2
:10938000074629462046FFF7D2FF064630B1B8F11E
:10939000000F1DD017B1D4F83C353E4601AB4FF459
:1093A000887229462046FFF7C2FF30B1B8F1000F9E
:1093B00003D016B90FB1D4F83C3501AB4FF490721D
:1093C00029462046FFF7B3FF019802B0BDE8F081BF
:1093D0004646E3E707B5019001A8FCF76BFA019A4E
:1093E00001239340C0F8083503B05DF804FB07B5CE
:1093F000019001A8FCF75EFA019A01239340C0F89E
:109400000C3503B05DF804FB012370B504460D462E
:1094100043616426002202212046FFF79DFF20B908
:109420000120FFF778FE013EF4D100236B77C4F8EA
:10943000003570BD70B501F10C020C4640210546A7
:10944000FFF78AFFC8B1206A421C04D0A37F9B07A4
:1094500010D5FFF7CCFF637F1BB121462846FFF7ED
:10946000D3FF002320462372616850F8083BBDE813
:1094700070401847FFF7AEFFEDE770BDFCF71ABD6F
:1094800008B5FFF7FBFF002008BD08B1F9F7CAB81F
:109490007047704740B1C368587810F001001EBF94
:1094A0001878B0FA80F040097047EFF31183202359
:1094B00083F31288BFF36F8FFEE708B5FFF7F5FF60
:1094C00010B5D0E9003433B90020E268537843F096
:1094D0000103537010BD204698470028F4D000289F
:1094E000B8BF4042E368FF28A8BFFF201870ECE730
:1094F000FDF79FBFFDF792BF704708B52024EFF33B
:10950000118384F31288BFF36F8FFDF744FFF6E7F2
:109510003AB18A4205D3C0E90212C0E90000002036
:1095200070476FF015007047EFF30580003818BFE3
:1095300001207047FDF728B8D0E9003213605A6067
:109540000023C0E90033704708B5FFF7F5FF437B00
:1095500023F0020343730023836008BD38B504463B
:109560000D46FCF7DFFE637B43F002036373E5B156
:10957000A5602B689D4209D16B68C4E900531C604B
:109580006C6012E06A689A42F6D01B68002BF3D038
:1095900094F90E2093F90E108A42F3D09142F1DD36
:1095A0005A68C4E9003214605C6038BD10B5EFF34E
:1095B0001184202383F31288BFF36F8FFCF7CAFE58
:1095C00084F31188BFF36F8F10BD10B504461830B7
:1095D00000F077F8EFF31181202383F31288BFF3B3
:1095E0006F8F627B12F0100204D081F31188BFF3F9
:1095F0006F8F10BD2046BDE81040FCF7DFBE38B5C8
:109600000446EFF31185202383F31288BFF36F8F95
:10961000437B13F0280F0BD183680BB1FFF794FF46
:10962000637B51B903F0FB0363732046FCF792FEA2
:1096300085F31188BFF36F8F38BD03F0EB03F3E7B9
:1096400001211838FFF7DBBF38B5EFF31185202370
:1096500083F31288BFF36F8F0468A0420DD034B13A
:109660002046FFF771FF04F1180000F02AF885F397
:109670001188BFF36F8F204638BD0024F7E7EFF362
:109680001181202282F31288BFF36F8F027BD207F1
:109690000CD581F31188BFF36F8F002383F31188FA
:1096A000BFF36F8F0423184602DF7047437B1B070D
:1096B00004D581F31188BFF36F8F70470122FCF747
:1096C0007DBE10B5EFF31184202282F31288BFF320
:1096D0006F8F03683BB1FDF715F9002084F3118803
:1096E000BFF36F8F10BD6FF01500F7E708B5FDF7FA
:1096F00027FA08BD406AFF7F010000001526000020
:1097000000000000E1260000649700008194000042
:1097100000000000452F00008C970000452F00003E
:1097200078970000A9330000A097000049290000A5
:1097300000000000F53B0000000000001191000057
:10974000000000002F7C0000C8970000152D0000CD
:10975000B49700002F7C0000DC970000A1290000D6
:10976000F09700005EA400006C9A0000849A00004C
:1097700038060020902C00209FA40000F49A0000DE
:10978000249B00003E060020242D0020ADA40000F4
:109790000C9B0000249B000040060020302D002080
:1097A000C3A40000489B0000909B000042060020DC
:1097B0003C2D002085A4000000000000D89A000085
:1097C0003C06002000000000D1A400009C9B00008B
:1097D000849C000044060020D4040020DEA4000085
:1097E000109C0000849C0000460600203C050020E0
:1097F00079A40000A09A0000BC9A00003A0600205C
:10980000E42C0020F14F0000159100000000000042
:1098100081730000A0970000E97A000000000000BA
:1098200081730000955E00001591000000000000AB
:1098300081730000795600001591000000000000BF
:109840008173000000000000817300000000000030
:109850008173000000000000817300000000000020
:109860008173000000000000817300000000000010
:109870008173000000000000817300000000000000
:1098800081730000000000008173000000000000F0
:10989000853C000000000000817300000000000013
:1098A00081730000000000008173000000000000D0
:1098B00081730000000000008173000000000000C0
:1098C00081730000000000008173000000000000B0
:1098D00081730000000000008173000000000000A0
:1098E0008173000000000000817300000000000090
:1098F0008173000000000000817300000000000080
:10990000817300000000000081730000000000006F
:10991000817300000000000081730000000000005F
:10992000817300000000000081730000000000004F
:10993000817300000000000081730000000000003F
:10994000817300000000000081730000000000002F
:10995000817300000000000081730000000000001F
:10996000817300000000000081730000000000000F
:10997000817300000000000081730000A55E0000FC
:0C99800015910000B89E000003000000DC
:109990000338FDD8704700000300000001000000FC
:1099A000010000009DA20000BC990000030000001F
:1099B0000100000003000000010000000E01000093
:1099C00007000000000000000000000000C00000D0
:1099D000B4970000010000000000000000400700F4
:1099E000F09700000200000000C00000000200002C
:1099F000B49700000300000000C000000040070012
:109A0000B49700000400000000C20000003E070000
:109A1000B49700000500000000C20000003E0700EF
:109A2000B4970000060000000040070000C0F800E6
:109A3000F0970000C00400200000000000000B06AA
:109A400002000000489A0000000000004FA400003F
:109A5000240002020000002057A4000020000B1187
:109A6000692600003926000000000000B927000028
:109A7000AD2600006DA400002D75000033750000B8
:109A800073A4000039270000AD7400000D750000BC
:109A9000000000004B740000000000000000000007
:109AA000DC97000000127A00000100008C97000093
:109AB00008000100000000000000000055780000D0
:109AC0009B77000087760000992900003F75000011
:109AD0000100000000FF0000B5780000A12D00008B
:109AE0003D2D00000D2D0000FD2C000004000000A5
:109AF00000FF0000FF030000000300500000000012
:109B0000010000000060004000000000FFFFFFFFB8
:109B10000000005000000000000000000060004055
:109B200000000000D92F0000C5790000D3790000A3
:109B3000EB790000F7790000037A0000452E000061
:109B40001D7A00000000000000200040010000001D
:109B5000000000006C9B00000000D6010000000027
:109B600000000000F2460020F146002000200040E6
:109B7000789B000001000000809B000004000000B2
:109B80000A000000050000020906000107060003A4
:109B9000A37A0000F5320000957A000000F0024040
:109BA000010000000048E801000000000000000083
:109BB00000000000FFFFFFFF0000FF0000000000AA
:109BC00000000000FFFFFFFF020000010100000095
:109BD000357B0000FFFF0000E89B0000FFFFFFFF58
:109BE000000000000000000000F00240F49B0000B4
:109BF00001000000FC9B00000300000017000004AF
:109C000016000006150000058C97000014000100E6
:109C1000004000400000000000127A000000000038
:109C20000000000000000000FFFFFFFF0000FF0039
:109C30000000000000000000FFFFFFFF0000000127
:109C4000010000002B7B0000FFFF00005C9C000077
:109C5000FFFFFFFF00000000000000000040004088
:109C6000689C000001000000709C000003000000E0
:109C7000280000040C0000050B0000068C97000073
:109C800008000100853500000B7C00000300000087
:109C900001000000982F8A4291443771CFFBC0B574
:109CA000A5DBB5E95BC25639F111F159A4823F92A7
:109CB000D55E1CAB98AA07D8015B8312BE85312400
:109CC000C37D0C55745DBE72FEB1DE80A706DC9BC1
:109CD00074F19BC1C1699BE48647BEEFC69DC10F6D
:109CE000CCA10C246F2CE92DAA84744ADCA9B05CA9
:109CF000DA88F97652513E986DC631A8C82703B06C
:109D0000C77F59BFF30BE0C64791A7D55163CA0679
:109D100067292914850AB72738211B2EFC6D2C4D85
:109D2000130D385354730A65BB0A6A762EC9C28173
:109D3000852C7292A1E8BFA24B661AA8708B4BC209
:109D4000A3516CC719E892D1240699D685350EF433
:109D500070A06A1016C1A419086C371E4C774827EA
:109D6000B5BCB034B30C1C394AAAD84E4FCA9C5B60
:109D7000F36F2E68EE828F746F63A5781478C884B1
:109D80000802C78CFAFFBE90EB6C50A4F7A3F9BE93
:109D9000F27871C6FC960000FC9600003497000033
:109DA0003C970000649700006497000001000200E7
:109DB00010001100120020002100220023002400C6
:109DC0003000310032003300FFFF77C295F360D2DC
:109DD000EF7F3552500F2CB6798025633A205374AB
:109DE000617274696E6720626F6F746C6F61646515
:109DF000720A0025633A20556E61626C6520746FAB
:109E00002066696E6420626F6F7461626C652069A0
:109E10006D6167650A0025633A20426F6F746C6F4D
:109E20006164657220636861696E6C6F6164206152
:109E3000646472657373206F66667365743A20306C
:109E40007825780A0025633A204A756D70696E6737
:109E500020746F2074686520666972737420696D60
:109E600061676520736C6F740A0025633A20507235
:109E70006F74656374206D6375626F6F7420666CB8
:109E8000617368206661696C65642C2063616E6330
:109E9000656C20737461727475702E0A0025633AC4
:109EA000204E657665722073686F756C64206765F7
:109EB0007420686572650A006D6375626F6F740067
:109EC00025633A204469646E27742066696E6420B5
:109ED0004C454420646576696365207265666572E9
:109EE00072656420627920746865204C4544305F57
:109EF0004E4F44450A0A0025633A20696E76616C2C
:109F0000696420666C6173682049442025643B20A5
:109F100065787065637465642025640A000000003C
:109F2000000000000025633A20556E61626C6520D8
:109F3000746F2064657465726D696E6520666C610E
:109F4000736820736563746F72206F662074686530
:109F500020696D61676520747261696C65720A00C1
:109F60007072696D617279007365636F6E6461729E
:109F7000790025633A20496D61676520696E207418
:109F8000686520257320736C6F74206973206E6F71
:109F9000742076616C6964210A0025633A20256487
:109FA00020737461747573207772697465206661BB
:109FB000696C7320706572666F726D696E6720746C
:109FC000686520737761700A0025633A20466169ED
:109FD0006C656420746F206F70656E20666C6173B1
:109FE0006820617265612049442025642028696DDC
:109FF00061676520256420736C6F74202564293A9D
:10A000002025642C2063616E6E6F7420636F6E7404
:10A01000696E75650A0025633A204661696C65645E
:10A020002072656164696E6720736563746F727313
:10A030003B20424F4F545F4D41585F494D475F535E
:10A040004543544F52533D2564202D20746F6F209B
:10A05000736D616C6C3F0A0025633A204661696C40
:10A0600065642072656164696E6720696D6167650A
:10A0700020686561646572733B20496D6167653D69
:10A0800025750A0025633A204661696C6564207273
:10A09000656164696E6720626F6F742073746174A8
:10A0A00075733B20496D6167653D25750A00256321
:10A0B0003A2070616E6963210A0025633A20446585
:10A0C00074656374656420696E636F6E736973741D
:10A0D000656E7420737461747573210A0025633A88
:10A0E0002043616E6E6F7420757067726164653AAB
:10A0F000206E6F74206120636F6D70617469626C93
:10A100006520616D6F756E74206F66207365637472
:10A110006F72730A0025633A2043616E6E6F74207C
:10A12000757067726164653A206D6F726520736542
:10A1300063746F7273207468616E20616C6C6F77EA
:10A1400065640A0025633A2043616E6E6F74207562
:10A150007067726164653A206E6F742073616D651B
:10A1600020736563746F72206C61796F75740A0077
:10A1700062616400676F6F6400756E736574005090
:10A1800072696D61727920696D6167650025633A56
:10A190002025733A206D616769633D25732C207318
:10A1A0007761705F747970653D307825782C206315
:10A1B0006F70795F646F6E653D307825782C20690B
:10A1C0006D6167655F6F6B3D307825780A00536578
:10A1D000636F6E6461727920696D616765002563E4
:10A1E0003A20426F6F7420736F757263653A207006
:10A1F00072696D61727920736C6F740A0025633A1D
:10A2000020426F6F7420736F757263653A206E6FB2
:10A210006E650A0025633A205374617274696E6733
:10A220002073776170207573696E67206D6F766536
:10A2300020616C676F726974686D2E0A0025633A3D
:10A24000204E6F7420656E6F756768206672656555
:10A2500020737061636520746F2072756E20737750
:10A26000617020757067726164650A0025633A2029
:10A270007265717569726564202564206279746500
:10A280007320627574206F6E6C7920256420617272
:10A290006520617661696C61626C650A00308201DB
:10A2A0000A0282010100D106081A18442C18E8FBA2
:10A2B000FDF70DA34F1FBBEE5EF9AAD24B18D35A80
:10A2C000E96D188019F9F09C341BCBF3BC74DB42A8
:10A2D000E78C7F10537E435E0D572C44D167080FE7
:10A2E0000DBB5CEEECB399DFE04D840BAA774160C7
:10A2F000ED152849A701B43C10E6698C2F5FAC41ED
:10A300004D9E5C14DFF2F8CF3D1E6FE75BBAB4A937
:10A31000C8887E473C94C37767544BAA8D3835CAAA
:10A3200062617EB7E115DB7773D4BE7B72218969E8
:10A3300024FBF8656E643EC80ED785D55C4AE453AD
:10A340000D2FFFB7FDF31339833FA3AED20FA76ADA
:10A350009DF9FEB8CEFA2ABEAFB8E0FA823754F4BF
:10A360003EE12BD0D3085818F65E4CC8888131AD39
:10A370005FB08217F28A692723F3AB873E931A1DD9
:10A38000FEE8F81A246659F81CABDCCE681B66643C
:10A3900035ECFA0D119DAF5C3AA7D167C647EFB116
:10A3A0004B2C62E1D1C902030100012D0020002BDA
:10A3B00000307800305800286E696C29002A2A2A5B
:10A3C00020426F6F74696E67204D4355626F6F74E2
:10A3D0002076322E312E302D6465762D3132653562
:10A3E0006565313036303334202A2A2A0A002A2A79
:10A3F0002A205573696E67206E524620436F6E6E39
:10A400006563742053444B2076322E392E302D371D
:10A410003738376232363439383430202A2A2A0A1B
:10A42000002A2A2A205573696E67205A6570687958
:10A4300072204F532076332E372E39392D3166381E
:10A44000663364633239313432202A2A2A0A0046BC
:10A450004C4153485F30005352414D5F3000636CB4
:10A460006F636B40343030303030303000686663BA
:10A470006C6B006C66636C6B00733235666C3132EA
:10A48000386C403000666C6173682D636F6E747257
:10A490006F6C6C657240343030316530303000673D
:10A4A00070696F403530303030333030006770695C
:10A4B0006F4035303030303030300000010203045E
:10A4C00005060775617274403430303032303030F8
:10A4D0000073706940343030326630303000737051
:10A4E00069403430303034303030007065726D0087
:10A4F00074657374004255473B2063616E27742076
:10A5000068617070656E00726576657274002563AF
:10A510003A205365636F6E6461727920696D61677B
:10A5200065206F6620696D616765207061697220C2
:10A530002825642E2920697320756E726561636811
:10A5400061626C652E2054726561742069742061AB
:10A550007320656D7074790A0025633A20496D6136
:10A56000676520696E6465783A2025642C205377EE
:10A57000617020747970653A2025730A0025633A6A
:10A5800020496D61676520696E6465783A202564AD
:10A590002C205377617020747970653A206E6F6E4D
:10A5A000650A000401040304020401040104030118
:10A5B0000303040104092040081C4000202A2A2A21
:10A5C0002A2A2A2A2A2A2A2A2A2A2A000154657291
:10A5D0006D696E616C000000000000005454522050
:0CA5E000524547474553006D61696E000D
:10A5F40001000000FFFFFFFF7D700000C499000010
:10A60400457400000000000000000000089C0000E9
:10A6140001000000E4040020E40400200000000025
:10A6240001000000F4040020F404002000000000F5
:10A634000100000000000000000000000000000015
:10A644000000000000000000000000000000000006
:10A654000000000000000000C89700000000000097
:10A6640000000000FB460020F3460020000000002C
:10A67400000000007C9C0000010000004C0500204C
:10A684004C05002000000000010000005C050020D3
:10A694005C05002000000000010000000000000034
:10A6A40000000000000000000000000000000000A6
:10A6B4000000000000000000000000000000000096
:10A6C400DC97000000000000000000000B470020A1
:10A6D4000347002033740000258E0000278E0000FD
:10A6E400218E0000000000000000000000000000B7
:10A6F4000000000000000000000000000000000056
:10A704000000000000000000000000000000000045
:10A714000000000000000000000000000000000035
:10A724000000000000000000000000000000000025
:10A734000000000000000000000000000000000015
:10A74400000000000000000008000000FF000000FE
:10A75400000000000300000000000000FFFF0F00E5
:10A764003006002030060020000000000000000039
:0CA77400000000000000000015E015E0EF
:10C000003DB8F39600000000000200003CA90000CB
:10C010000000000000000000000000000000000020
:10C02000FFFFFFFFFFFFFFFFFFFFFFFFFFFFFFFF20
:10C03000FFFFFFFFFFFFFFFFFFFFFFFFFFFFFFFF10
:10C04000FFFFFFFFFFFFFFFFFFFFFFFFFFFFFFFF00
:10C05000FFFFFFFFFFFFFFFFFFFFFFFFFFFFFFFFF0
:10C06000FFFFFFFFFFFFFFFFFFFFFFFFFFFFFFFFE0
:10C07000FFFFFFFFFFFFFFFFFFFFFFFFFFFFFFFFD0
:10C08000FFFFFFFFFFFFFFFFFFFFFFFFFFFFFFFFC0
:10C09000FFFFFFFFFFFFFFFFFFFFFFFFFFFFFFFFB0
:10C0A000FFFFFFFFFFFFFFFFFFFFFFFFFFFFFFFFA0
:10C0B000FFFFFFFFFFFFFFFFFFFFFFFFFFFFFFFF90
:10C0C000FFFFFFFFFFFFFFFFFFFFFFFFFFFFFFFF80
:10C0D000FFFFFFFFFFFFFFFFFFFFFFFFFFFFFFFF70
:10C0E000FFFFFFFFFFFFFFFFFFFFFFFFFFFFFFFF60
:10C0F000FFFFFFFFFFFFFFFFFFFFFFFFFFFFFFFF50
:10C10000FFFFFFFFFFFFFFFFFFFFFFFFFFFFFFFF3F
:10C11000FFFFFFFFFFFFFFFFFFFFFFFFFFFFFFFF2F
:10C12000FFFFFFFFFFFFFFFFFFFFFFFFFFFFFFFF1F
:10C13000FFFFFFFFFFFFFFFFFFFFFFFFFFFFFFFF0F
:10C14000FFFFFFFFFFFFFFFFFFFFFFFFFFFFFFFFFF
:10C15000FFFFFFFFFFFFFFFFFFFFFFFFFFFFFFFFEF
:10C16000FFFFFFFFFFFFFFFFFFFFFFFFFFFFFFFFDF
:10C17000FFFFFFFFFFFFFFFFFFFFFFFFFFFFFFFFCF
:10C18000FFFFFFFFFFFFFFFFFFFFFFFFFFFFFFFFBF
:10C19000FFFFFFFFFFFFFFFFFFFFFFFFFFFFFFFFAF
:10C1A000FFFFFFFFFFFFFFFFFFFFFFFFFFFFFFFF9F
:10C1B000FFFFFFFFFFFFFFFFFFFFFFFFFFFFFFFF8F
:10C1C000FFFFFFFFFFFFFFFFFFFFFFFFFFFFFFFF7F
:10C1D000FFFFFFFFFFFFFFFFFFFFFFFFFFFFFFFF6F
:10C1E000FFFFFFFFFFFFFFFFFFFFFFFFFFFFFFFF5F
:10C1F000FFFFFFFFFFFFFFFFFFFFFFFFFFFFFFFF4F
:10C20000802400202DD000007F37010019D00000CD
:10C2100019D0000019D0000019D000000000000063
:10C2200000000000000000000000000005D2000037
:10C2300019D0000000000000D1D1000019D000008A
:10C24000B9D30000B9D30000B9D30000B9D30000BE
:10C25000B9D30000B9D30000B9D30000B9D30000AE
:10C26000B9D30000B9D30000B9D30000B9D300009E
:10C27000B9D30000B9D30000B9D30000B9D300008E
:10C28000B9D30000B9D30000B9D30000B9D300007E
:10C29000B9D30000B9D30000B9D30000B9D300006E
:10C2A000B9D30000B9D30000B9D30000B9D300005E
:10C2B000B9D30000B9D30000B9D30000B9D300004E
:10C2C000B9D30000B9D30000B9D30000B9D300003E
:10C2D000B9D30000B9D30000B9D30000B9D300002E
:10C2E000B9D30000B9D30000B9D30000B9D300001E
:10C2F000B9D30000B9D30000B9D30000B9D300000E
:10C3000053B94AB9002908BF00281CBF4FF0FF31BC
:10C310004FF0FF3000F00CB8ADF1080C6DE904CE21
:10C3200000F008F8DDF804E0DDE9022304B070470E
:10C33000704700BF2DE9F04786468C460846089EA8
:10C34000154674461946002B40F0C2808542B2FA69
:10C3500082F245D94AB1C2F1200300FA02FC2EFA5A
:10C3600003F3954043EA0C0C94404FEA154EA8B2F3
:10C37000BCFBFEF8230C0EFB18CC08FB00F943EACB
:10C380000C43994528D9EB1808F1FF3704D2994599
:10C3900002D9A8F102072B44A3EB0903A4B2B3FB13
:10C3A000FEFC0EFB1C330CFB00F044EA0344A042ED
:10C3B00014D92C190CF1FF3304D2A04202D9ACF1EC
:10C3C00002032C44241A43EA07401EB1D440002340
:10C3D00034607360BDE8F0874746DDE76346F1E708
:10C3E00092BB431B01214FEA154EAFB2B3FBFEFCDB
:10C3F000200C0EFB1C330CFB07F840EA0343984566
:10C4000062D9EB180CF1FF3004D2984502D9ACF197
:10C4100002002B44A3EB0803A4B2B3FBFEFC0EFB0B
:10C420001C330CFB07F744EA0344A7424ED92C19EE
:10C430000CF1FF3304D2A74202D9ACF102032C4421
:10C44000E41B43EA0040C0E7C2F1200320FA03F1F5
:10C45000954090402EFA03F303434FEA154EAFB2D6
:10C46000B1FBFEFC0EFB1C10190C0CFB07F841EA9B
:10C470000041884504FA02F422D969180CF1FF3012
:10C4800004D2884502D9ACF102002944A1EB08018D
:10C490009BB2B1FBFEFC0EFB1C110CFB07F743EA41
:10C4A00001439F420ED9EB180CF1FF3104D29F4299
:10C4B00002D9ACF102012B44DB1B41EA004192E7B7
:10C4C0006046E3E76146F7E76046A3E76346B7E700
:10C4D000834206D916B9002108467BE7C6E900E089
:10C4E000F9E7B3FA83F78FB9834201D3724508D8CD
:10C4F000BEEB020460EB030301209C461EB9002141
:10C5000068E73846FAE7C6E9004CF8E7C7F1200CBF
:10C51000BB4022FA0CF41C432EFA0CF120FA0CF367
:10C52000B84001434FEA14490EFA07F5B3FBF9F896
:10C530001FFA84FE09FB18300B0C08FB0EFA43EAC5
:10C5400000439A4502FA07F240D9E31808F1FF3098
:10C5500004D29A4502D9A8F102002344A3EB0A03AE
:10C5600089B2B3FBF9F809FB183308FB0EFE41EA68
:10C5700003418E452CD9611808F1FF3304D28E4552
:10C5800002D9A8F10203214443EA0040A0FB02982B
:10C59000A1EB0E014145CE46434602D306D14D459F
:10C5A00004D2B9EB020E68EB04030138002EA6D0CA
:10C5B000B5EB0E0261EB030101FA0CFC22FA07F362
:10C5C0004CEA0303F940C6E9003198E74046C5E765
:10C5D0004346D9E770B53B4809F03EF828B93A48D8
:10C5E00006F0A2FE4FF0FF3070BD384806F09BFB0E
:10C5F0000028F4DB364806F096FB002801DA3548BF
:10C60000EEE7354806F08FFB002801DA3348E7E70C
:10C6100033482E4D06F088FE324806F085FE03248E
:10C620000121284606F099FB642006F0AAFB0021B0
:10C63000284606F092FB642006F0A3FB013CEFD1F4
:10C640004FF4FA6006F09DFB204E214D224C3046FF
:10C65000012106F082FB2846002106F07EFB002126
:10C66000204606F07AFB204806F05EFE4FF4FA60A2
:10C6700006F087FB3046002106F06FFB28460121BB
:10C6800006F06BFB0021204606F067FB174806F01A
:10C690004BFE4FF4FA6006F074FB3046002106F0C2
:10C6A0005CFB2846002106F058FB0121204606F0DD
:10C6B00054FB0F4806F038FE4FF4FA6006F061FBB9
:10C6C000C5E700BF285F0100106501005861010047
:10C6D00050610100286501004861010041650100C9
:10C6E0005965010093650100B9650100C465010049
:10C6F000D0650100014B1B68184700BFF004002003
:10C70000014B1860704700BFF004002030B585B0C1
:10C7100004460D4610220021684609F023FB02233F
:10C720008DF802302A46044B01932146684606F0F4
:10C730009DF805B030BD00BFF5C6000080B50546C8
:10C740000E461746984605F04DFE034609F082FB5B
:10C75000DFF81890044649F8003042463046394622
:10C76000A84754F8090000F0E1FC00BF08000000F1
:10C7700008B50446EFF31183202383F31288BFF337
:10C780006F8F03F08DFD204600F07AFC024806F022
:10C79000CBFD07F006F8FCE7DB6501002DE9F0436F
:10C7A000079D15B91560002012E00324B5FBF4F4D1
:10C7B00004EB4407BD4218BF0134B4F1804F09D2E5
:10C7C000A40001348C4200D838B914606FF00B001B
:10C7D000BDE8F0834FF0FF34F7E7DFF8BCE0044634
:10C7E0000021B94203F1030C04F104062CD3A94241
:10C7F000274624D21F7801F1010CAC45264938BFE9
:10C800005B784FEAA70E28BF002311F80EE084F8EA
:10C8100000E0AC4501EB131E3CBF9B0003F03C0362
:10C820004FEA071707F0300738BFCB5C1EF80770D8
:10C83000677028BF3D23A3703D23E3703746381A45
:10C84000002310603B70AEE71CF8034C1CF8023C60
:10C850001CF8018C4FEAA40924011EF8099006F87F
:10C86000049C04F030040EEB13199B0019F80440EB
:10C8700006F8034C03F03C030EEB981408F03F0855
:10C88000E35C06F8023C1EF8083006F8013C033170
:10C8900034466346A5E700BF846601002DE9F043F6
:10C8A000DDF81CE0DFF82C8100273C463D4675454D
:10C8B0001FD3E4BB14600020BDE8F0830136764549
:10C8C00033D013F806C0BCF1200FF7D0AEEB060949
:10C8D000B9F1010FA6EB05050DD0BCF10D0F0AD182
:10C8E00003EB060999F80190B9F10A0F6ED1751C96
:10C8F000DDE72E46E3E7BCF10A0FF8D02DB9BCF115
:10C900003D0F05D10137022F0DD96FF01500D3E788
:10C910001CF0800FF9D118F80C507F2DF5D03F2D69
:10C9200001D8002FF1D10134E1E73546C1E704F029
:10C9300007064FF0060CE4080CFB06F60CFB04F4AB
:10C940000736E41B04EBD60470B18C420CD80027E8
:10C95000DFF880E0DFF880801D44014603263C4676
:10C960009D4205D10C1AA5E714606FF00B00A3E7F8
:10C9700013F8019BA9F10A0C5FFA8CFCBCF1160FAD
:10C9800004D848FA0CFC1CF0010FE9D01EF809C0CD
:10C990000134BCF1400F08BF013E0CF03F0C042CE9
:10C9A0004CEA8717DCD17EB13C0C012E0C7002D111
:10C9B00001310024D4E7022E4FEA17244C7016BF31
:10C9C0008F7002310331F4E73446C9E7002DA2D05D
:10C9D0009BE700BF04660100F6FFBFFF2DE9F047AB
:10C9E000058B04462807904611D4022905F0070557
:10C9F00040F0CC80204606F0A4FC78B10138218BB1
:10CA0000042811D8DFE800F0C2106D8595000129D7
:10CA10000CBF45F0100545F02005258388F31188EB
:10CA2000BFF36F8FBDE8F08701F0070AAA4500F059
:10CA3000A5800027B9463E46A368002B00F0BC80C5
:10CA400041F00801218388F31188BFF36F8FA1683B
:10CA5000002900F0BA800D68002900F0B680D1F8F6
:10CA60000480334652462046C047002D76D02B68BE
:10CA700029461D46F0E701F007035A1F012A1BD87B
:10CA8000002221F00701062B276889B2C4E90022A1
:10CA900009D13B4603E0628B013262831B68002BA5
:10CAA000F9D141F002012183204606F04AFC00281A
:10CAB0007AD041F0200176E0042B0AD121F0070161
:10CAC00089B22183204606F03CFC10B141F02001E0
:10CAD0002183218B01F0070AAA454FD00027B946D0
:10CAE000AAE7236921F0070141F00601062DD3F8DA
:10CAF000009021832DD1B9F1000F3FD041F0080102
:10CB0000218388F31188BFF36F8F3A492046C847C5
:10CB100029E021F00701236941F0040189B2042DC5
:10CB2000D3F804902183E6D000273E464FF0040A54
:10CB300082E721F00701236941F0050189B2052D43
:10CB4000D3F808902183D6D000273E464FF0050A3F
:10CB500072E700273E464FF0060A6DE72B4687E74F
:10CB6000B9F1000FD1D1EFF31188202383F312889C
:10CB7000BFF36F8F238B23F008032383258BEA06F3
:10CB80002ED525F01003238305F007056669218B58
:10CB9000002EBFF670AF00232768C4E9003321F0F0
:10CBA000070141F001012183218B01F0070AAA4509
:10CBB0004FF000097FF440AF002F9CD041F00801F6
:10CBC000218388F31188BFF36F8F002FC8D03D6891
:10CBD000394633465246204606F0DFFB2F46F4E73F
:10CBE000AB067FF51BAF25F02003238305F0070577
:10CBF00000E700BFC7330100014B0360002070470E
:10CC00006061010070B5114B1C680D46DCB1104B22
:10CC1000196800238B4202DB6FF0010070BD2246D1
:10CC200012F8106B864202D001331446F2E7E06836
:10CC300010B96FF01200F1E708F00EFD0028F8D0EF
:10CC40002C600020EAE76FF00C00E7E7F404002016
:10CC5000606101002DE9F3470D46DDE90A78914650
:10CC60001E46044620B96FF00D0002B0BDE8F08703
:10CC70000029F8D0002AF6D00093002301938B6896
:10CC80000846DB6898470268B6FBF2F302FB1363C1
:10CC900082462262002BE6D16A461349284607F0F5
:10CCA000D6FA019A002ADED007EB08039A42DAD3BB
:10CCB000216AB7FBF1F301FB1373002BD3D1C4E955
:10CCC0000096E5602361A3606761B8F1000F01D1B0
:10CCD000A2EB07080C9BC4F81880E3619AF80530B2
:10CCE00084F824300020C0E7BF35010008B50448AF
:10CCF00006F01AFBBDE80840024806F015BB00BF6D
:10CD0000C4660100F966010030BFFFF7FDBF00BF38
:10CD10002DE9F0410B4EDFF8308006EB0807CC1B05
:10CD2000054632460949204608F0F4FFA01942465C
:10CD30000021083C09F016F82C6707F10800BDE84F
:10CD4000F08100BF00000000040000002861010025
:10CD5000074A936893F90E10002907DB5269934242
:10CD60001FBF044A536843F080535360704700BFAD
:10CD7000F40D002000ED00E070B5264B15469A6AD0
:10CD800012F0100F9A6A14BF1124102412F0080F29
:10CD90009A6A18BF1224920706460AD5586B9A6AF7
:10CDA000140634D519B19A6A22F080029A621324CB
:10CDB00001E06FF01500174B9A6A12F0010F9A6AA2
:10CDC00018BF142412F0200F9A6A18BF1524D20637
:10CDD00002D49B6A9B070AD50E4B5B68190506D5E2
:10CDE000314600F09FFA10B180F309880224094B04
:10CDF0009A6A920642BF5A6A22F400525A629A6AAA
:10CE000042F0FF029A6200232B70204670BD6FF043
:10CE10001500CCE700ED00E0134B9A6A12F0007F9A
:10CE20009A6A14BF1E201D2012F0807F9A6A18BFD4
:10CE30001F2012F4002F9A6A18BF212012F4802FAD
:10CE40009A6A18BF222012F4003F9A6A18BF232062
:10CE500012F4803F9A6A6FEA02426FEA12429A62C3
:10CE600018BF2420704700BF00ED00E010B5194B3B
:10CE70000246986A9C6A10F4805F14BF172016203F
:10CE800014F4006F9C6A18BF1820A40509D5986B8C
:10CE9000986A000404D51AB19A6A22F400429A6290
:10CEA00019200C4B9A6A12F4806F9A6A18BF1A20E4
:10CEB000D2050CD49B6A13F4005F18BF1C20054AEE
:10CEC000936A43F47F43936200230B7010BD1B20D1
:10CED000F5E700BF00ED00E0F0B5484B5B688BB0B4
:10CEE0000446C3F30803002585F31188BFF36F8F51
:10CEF00002F07F40B0F17F4F11D102F00C00082802
:10CF00000DD010074CBF0C4601250022033B8DF8C5
:10CF10000720032B05D8DFE803F0246367602C4665
:10CF2000F3E700239DF80720CAB902AE04F12007F9
:10CF300020686168324603C20834BC421646F7D105
:10CF4000099A002D54D0C2F3080121B96FEA522288
:10CF50006FEA4222099202A9184606F006FC0BB0BD
:10CF6000F0BD264BDA6A9107DBD4DA6A002AD8DBF7
:10CF7000DA6A5200D5D55A69A16942F480725A61C1
:10CF8000BFF34F8FBFF36F8F5A6931F8021C22F441
:10CF900080725A61BFF34F8FBFF36F8F4DF60272ED
:10CFA00091420AD09A6AD2B24AB10DF10702012128
:10CFB0002046FFF7E1FE0346B4E72368B2E79A6A2A
:10CFC00012F47F4F05D00DF107010120FFF74EFF4E
:10CFD000F1E79B6AB3F5803FA3D3FFF71DFFEAE7B4
:10CFE0000DF107020021E3E70DF107010020EDE755
:10CFF00022F4FF7222F00102ACE700BF00ED00E076
:10D00000044B5A6942F010025A615A6922F0080230
:10D010005A61704700ED00E0EFF30880EFF30981FB
:10D0200001B57246FFF758FF01BD00BF002080F335
:10D030001488BFF36F8F03F01DFA00200D490860BC
:10D04000BFF34F8F0C4880F3088800F03DF8202094
:10D0500080F3118809484FF40461401880F309886F
:10D06000EFF314800221084380F31488BFF36F8F1D
:10D0700000F020F994ED00E080240020C01600208C
:10D08000BFF34F8F0549064BCA6802F4E0621343B1
:10D09000CB60BFF34F8F00BFFDE700BF00ED00E0A6
:10D0A0000400FA050749D1F890200023C2F30722B3
:10D0B0001846934200DB7047C1F89830C1F8A000D1
:10D0C0000133F6E700ED00E008B572B6002383F304
:10D0D0001388FFF7E7FF144B4FF0FF32C3F88020AF
:10D0E000C3F88420C3F88820C3F88C20C3F89020AC
:10D0F000C3F89420C3F89820C3F89C20C3F880217B
:10D10000C3F88421C3F88821C3F88C21C3F8902187
:10D11000C3F89421C3F89821C3F89C2162B6BFF3E9
:10D120004F8FBFF36F8F08BD00E100E0084B9B6895
:10D1300083420BD1EFF3058343B1064B5A6842F0AB
:10D1400080525A605A6A22F400425A6208F039BD8D
:10D15000F40D002000ED00E0094A93686FF00A0129
:10D160009967084958674B6843F080534B60002328
:10D1700083F31188BFF36F8F9368986F704700BF78
:10D18000F40D002000ED00E010B50446EFF311832C
:10D19000202383F31288BFF36F8F0A4B586998607E
:10D1A000094B4FF000625A60084B026F1A60002270
:10D1B000436F426783F31188BFF36F8F00F01AF952
:10D1C000204610BDF40D002000ED00E0100A002004
:10D1D0000B498A684FF030001044EFF3098C80E867
:10D1E000F01F74467046FFF7CFFFA64604498A68D1
:10D1F00002F1300090E8F01F8CF3098870470000BE
:10D20000F40D00201EF0040F0CBFEFF30880EFF3C5
:10D210000980816911F8021C0229FFD001B506F0CE
:10D22000AAFA01BD40B2002807DB044A41090123E4
:10D2300000F01F00834042F82130704700E100E019
:10D2400040B200280CDB4309064900F01F002033E0
:10D250000122824041F82320BFF34F8FBFF36F8F2D
:10D26000704700BF00E100E0054B420900F01F00DD
:10D2700053F82220012303FA00F01040704700BF4A
:10D2800000E100E040B20028A8BF00F1604001F1D9
:10D290000101B8BF064B4FEA4111ACBF00F5614038
:10D2A00000F00F00C9B2B4BF195480F800137047E2
:10D2B00014ED00E00B4A08B50B4B22F07F029A6098
:10D2C000BFF34F8FBFF36F8FD3F8882022F4700223
:10D2D000C3F8882004F08AFA05F022F900F060F81B
:10D2E00004F0C8FA00C2000000ED00E042F8203C63
:10D2F000009B42F81C3C0A49019B42F8183C029BE7
:10D3000042F8143C21F001014FF0807342F8043CD4
:10D3100042F8081C0023203A02654367704700BFAB
:10D320003DC70000094A0346906870B113F1160F1B
:10D33000006E05D0A0F140029A4205D8834203D284
:10D34000814228BF0020704700207047F40D002064
:10D3500008B515460B4A0C4B9060026F1A600E46DA
:10D3600000F048F82C4686F309884FF00000074B80
:10D37000984720464FF000014FF000024FF00003A5
:10D38000034C2047F40D0020100A002095370100BF
:10D390003DC70000014B10221A61704700ED00E00C
:10D3A000044800232021C2180133302B82F80013D7
:10D3B000F9D1704700E100E008B5EFF30583064AB4
:10D3C000103B02EBC30152F8330049688847BDE8BF
:10D3D0000840FFF7BDBC00BFA05F0100024B034A3D
:10D3E0000348012100F076B8000002200000002070
:10D3F000D4610100026E054B403A1A60044A402194
:10D40000C3E901121846012100F06EB8140A002089
:10D4100000000B15084AC2F898000B6823F01F03A0
:10D42000034343F01003C2F89C308B6843F00103C0
:10D43000C2F8A030704700BF00ED00E02DE9F043D6
:10D44000DFF8608085B00E461F4604464FF00009A5
:10D45000B14523DA6068D8B13FB1411E08421BD103
:10D460001F2819D92368194216D12368019306F0A1
:10D47000B4F9A36803430393D8F89050C5F3072584
:10D48000D0B2013DA84207D801A9FFF7C3FF421C53
:10D4900009F101090C34DBE76FF01502104605B005
:10D4A000BDE8F08300ED00E0044B0522C3F89420B2
:10D4B000BFF34F8FBFF36F8F704700BF00ED00E0E9
:10D4C000BFF35F8F024B0022C3F89420704700BF68
:10D4D00000ED00E010B5034C01232278FFF7AEFF0A
:10D4E000207010BD2C0E002008B50B4A00231278C6
:10D4F000FFF7A4FF10F1160F07D0084A0021D2F859
:10D500009030C3F30723984200DB08BDC2F89800AF
:10D51000C2F8A0100130F2E72C0E002000ED00E070
:10D520002DE9F043534B544CD3F890302568C3F3A6
:10D5300007239D4285B000F29A80FFF7C1FF0020CB
:10D540000C2685421AD14D4C4D4F25706846FFF789
:10D5500053FBDFF82081DFF82C9106460025AE4210
:10D5600013D1237843490020D1F89020C2F3072239
:10D57000934276DBFFF798FF002042E0616806FBEC
:10D580000011FFF747FF0130DBE7009800EB0511C2
:10D590004FEA051CCB683B40B3F5000F48D00AD8D2
:10D5A000B3F5001F30D0B3F5800F36D0B3F5801F30
:10D5B00010D00135D3E7B3F1807F42D0B3F1007FC3
:10D5C000F7D150F80C3088684A6806F006F940F444
:10D5D000802009E050F80C3088684A6806F0FDF8B1
:10D5E00040F0885040F43020CDE901230390D8F872
:10D5F00090302078C3F30723013B98422AD96FF07B
:10D60000150005B0BDE8F08350F80C3088684A6812
:10D6100006F0E3F840EA0900E6E750F80C308868C5
:10D620004A6806F0DAF840F0007040F40030DBE7BA
:10D6300050F80C3088684A6806F0CFF840F08270E5
:10D64000D2E750F80C3088684A6806F0C6F840F017
:10D650008870C9E701A9FFF7DDFE23780133237045
:10D66000A7E7C1F89830C1F8A00001337CE74FF07C
:10D67000FF30C6E700ED00E0E06101002C0E002065
:10D680000000F0FF0000081108B5024B1B68984726
:10D69000002008BD200A0020034B044A186093783C
:10D6A00043F0020393707047200A0020F804002022
:10D6B00008B50649064821F00701C1F1005202F5FC
:10D6C000003205F0D7FD002008BD00BF87300020E4
:10D6D000240A002070B54169857A0C4E044659B180
:10D6E000437ADB0706D4242303FB0563DB691B684D
:10D6F0009B6898470023636105EBC505214606EB4F
:10D700008500BDE8704008F009B900BFEC060020B4
:10D71000827A064B242101FB02331A6A1B7D1B33DC
:10D72000801A23F00303B0FBF3F07047EC060020EF
:10D7300038B5074B827A242404FB0233DB69D3E932
:10D7400001240C601568FFF7E3FF04FB005038BDAF
:10D75000EC0600202DE9F04F85B0054668460391A0
:10D7600091461C4690469A4608F088FADDE9006723
:10D77000EFF3118B202383F31288BFF36F8F698A35
:10D78000002942D02B8A8B4226D90022002328462A
:10D7900004F030F90446F8B18BF31188BFF36F8FB2
:10D7A000039B002B4FD032463B46684608F08AFA6E
:10D7B000A27A2D4B242101FB02332046DB691B6832
:10D7C00003A91D68DDE90023A847606100283BD15B
:10D7D0002046FFF77FFF31E0698A4B1E6B828BF397
:10D7E0001188BFF36F8F2B7D2A8A2C6A1B3323F09D
:10D7F0000303521A02FB03441B4B1C4AEB1A9B10F7
:10D800005343A3722B7DE372CAE78BF31188BFF3F6
:10D810006F8F54EA090409D008F01CFB144A154B19
:10D8200012589A420ABF8846C846C24642465346E4
:10D83000284604F0DFF804460028B1D10024204631
:10D8400005B0BDE8F08F6361012300252381039BB0
:10D850006382E27A6560294604F1180008F082FAD2
:10D8600063692582E360EAE7EC060020398EE3383D
:10D8700008000000D008002070B50C4C242500B929
:10D8800070BD037A4668013BDBB20372002BF7D10F
:10D89000C3604360837A05FB03439B6913B19847D8
:10D8A0003046ECE7FFF716FFFAE700BFEC06002072
:10D8B000024B0122C3F840250020704700E00140E0
:10D8C00020B1034B800143F001031847704700BFAC
:10D8D0004061010038B5064C064DAC4201D3002032
:10D8E00038BD54F8043B002BF7D09847F5E700BF4C
:10D8F0002061010028610100084B0246186808B148
:10D90000036800B9704741899142FBD01BB1196887
:10D9100018460B46F5E71946FAE700BF300A002023
:10D920000A4B1B681BB11A681BB9184670471A4688
:10D93000FAE75989814206D01AB1116813460A469E
:10D94000F2E71146FAE7D868704700BF300A0020B6
:10D9500000230360044B5A6812B9C3E90000704702
:10D9600010605860704700BF300A00202DE9F04F6A
:10D9700000238BB0CDE9063304460D4601F10C0AB5
:10D980002B8A3BB999462168284606F052F921684E
:10D99000002080E0072B40F20381EA68106851689C
:10D9A00006AB03C3BDF81A305BBA1FFA83FBADF8B0
:10D9B0001A30BDF81C305BBA9AB208215046ADF857
:10D9C0001C30059205F028FF2B8A5B45C0F0EE80E5
:10D9D0009DF8188018F0050940F0ED802168284670
:10D9E00006F013F90646002800F0E880606840F869
:10D9F000045B2B8ACDE9019901220092EA68042197
:10DA000007F034FDA068314605F04FFF9DF818304F
:10DA1000A768C3F3C103012BC7F84C9000F2C38081
:10DA20000598FFF769FF002800F093809DF81F100C
:10DA300005F00CFF002800F08C809DF8183013F0E2
:10DA400007032ED0022B47D04FF00309A0683146C0
:10DA500005F02BFFD4F8088008F1040702213846AE
:10DA600007F0C4FD00287AD056490222384607F054
:10DA7000A2FD002873D04946384607F080FD0221F8
:10DA800000286ED1384607F0B9FD2168284606F017
:10DA9000D0F82168304606F0CCF848460BB0BDE817
:10DAA000F08FD0F80090A068B9F1000F51D00F218D
:10DAB000043007F09BFD00284ED02046C847814621
:10DAC000A0680F21043007F099FD40B9B9F1000FAB
:10DAD00008BF4FF00709B9E7D0F80490E3E7B9F1C0
:10DAE000000FB3D1B7F84E90B9F1000F12D018F073
:10DAF000180F0FD1B7F84C00FFF712FF034610B90B
:10DB00004FF00109A2E7484698478146B0B1002E80
:10DB10004ED09BE7D7E90087D8F80C30FF1A08A948
:10DB2000A7F1080206A805F0A1FEA8F81070A368E6
:10DB30001B68DA680B4603CB1060516023683046DF
:10DB40001B6A9847814698BB5946504605F064FECB
:10DB500016E74FF0080979E74FF0070976E7022149
:10DB600090E7384607F04AFD00288ED0D8E900A794
:10DB7000DAF80C30FF1A08A9A7F1080206A805F088
:10DB800075FEAAF81070A3681B68DA680B4603CB11
:10DB900010605160236830461B6A9847002674E77E
:10DBA0004FF00909EFE64FF00D094FE74FF0090973
:10DBB0002E4600254AE74FF00809F9E74FF0020921
:10DBC000F6E700BF3667010070B504460E461546FD
:10DBD0008AB3A0F84810A0F84A201849032207F099
:10DBE000EAFC18B9002000F0010070BD02212046B7
:10DBF00007F0FCFC0028F5D011490522204607F06B
:10DC0000DAFC0028EED03146204607F0C2FC00289E
:10DC1000E8D00C490222204607F0CDFC0028E1D0D4
:10DC20002946204607F0B5FC0028DBD0022120461B
:10DC300007F0E4FCD7E70120D7E700BF3967010010
:10DC40003D6701003667010070B50C4615461E465B
:10DC500048B1094833462A46214605F03FFD0028D1
:10DC600018BF0C2070BD054B0348197805F048FD1E
:10DC70000028EED00A20F5E7380A0020640C0020C6
:10DC80007FB50C46002843D1234B69461878FEF730
:10DC9000B9FF00283ED1009805F088FC0646002810
:10DCA00032D0009B5B68013B191901AA06F0CBFA40
:10DCB000014658BBDDE90005029B1D444368ED1A8F
:10DCC0002A4605F059FC044630B10D24009805F0B1
:10DCD00010FC204604B070BD009B986806F03BF82D
:10DCE000A842F3D3009B5968014401AA304606F0CC
:10DCF000AAFA0098019943688268C91A521A05F075
:10DD00003BFC0028E2D0E0E71224DFE71324DDE744
:10DD10001424DEE70A24DCE7640C0020F0B5064694
:10DD20000D4685B018220021284608F01BF87368BC
:10DD3000581C00F09080002B7CD132691F2A6DD9CD
:10DD4000B268511C6CD0C5E90023F768434B3A68B0
:10DD50009A4267D1B269202A66D862B14048036806
:10DD6000013308D0037B9A4205D171690D3008F068
:10DD700001F80446A0B1002005F0D8FE18B905F05E
:10DD800036FE00280FDA012005F0D0FE20B9012070
:10DD900005F02DFE002806DA4FF0FF33EB60092472
:10DDA000204605B0F0BDE8606946C0B2FEF72AFF24
:10DDB00000283BD10098B26883689A4203D905F0E5
:10DDC00098FB1E24ECE705F094FB337F73B9287BA6
:10DDD00001A9FEF717FFB0B9019805F0D7FD044679
:10DDE000019805F086FB002CDADB0DE002A805F0B7
:10DDF000DFFEE8B907F1140102A805F000FE0028D3
:10DE0000E5DB1B24CCE70A24B4FA84F464096C74BF
:10DE10003369AB6001232B740024C1E71624BFE7EC
:10DE20001524BDE71724BBE71824B9E70A24B7E790
:10DE30001A24B5E70A4A13689168EB600023296049
:10DE40006B60736852689342E6D132691344994219
:10DE5000DED21F24A4E71424A2E700BF3DB8F39646
:10DE6000640C0020F0B595B00F46202302930446C1
:10DE700015466B460CAA03A93846019200F050FAE9
:10DE80000646002840F08E8004340F21204607F01B
:10DE9000ADFB10B9002015B0F0BD43490422204667
:10DEA00007F089FB0028F5D007F00101204607F0B4
:10DEB00070FB0028EED03D490722204607F07BFB8F
:10DEC0000028E7D005A903A800F0D0F9002861DAFE
:10DED00037490522204607F06EFB0028DAD0354985
:10DEE0000422204607F067FB0028D3D001A9204672
:10DEF00007F05BFB0028CDD02F490822204607F011
:10DF00005AFB0028C6D0009981F01001C1F300111E
:10DF1000204607F087FB0028BCD02849072220466E
:10DF200007F049FB0028B5D0C5F34001204607F0B3
:10DF300079FB0028AED022490922204607F03BFB9E
:10DF40000028A7D0C5F38001204607F06BFB00280E
:10DF5000A0D01C490622204607F02DFB002899D0AE
:10DF600005F00101204607F05DFB002892D016491C
:10DF70000922204607F01FFB00288BD0C5F3C00103
:10DF8000204607F04FFB002884D00F21204607F0E1
:10DF900035FB80E7192205A920468DF82C6007F093
:10DFA00013FB9AE7012076E7436701004867010009
:10DFB00050670100566701005B670100646701005C
:10DFC0006C670100766701007D6701002DE9F7436A
:10DFD00086683449043607460622304607F0EBFAD5
:10DFE00038B905F0C5FD05F0C4FD072003B0BDE854
:10DFF000F0830221304607F0F5FA044605F0B8FD3B
:10E00000002CF0D000240DF1070120468DF80740C8
:10E0100005F06DFD8046204605F0ACFD9DF807300B
:10E02000022B054680F001092AD180454FF00108F6
:10E030002CD14D45B8682CDA42462946FFF712FF2D
:10E040000028D0D022464946B868FFF70BFF0028C9
:10E05000C9D00221304607F0CDFA0028C3D01249BA
:10E060000B22304607F0A7FA0028BCD0002130462A
:10E0700007F085FA0028B6D005F07BFD0020B5E753
:10E0800080454FF00508D4D0022BD2D8074AD45689
:10E09000CFE722464946FFF7E5FE0028A3D04246D7
:10E0A0002946D1E7876701008E670100A26701005A
:10E0B0002DE9F3414FEA6008044640460F4605F05B
:10E0C00059FD002306460DF1030140468DF803304B
:10E0D00005F00DFD0546EFB105F04EFD804505D17B
:10E0E0009DF80330012B26D11C2420E0A6423DD010
:10E0F0009DF80330012BF7D0002B3BD0022B39D0F9
:10E10000204605F074FC01A9C0B2FEF77BFDD0B13A
:10E110000A240CE0A6422BD09DF80330012B03D03B
:10E120007BB1022BE0D0EBE7A042DDD100242046FA
:10E1300002B0BDE8F081002BE0D1A542F6D0A642A6
:10E14000F0E7A042EEE7331B594201983A465941A5
:10E1500006F090FC044628B1441E032C9ABF074BDE
:10E160001C570124019805F0C4F9E0E72024DEE7FC
:10E170002124DCE7A542C3D1D8E700BFA567010091
:10E18000F0B597B035490C9104210D91344902AA9C
:10E19000CDE90E12334A119205460722D0E9010457
:10E1A0001292314A139200230DF10302CDE902339A
:10E1B0008DF8033001938DF8403014928DF854306F
:10E1C000022201AB0CA9043005F089FB002841D1E3
:10E1D00005F0CEFC039B04346BB99DF8033063B1AA
:10E1E00005F0CAFC05F0C6FC9DF80310FFF760FFC0
:10E1F00018B382B202E0202B0AD018222046012157
:10E20000FFF7E2FC044605F0B4FC2CB300241BE04D
:10E21000029B04AA03F1200C174618685968164699
:10E2200003C6083363453246F7D10021384605F06E
:10E23000A5FC0028D8DA0822E0E72846FFF7C6FE4A
:10E24000044620B105F095FC204617B0F0BD05F05E
:10E2500090FCDBE70324F7E70724F5E756670100A6
:10E26000495201009A670100F552010073B54388D5
:10E270000193437800930E4603780C4A0546192112
:10E28000304604F0C7FA041E03DA4FF0FF3002B044
:10E2900070BD6B683BB1064AC4F11901301904F036
:10E2A000B9FA031EF1DBE018F1E700BFA96701002E
:10E2B000B5670100033880B219289ABF014B185680
:10E2C00001207047D867010008B5054B2C220021BA
:10E2D000184607F047FD4FF0FF3240F8042C08BD08
:10E2E000680C00200148FFF733BB00BF0805002081
:10E2F00010B5041D08490322204607F05CF908B94F
:10E30000072010BD054B2046596807F04CF900283E
:10E31000F6D00020F5E700BFB9670100640C0020CB
:10E320002DE9F0438BB00C460DF10301054616466E
:10E330001F4605F0C2FB0146002840F08D802023D7
:10E3400002AA284605F098FB002850D19DF80380CA
:10E35000DFF81091B4BB0298484540D10FB1069B3D
:10E360003B60059BBDF810401C4404230DEB0302E9
:10E370002146284605F080FB40B9BDF8042046F64A
:10E3800008139A4204BFBDF80630E41804230DEBCD
:10E3900003022146284605F06FFB58BBBDF8042058
:10E3A00046F607139A4225D1BDF806700434274477
:10E3B000814604F10408B8451ED989F001094FEAE5
:10E3C000C90014E008224146204607F0CBFC029821
:10E3D000484504D107AB03CB20606160BEE74FF036
:10E3E000013303FB08F8404514BF172003200BB08E
:10E3F000BDE8F0830420FAE704230DEB0302214675
:10E40000284605F039FB0028F1D1BDF80420BDF8FD
:10E410000630FF2A05D14FF6FF72934205D1052041
:10E42000E5E7102A01D1202B04D0043303EB0408C4
:10E430004446BEE7B9F1000F10D116B94FF00109FB
:10E44000F6E72434BC420BD832464146284605F054
:10E4500013FB0028F2D0CAE70220C8E70620C6E76F
:10E460000720C4E73DB8F39670B58AB01B4A059201
:10E47000D0E9010504220692194A079200230126D9
:10E4800001AACDE9016308928DF82430324602AB2F
:10E4900005A9043005F023FA0446E8B9034602460C
:10E4A00003A901980435FFF73BFF58B9019805F01F
:10E4B0003DFB38B1092201212846FFF785FB2046A4
:10E4C0000AB070BD019805F0B1FA0646FFF7FCFEF0
:10E4D000002EF4D0B2B2EEE70324F0E74367010068
:10E4E0003F5201002DE9F043B7B0D0E901370024D5
:10E4F0000DF12008214620220646404603F104097A
:10E50000019407F02FFC4FF0FF33CDE909335B4B4B
:10E510001893052319935A4B8DF87040CDE91A389A
:10E52000584B1D9304231E930BAA574B1F93209205
:10E530002E93564A22920DAB554A2F93554B249257
:10E540000AA92992319309AA072325912A925249AF
:10E55000524A3293524B339303250FABCDE9271523
:10E56000CDE92C253493062201AB18A948468DF835
:10E5700084408DF898408DF8AC408DF8C0408DF8FF
:10E58000D440239505F0ABF90446002874D102A9C4
:10E5900040460437FFF7C2FB88B182B201213846FA
:10E5A000FFF712FB0023054610AA19460120FFF7CA
:10E5B000B7FEFFF789FE002D08BF072406E09DF88F
:10E5C00018303BB9B068FFF793FE0446204637B0D9
:10E5D000BDE8F083334D059B2B60029BAB60099B2C
:10E5E000DBB9DDF838800D996C60424605F10D000D
:10E5F00085F80C8007F08EFB08F10D00C8F12002B1
:10E600002146284407F0AEFB9DF819302BB10A993A
:10E610002046FFF735FB0028BFD10C9BD5E901123E
:10E620002BB9914222D0B068FFF762FECEE70B44CF
:10E630009A1A534253410B99049A0998FFF704FB25
:10E64000034688B96A6804990A44A9686A608A42DC
:10E65000E9D1014610AA0120FFF762FEB068FFF77A
:10E6600047FEFFF731FEB1E782B297E710AA1946DD
:10E670000120FFF755FED6E72C46A7E7BD6701004E
:10E680003F520100C367010049520100C867010001
:10E6900045520100D0670100B9670100CC67010055
:10E6A000F5520100640C00200148FFF751B900BF8A
:10E6B0001805002008B54FF400520023024803F06B
:10E6C000B5FB002008BD00BFC0040020F0B589B034
:10E6D000D0E90145134A0392134A0023012701AEF2
:10E6E000CDE90133CDE905268DF81C30201D6B46A0
:10E6F0003A4603A9049705F0F2F8044678B90435C0
:10E700000A493A46284606F056FF20B131462846C7
:10E7100006F04EFF00B90724204609B0F0BD0324DF
:10E72000FAE700BF746701004F5201003B67010028
:10E7300013B5084C204607F063F9074B00932046B9
:10E74000064903234FF4006203F008FB002002B0E7
:10E7500010BD00BF100700207C620100800E002069
:10E7600002480022002305F053B800BFEC06002049
:10E7700010B5036A044643B1054907F015F904F1E1
:10E78000100007F0B8F8002010BD6FF01500FBE78F
:10E79000D93B010010B50446103007F0B4F821460B
:10E7A0000248BDE8104007F01BB900BF1007002069
:10E7B0000748084B10B50362074B4362FFF7D8FFC9
:10E7C000044610B9054800F02FFB204610BD00BFDD
:10E7D000940C0020533C01004D3C0100E1E7000097
:10E7E00008B50146034807F08EF8BDE80840024826
:10E7F00003F0AEBADC06002028050020F8B50D4E67
:10E800000D4F00220023304603F0F4F8044600B90F
:10E81000F8BDD4F88420211D384605F03EFA05469F
:10E82000204600F079FA002DEBD004482946FFF786
:10E83000B1FFE6E7DC060020C80C0020940C0020A5
:10E840002DE9F74F05460E4614460A4601460020BC
:10E8500004F0A7FA4FF0000A074640F606134FF0FF
:10E860005D08D1464FF0010BB245ADF8023001DB37
:10E87000002062E002210DEB0100A04700285CD1DE
:10E88000BBF1000F13D0B31C5BBAADF80230ADF88A
:10E89000043022462B788DF80630032101A805F0BC
:10E8A000EDF9002849D10AF1010AA8F10308A6EB05
:10E8B0000A0343459B46A8EB0303A8BFC346012BAD
:10E8C00005D80BF1FF3B4FF00009D34414E0FCDD09
:10E8D0004FF00109F9E705EB0A0335F80A209B78A8
:10E8E000ADF804200321224601A88DF8063005F07A
:10E8F000C5F910BB0AF1030AABEB0A03022B52461F
:10E90000E9DCB9F1000F0FD0A6EB0A03012B17D0F9
:10E91000022B22D043B97BBAADF804302246022143
:10E9200001A805F0ABF940B919480121A0474FF003
:10E93000000B41F20443002896D003B0BDE8F08FED
:10E94000AB5C8DF804303B0A0AF1010A8DF8053002
:10E950008DF8067022460321E2E70AF1010315F85B
:10E960000A20EB5C8DF804208DF8053022463B0A26
:10E97000032101A80AF1020A8DF8063005F07EF99C
:10E980000028DAD18DF8047022460121C8E700BFC3
:10E99000F7660100084B70B5C31A0D4607499B1076
:10E9A000044659430648402205F0E0F92B4601464B
:10E9B0002046BDE870401847E40C0020B76DDBB678
:10E9C000005F010073B50C4C0C4A4023041B0093FC
:10E9D0000D460B460A49A41061430646094805F056
:10E9E000F1F9011E05DA30462B4602B0BDE8704051
:10E9F000184702B070BD00BFE40C00202F3E01009C
:10EA0000B76DDBB6005F010010B5EFF31184202372
:10EA100083F31288BFF36F8F074A136823F0020154
:10EA2000DB07116002D4012006F0C8F884F31188D6
:10EA3000BFF36F8F10BD00BF340D0020002270B5F2
:10EA4000012104461046FEF71DFC0F4801F002FEAE
:10EA50000E4B984215D101F00DFE26690C49304647
:10EA600004F0BEFC00280BDB01253564246908494D
:10EA700004F11C0004F0B4FC002801DBE564002074
:10EA800070BD6FF00400FBE78DEB00000000AD0BE4
:10EA9000846201001FB500220123CDE90223094A47
:10EAA000CDF800D06B46CDF804D005F0B9F90028B8
:10EAB00005DB4FF480420023684602F0F1FF05B009
:10EAC0005DF804FB4D3E010030B4104B0C2202FBFC
:10EAD000003301460020D3E90E529863EFF3118012
:10EAE000202484F31288BFF36F8F1C6C04F0C004E1
:10EAF00044F002041C6480F31188BFF36F8F1DB1D2
:10EB00002B46034830BC184730BC7047E40C00204B
:10EB1000005F010010B4EFF31182202383F3128809
:10EB2000BFF36F8F1748016841F002040460C80703
:10EB300007D482F31188BFF36F8F012010BC01F05E
:10EB4000ABBD4FF08041D1F80C04D1F80C14C907CB
:10EB5000EFD5EFF3118083F31288BFF36F8F0A496B
:10EB60000B6C03F0C00343F002030B6480F31188C5
:10EB7000BFF36F8F82F31188BFF36F8F002010BC3B
:10EB8000FFF7A2BF340D0020E40C002010B10128D3
:10EB900004D07047034B1B6C5B0701D1FFF794BF98
:10EBA000704700BFE40C00202DE9F0413849BFF365
:10EBB0005B8F0746012251E8003F41E80020002812
:10EBC000F9D1BFF35B8F33B9324933484B60CB6027
:10EBD0008A6004F018FC7B1E012B2BD8012F07D173
:10EBE0004FF08043D3F81C3403F00303012B21D0F2
:10EBF00006F00CFF0546F8B9284B1B78E3B14FF03F
:10EC000080430222C3F808230646DFF894804FF0C1
:10EC10008044D4F81824D4F81834D20315D503F05E
:10EC20000303012B01D0012F0FD155B386F31188B7
:10EC3000BFF36F8FBDE8F081EFF31186202383F3DC
:10EC40001288BFF36F8F0125DFE7ADB1304604F0C6
:10EC5000B5FDD4F81835002BDBD1D4F80421002AF7
:10EC6000D7D0C4F80431D4F804310123C4F81835DE
:10EC7000C8F88031A360CCE70021212003F094FB89
:10EC8000E7E74FF080430222C3F80423D2E700BF36
:10EC9000E00C0020D00C0020000D0020700E0020A1
:10ECA00000E100E008B5074806F0D6FC38B1064898
:10ECB000FEF7F2FC0448FDF723FD002008BD6FF0CD
:10ECC0001200FBE73C5F0100CDEC00000A2838B5DC
:10ECD000074D044604D1AB680D215B682846984770
:10ECE000AB6803485B68E1B29847204638BD00BF77
:10ECF0003C5F010070B5074E04464518AC4201D197
:10ED0000002070BD14F8011BB36802485B68984787
:10ED1000F4E700BF3C5F01000146014806F04EBD2C
:10ED2000C00600202DE9F047374D8AB0374CA76860
:10ED300002E02046984748B9FB6B002B58D1A668E3
:10ED4000B36B002B5BD1F36A002BF2D1336913B99B
:10ED50006FF0570606E02D48202202A99847064684
:10ED60000028E9D02A4C02AF4FF00009B145DDDAA6
:10ED70002B7817F8018B7BB9D4F800A0BAF1000FFB
:10ED80000AD124480022002301A902F005FED8B9C7
:10ED9000019B2360C3F8840095F800A02068BAF1B5
:10EDA000000F09D1D0F884307F2B12D9FFF7B4FFC0
:10EDB0000123C4F800A02B70B8F10A0F01D1002381
:10EDC0002B7009F10109D1E70123C4F800A02B70D1
:10EDD000E2E75A1C0344B8F10A0FC0F8842083F814
:10EDE0000480EED10C4BC4F800A01B689847E8E7FC
:10EDF000204698470028A2D10AB0BDE8F0872046F7
:10EE0000984700289FD1F7E72D0E00203C5F0100B6
:10EE1000380D0020C00600203C0D0020014AFFF7FD
:10EE20000FBD00BFF5EC00000F4B70B518600F4C24
:10EE3000204606F011FCB0B1A3685B6A0BB1204616
:10EE40009847A568AB690BB1084898472B6C1BB174
:10EE50000749064800229847A3681B6A1BB1BDE812
:10EE600070400248184770BD3C0D00203C5F010017
:10EE700025ED000000487047EC6201002DE9F04FDD
:10EE80008FB0044602AF00694FF0FF32012106F057
:10EE90004FFD6668306806F0DFFB30B96FF0120591
:10EEA00028463437BD46BDE8F08FF06818B106F04B
:10EEB000D3FB0028F2D0206904F0D3FF204605F0F0
:10EEC00038F8051E3CDDEA0734D4206904F0C7FF9A
:10EED000206904F0C6FF0323019307F11003009398
:10EEE00000231A469F21204604F0C1FF8046206976
:10EEF00004F0B5FFB8F1000FD0D1337E002B3BD02A
:10EF0000206904F0AEFF204605F013F8051E2EDD43
:10EF1000337E25EA03053D764346CDE9008880220D
:10EF20000621204604F0A3FF034678B1206904F0CF
:10EF300096FFB3E700220023204605F00BF80546B4
:10EF4000206904F08CFF002DC2DAA7E707F1180250
:10EF50000121009201918022204604F088FF0028C0
:10EF6000E4D100220023204604F0F4FF0546206986
:10EF700004F075FF002D91D1206904F072FF182371
:10EF80000193FB180093052200235A21204604F028
:10EF90006EFF05462069EA4604F061FF002D7FF40C
:10EFA0007DAF8B4BBA699A427FF478AF97F81E8099
:10EFB000B8F1010F9CBF08F101085FFA88F807F16A
:10EFC000200394BF4FEAC8084FF0100898441D462C
:10EFD0004FF0000BA84533D12369D869D5461946AF
:10EFE00003F1080600224D7C25B18D7C0AB19542C3
:10EFF00000D22A4602318E42F5D1002A3FF44EAFAC
:10F000004FF0FF359540ED4315F480757FF446AF22
:10F010004FF48072000A5A621862206904F021FFDE
:10F0200063685B7EDB0700F1BE80206904F017FF98
:10F03000206904F016FF206904F011FF00252FE776
:10F04000EA792B7843EA0223B3F57F4F40F0A98099
:10F05000EA786E79C7F80CD0142A28BF14229200DF
:10F06000242A134638BF2423073303F4FF63ADEB90
:10F07000030DAB792069BA60360246EA03462B7964
:10F080001E4304F0EEFEBA680DF10809CDE90092C6
:10F09000330205225A21204604F0E9FE0646206983
:10F0A00004F0DDFE002E63D1D9F804102369002995
:10F0B00003F111025EDA21F000410120A1F12006E6
:10F0C000C1F1200C00FA06F620FA0CFC46EA0C0608
:10F0D00000FA01F1C90841EA4676C3F811B00121EE
:10F0E000C2F804B04846C7E90032B96005F0DBF861
:10F0F000B9687A683B680131C9B2052902F1020298
:10F10000F0D1EA780A2A88BFD9F82820DE6183BFC7
:10F11000C2F3031101228A404FF480725A83D9F856
:10F12000003013F4C02F3AD007F1140249462846A4
:10F1300000F0D4F8064690BB97F8149009F1FF331D
:10F14000DBB2FD2B2BD819F0030F11D0206904F08E
:10F1500088FE19F0020F0FD10023CDE90033802281
:10F16000B721204604F083FE88B1206904F077FEC1
:10F17000D54693E60131ADE7CDE9006633468022FE
:10F180000621204604F073FE0028E5D0EDE7226951
:10F19000137C43F001031374206904F060FED7F878
:10F1A0000CD0083516E72B46CDE900558022B92151
:10F1B000204604F05CFE0546206904F050FE002D58
:10F1C000BFF636AF15F1860F3FF432AF68E600BFE9
:10F1D00053464450024B0B6001231360704700BF3D
:10F1E000680D0020004870470863010010B5012237
:10F1F00011460648064C06F09BFB05F07FFD20609B
:10F2000005F078FD6060002010BD00BF700D00208B
:10F21000680D002070B50C46154605F06BFD2946BB
:10F220000646204604F0B9FF08B3B4FBF6F306FB2C
:10F230001343E3B9B5FBF6F306FB1353BBB9B54271
:10F2400001D2002070BD4FF0FF324FF0FF3309486C
:10F2500002F026FC05F04EFD0646204601F09EFE1B
:10F26000AD1B3444F9D1034802F0F6FBE9E76FF037
:10F270001500E7E7700D0020F8B50E463046194638
:10F2800017461C4604F089FF08B346EA040515F04A
:10F2900003051CD1A4B10F484FF0FF324FF0FF33EC
:10F2A00002F0FEFB24F00304A54206EB050009D1A1
:10F2B000094AD2F80034DB07FBD5064802F0CCFB44
:10F2C0000020F8BD795901F089FE0435ECE76FF0B4
:10F2D0001500F6E7700D002000E00140C3780F2B09
:10F2E00014D9C96B0B480B0E13708B0200EA9110F6
:10F2F00003F47C030906034301F0FE4110680B434D
:10F30000054901400B431360002070476FF08500F2
:10F31000704700BF00FF0300FF000080F0B54068A9
:10F32000057B01F01F0444EA4514056987B0002DF0
:10F3300064D0B2F5001F00F1100506D12146284621
:10F3400005F0CDFC002007B0F0BD01AE0027B2F5FE
:10F35000800F0197776039D1B3F1007F14BF052387
:10F3600004238DF804300023CDE9046303938368FC
:10F3700023FA01F111F001011AD1B2F1A07F17D1E6
:10F3800004F01F03620903F5E0732AD0012A3BD180
:10F390001F4A52F82330DB070AD40DF10306324628
:10F3A0002146284601F054FC1A4B98421CD0029684
:10F3B00003AA2146284601F00DFB174B984220D1A5
:10F3C00001222146284601F0A7FCBBE7B3F1C06F3C
:10F3D00005D0B3F1007F14BF01230223C1E703234B
:10F3E000BFE74FF0A042D4E73146284601F08EFC3B
:10F3F000094B9842DBD06FF00B00A4E76FF085005B
:10F40000A1E76FF015009EE751F82330FFDE00BF43
:10F41000000300500400AD0B0000AD0B38B545688B
:10F420002B69B3B11035284601F060FC044680B961
:10F430000146284601F026FC084B98420BD10849AA
:10F440002246284601F0FEFB224605210620FDF754
:10F4500019FF002038BD6FF00400FBE70000AD0B82
:10F4600065F40000420970B5034602D0012A17D0A6
:10F4700070BD0D4E326951680029F9D003F01F03A9
:10F4800001250C689D400029F2D08A682A4002D0EC
:10F490004B68304698472CB1236821461C46F2E75A
:10F4A000024EE7E72346F8E7285F0100145F0100FA
:10F4B0002DE9F043466840F20635D006337B87B02D
:10F4C00002EA050554BFC2F34010032001F01F07F4
:10F4D000B5F5837F144647EA43178DF8030045D0FE
:10F4E0000FD8062D18D007D8B5B1022D40D06FF037
:10F4F000150007B0BDE8F083B5F5807FF7D1012591
:10F500000AE040F20222954234D0B5F5407F33D074
:10F51000B5F5007FEBD102250123220303FA01F1A7
:10F520002CD57368C3F80815326982BB07F01F0336
:10F530007F0929D0012F77D13E4A02EB830284F460
:10F540008033D2F80017C3F30043C4F3404444EAC5
:10F55000430421F4E16144EA800421F0070144EA14
:10F5600005230B43C2F800370020C2E70725D3E785
:10F570000425D1E70525CFE70325CDE7630344BF85
:10F580007368C3F80C15CFE74FF0A042D5E71036EB
:10F590000DF102023946304601F05AFB14F4403FA7
:10F5A00080460CD13946304605F097FB224B9845F2
:10F5B000DAD19DF80210304601F0A2FBD4E701AB8E
:10F5C0004FF0000903AA39463046CDE90439CDE9A8
:10F5D0000199CDF80C9001F0FDF9174B984286D1B6
:10F5E00014F4003315D09DF803308DF80E3084F4F8
:10F5F0008034C4F300444B4603AA394630468DF8A4
:10F600000C508DF80D4001F09FFA0B4B9842CDD075
:10F610006DE7CDE9043303AA0DF103033946304603
:10F62000039301F0D7F9F0E703F5E07352F82330C4
:10F63000FFDE00BF000300500000AD0B036803F0C5
:10F640001F025B09026004D0012B034818BF002091
:10F6500070474FF0A0407047000300502DE9F04F75
:10F66000DFF86091DFF860A185B01546834600EBB6
:10F67000810140F2FF18594503D1002005B0BDE8D3
:10F68000F08FDBF800305804C3F3C322C3F308043F
:10F6900000F191801B0E19F80270444508BF4FF02D
:10F6A000FF34192B00F28A80DFE803F00D141A1DD5
:10F6B00020261D8888888836638888888888888876
:10F6C0008888667C7F82C5F80C45621C5ED10BF190
:10F6D000040BD0E7C5F81445631CF8D000265FE0A2
:10F6E000C5F80845F1E7C5F81045F5E7661CC5F80B
:10F6F0000845ECD0002604E0601CC5F80C45E6D0B7
:10F70000012603A80394FFF799FF039B012202FA45
:10F7100003F3C0F80C3508E0C5F80845002FDBD12D
:10F72000631CD4D0002632460627DBF80030019354
:10F7300003F40040002818BF002203A8009218BF5D
:10F7400001260394FFF77AFF039C019B009A00EBCC
:10F750008400C3F3412CD0F800473B0243EA8C03FA
:10F76000134304EA0A04234343EA4603C0F800377C
:10F77000ADE7C5F80C45D1E7C5F86045621CDBF87C
:10F780000030A4D0C3F30043002BB9D003A80394E6
:10F79000FFF754FF039B012606FA03F3C0F8083570
:10F7A0003246C2E7C5F86445E8E7C5F86845E5E7CD
:10F7B000C5F86C45E2E76FF015005FE76FF0850074
:10F7C0005CE700BF4E680100F0F8FCFF2DE9F04156
:10F7D000044647680D4606F019F94FF0200888B92D
:10F7E000264B1B7873B16426606804F07BFEF0B989
:10F7F000012005F07BF9013EF6D10021212002F025
:10F80000D3FDF0E7EFF31186314688F31288BFF39A
:10F810006F8F606804F066FEA8B986F31188BFF3A5
:10F820006F8FEFE786F31188BFF36F8FE5E7EFF394
:10F830001186314688F31288BFF36F8F606804F039
:10F8400051FE0028EED0FB691D706368FA691B68E1
:10F850000020C3F844250122C3F84825C3F820013D
:10F86000D3F82041C3F85801D3F858019A6081F3C6
:10F870001188BFF36F8FBDE8F08100BF700E0020CC
:10F88000F7B50546002201210220FDF7FBFC02200E
:10F89000FDF7C8FC6B6818681A69C0F82425997DC3
:10F8A0005A7D0A43198B1B7D0B431343C0F86C35FB
:10F8B0006E68D6E9004313F0010348D02F6907F1C1
:10F8C0000C0005F01FF9304B98425AD1387B04F1F7
:10F8D0000C0204F5907105F00BF9387B012707FA4B
:10F8E00000F000F0B1FE0823C4F80035F369C4F855
:10F8F00044350023C4F84835A760D4F85831002BAC
:10F90000FBD00021C4F800156B68DC6801AA204612
:10F9100004F031FD002805DB019B22681979186885
:10F92000FFF79CFE6A6813680821C3F80015117A76
:10F9300051B9126AC3F834250122C3F83825C3F837
:10F940001011D3F810111A60002003B0F0BD082286
:10F95000C4F80025F269C4F84425C4F848350123E9
:10F96000A360D4F82031002BFBD00023C4F8203151
:10F97000D4F820310123E3604FF48073C4F80433DA
:10F98000BBE76FF00400E0E70000AD0B2DE9FF419D
:10F990000569D0F804802B6D0646A86C002835D187
:10F9A000002B53D0B8F838406A6CEF6C9C4228BFEB
:10F9B0001C46EB6C53B1296D41B107F06041B1F1C8
:10F9C000005F03D0082C6F6E28BF082400926A6C79
:10F9D000AC651AB1AA6C002A18BF2246CDE90127EE
:10F9E0001BB12B6D002B18BF2346002269464046F1
:10F9F000039301F041FD184B984229D06FF00401A8
:10FA0000304604B0BDE8F04104F0E7BE696CEF6C2D
:10FA1000B8F838400A46ABB1834228BF03469C423F
:10FA200028BF1C460029C4D001F06043B3F1005F39
:10FA3000BFD0082C28BF08242246286E06F06AF999
:10FA40002A6EB6E7844228BF0446EBE71946D7E79B
:10FA500004B0BDE8F08100BF0000AD0B2DE9F04F10
:10FA60008FB09846436801938B8804690F469904C8
:10FA70000646914600F11D814FF0FF324FF0FF33F3
:10FA800004F1100002F00CF86760D6F804B0D6F864
:10FA900010A0DBF8083003939AF85D3023B1DAF850
:10FAA00000309F4200F08980B7F804E01EF4006F38
:10FAB00040F036811EF0090F40F02F81CEF3451340
:10FAC000082B40F02A813B680293029AAD4B9A4280
:10FAD00040F223810BF10C0CBCE80F0004AD0FC504
:10FAE000BCE80F000FC5DDE902329A4228BF1A4672
:10FAF0009CE80300A44B9A4285E803001BD2A34B69
:10FB00009A4218D2A24B9A4215D2A24B9A4200F2C4
:10FB1000D980A14B9A4200F2D780A04B9A4200F2C2
:10FB2000D5809F4B9A4200F2D3809E489E4B9F49BE
:10FB3000824288BF0B461EF0020F09930EF00403A9
:10FB400000F0C880002B14BF032302238DF8283057
:10FB5000CEF300138DF82930DBF80030D3F80825F8
:10FB60001EF0020F4FEA5213CEF3400102F01F02C3
:10FB700040F0B780002B00F0B180012B40F0FA80FC
:10FB80008B4901239340C1F80C359AF85D302BB1B5
:10FB9000584601F029FC00238AF85D303346854A37
:10FBA00004A9584601F0ECFB834B984240F0A58035
:10FBB00001238AF85D30CAF80070012384F85C30B4
:10FBC000019B196C4A1C03D003F1440004F06FFE42
:10FBD000B9F1000F40F0A780C4F834900023A3636C
:10FBE00004F1480204F1380104F1340004F01EFD70
:10FBF0006064B8F1000F40F09F80C4F83C8000239F
:10FC0000236404F1500204F1400104F13C0004F0CB
:10FC10000DFD00252A46E06401212046256304F0FD
:10FC20003BFD3046FFF7B2FEA06B2A462B468342CF
:10FC300040F08B800023256C1946A94240F08C804F
:10FC40009342274638BF13464FF4FA5202FB03F59E
:10FC500057F8203B4FF000081B68B5FBF3F54FF455
:10FC6000004CC835414640F2E7304FF47A72002329
:10FC7000E5FB0C01FCF744FB02460B46384601F05D
:10FC80000FFF024618B9256B15F1740F6BD101985F
:10FC9000C4F8588001F0A8FB84F85D806FF0730110
:10FCA000304604F09AFD384601F020FF6FF07305EE
:10FCB00025E0A369002B7FF4DFAE63689F427FF4E9
:10FCC000DBAEE2E63D4B36E73D4B34E73D4B32E7FA
:10FCD0003D4B30E7003B18BF012337E74FF0A04111
:10FCE0004FE73BB1012B48D1314901239340C1F883
:10FCF00008354AE74FF0A041F7E76FF004052368A5
:10FD00009B8813F4005304D1636004F1100001F0E8
:10FD1000A3FE28460FB0BDE8F08F6FF01505EEE7A3
:10FD20006FF08505EBE7D9F800306363002B3FF4F3
:10FD300055AFD9F8043052E7D8F80030E363002B10
:10FD40003FF45DAFD8F804305AE7616B01EBC301B3
:10FD5000013349680A446AE7E06B00EBC1000131F6
:10FD60004068034469E7002DC9D00146306904F0BA
:10FD700093FCC4E7C1F80C15FFDE0023C3F8083577
:10FD8000FAE700BF47E801000048E8010024F4005A
:10FD900000127A00FF083D007F841E003F420F00E2
:10FDA0001FA107008FD0030048E8010090D0030096
:10FDB00000030050FD4701000000AD0B00093D00AD
:10FDC00080841E0040420F0020A1070000F01F02A7
:10FDD00040090DD001280ED10A4B03EB82030A4AD9
:10FDE000D3F80007024042EA8102C3F800277047B7
:10FDF0004FF0A043F1E702F5E072002353F8223000
:10FE0000FFDE00BF00030050F0F8FCFFF0B587B044
:10FE100001238DF8023002238DF804306B440393E4
:10FE20000F4601AB0DF10301002404930546029136
:10FE3000059400F06BFF0C4B984206460FD103AAC5
:10FE40003946284600F0C6FDB0420BD09DF803109D
:10FE5000284600F055FF6FF0040007B0F0BD6FF0CA
:10FE60001200FAE72046F8E70000AD0B70B5012359
:10FE700083400E4ABFF35B8FDC4352E8001F01EA68
:10FE8000040542E80056002EF7D1BFF35B8F4FF414
:10FE9000803282400648C0F80823BFF35F8FBFF36B
:10FEA0006F8F0B4214BF0120002070BD9C0D0020FD
:10FEB0000010014070B40E49D1E90034D01AC318C3
:10FEC00044F1000422F07F46C1E90034A6F5001396
:10FED000B3F5400F09D2074B1B681A0A1B069C1981
:10FEE000054B42F10005C3E9004570BC02F0F2BBCE
:10FEF000C0070020A00D0020C807002011B3BFF3E9
:10FF00005B8F0123104A834052E800CF4CEA030C78
:10FF100042E800C10029F7D1BFF35B8F0B4A4FF4D1
:10FF200080338340C2F80433094BBFF35B8F1B68F7
:10FF3000BFF35B8FC340DB0742BF064B4FF4003279
:10FF4000C3F80021704700BF9C0D00200010014045
:10FF5000980D002000E100E00D4B1868010A000632
:10FF6000BFF35F8F0B4BD3F80435181841F1000134
:10FF7000B3F5801F0AD2084BD3E90023904271EBFE
:10FF8000030303D210F1807041F10001704700BFFC
:10FF9000A00D002000100140C80700202DE9F04FFF
:10FFA00085B016461F469DF840A00446FFF75EFF49
:10FFB0000190FFF7D1FFB04271EB070354D23E4BE3
:10FFC000301A67EB0101984271F100014FD23B4BAF
:10FFD00003EB0413D3E902239F4208BF96425ED08D
:10FFE00037494FF4803804F1500508FA04F8AD00A1
:10FFF000C1F848832046ADB204F081FC26F07F4B67
:020000040001F9
:1000000005F1804504F5A87305F58835DC464FF009
:1000100003090293029A2CF07F4341F82230C1F881
:100020004483D1F80435274A6FF00200C01A6044B7
:1000300020F07F40904232D9286868B1D1F8043569
:100040000393A3EB0B0020F07F40B0F5000F26D9FF
:10005000204604F054FC039BBAF1000F07D109EBD2
:10006000030C09F10109D5E7BAF1000F09D06FF0CF
:10007000150520460199FFF741FF284605B0BDE868
:10008000F08F0123104ABFF35B8FA34052E8000FAB
:10009000184342E800010029F8D1BFF35B8F0749FC
:1000A0000E98230101EB0412C8500F9B5360C2E964
:1000B00002670025DDE700BF01008000B0070020D7
:1000C00000100140FDFF7F00980D00207FB51C4C03
:1000D0001C4BC4F80833C4F848331B4B00254FF0C1
:1000E000FF304FF0FF31C4F80855C3E902014FF467
:1000F0008033C4F80433154B02264FF4003201213B
:10010000C4F804631120C3F880212A46FDF7BAF829
:100110001120FDF787F80E4A0123A36023601360C6
:100120000C4B0D4A0093CDE9015500232846FFF7FB
:1001300035FF3046FEF738FD284604B070BD00BFDD
:100140000010014003000F00B007002000E100E0B4
:100150009C0D0020B5FE0000FFFF7F002DE9F74356
:100160002F4CD4F8043399070BD5D4F8043143B19C
:100170002C4A0023C4F80431D4F804311368013345
:100180001360D4F80433DA0329D5BFF35B8F264B11
:1001900053E8002F22F0010143E800100028F7D1B6
:1001A000BFF35B8FD30702D4D4F84031BBB1002535
:1001B000C4F84051D4F84031FFF7CEFEEFF311827E
:1001C000202383F31288BFF36F8F184BD3E90267A4
:1001D000B042B94106D282F31188BFF36F8F03B0EA
:1001E000BDE8F0834FF0FF384FF0FF39C3E90289D3
:1001F000D3E900101D604FF48033C4F84833C4F8CD
:100200004051D4F8403182F31188BFF36F8F002939
:10021000E5D0009032463B4628468847DFE700BFDE
:1002200000100140A00D0020980D0020B007002014
:1002300030B5431C124C85B005D08442A8BF04469B
:10024000012CB8BF0124FFF787FE0E4B0C4DD3E9FC
:100250000013401AB0F5000F10D22218AA4228BF8E
:100260002A4652184FF0000007490091CDE90100DD
:1002700043F10003FFF792FE05B030BD2A46F0E7D8
:10028000FFFF7F00C0070020B5FE000008B5FFF7A4
:1002900063FE024B1B68C01A08BD00BFC0070020E8
:1002A00010B5084C012363601120FCF7C9FF064B11
:1002B000C4F80833C4F84833044B4FF40032C3F891
:1002C000802110BD0010014003000F0000E100E09C
:1002D000F0B5816885B01039054621F0070403F0B8
:1002E00067F90B4B6E4603F1100C324618685968DB
:1002F000374603C7083363453E46F7D110232146EE
:10030000284603F00CF9003818BF012005B0F0BDF5
:100310000065010030B50D46816887B0102302AA40
:100320001039044603F0E6F8002802DA012007B08D
:1003300030BD102202A9204604F005FB00283AD166
:100340001E49102202A805F015FD00280CBF01234C
:1003500002232B70204604F0E2FA012301460DF13E
:100360000702204603F0C6F80028DFDB9DF80730BF
:1003700003F00F021B096A702B7101220DF10701B6
:10038000204604F0E0FA10B96B78042B03D901235E
:100390006B7000232B71A268183A22F00702083A0A
:1003A000A91C204604F0E2FA0028BFD1E91C20462F
:1003B00004F035FBBBE70323CBE700BF006501007A
:1003C0007FB5264D4400694655F8240004F02DFB06
:1003D000002835D1013402A955F8240004F025FB8A
:1003E00001282BD103238DF808308DF80B309DF8B0
:1003F00000509DF808601A4A00241078294604F03D
:1004000094FA18B35078314604F08FFAF0B193782B
:10041000042B03D09DF80310994217D1D378042BF5
:1004200003D09DF80B10994210D11379042B09D1F8
:100430005079831E022B03D804B070BD0028D6D09B
:10044000FF20F9E79DF802109942F1D00134032C06
:1004500002F10602D1D10120EEE700BFE064010005
:100460007E680100024AD2F80034002BFBD07047AE
:1004700000E0014010B54FF08053D3F830210D2A31
:1004800055D14FF080410022C1F80C21C1F8102154
:10049000C1F83825464AD3F80404C2F82005D3F839
:1004A0000804C2F82405D3F80C04C2F82805D3F8D0
:1004B0001004C2F82C05D3F81404C2F83005D3F8A0
:1004C0001804C2F83405D3F81C04C2F84005D3F868
:1004D0002004C2F84405D3F82404C2F84805D3F830
:1004E0002804C2F84C05D3F82C04C2F85005D3F800
:1004F0003004C2F85405D3F83404C2F86005D3F8C8
:100500003804C2F86405D3F83C04C2F86805D3F88F
:100510004004C2F86C05D3F84434C2F87035D1F801
:100520000034DB0709D56FF00103C1F800344FF048
:100530008053D3F830310D2B0CD14FF08053D3F8CA
:1005400034313BB14FF01023D3F808224FF08043F1
:10055000C3F858254FF01023D3F80022002A03DBFC
:10056000D3F80432002B22DA124901234FF0102075
:10057000C1F804351224FFF775FFC0F80042FFF7F9
:1005800071FFC0F80442FFF76DFF0023C1F8043586
:10059000FFF768FFBFF34F8F0749084BCA6802F4A3
:1005A000E0621343CB60BFF34F8F00BFFDE710BD88
:1005B00000C0004000E0014000ED00E00400FA054A
:1005C00030B50468CCB1BFF35B8FB4FA84F3C3F1E8
:1005D0001F03DBB201229A4024EA020250E8005FC6
:1005E000A54204D140E8002CBCF1000FF6D1BFF3C6
:1005F0005B8FE6D102480B7030BD0248FCE700BFBC
:100600000000AD0B0200AD0B10B50368CB40DB075B
:1006100014D401238B400268BFF35B8F43EA0201CD
:1006200050E8004F944204D140E8001CBCF1000F98
:10063000F6D1BFF35B8FEED1014810BD0148FCE756
:100640000000AD0B0400AD0B014BC3F8040570476F
:1006500000F00140044B1A7922B9012218601A7186
:100660000248704702487047A40D00200000AD0BFF
:100670000C00AD0B08B5074B1B682BB10020FCF735
:10068000F3FD08B9FCF7CEFD4FF080430022C3F81C
:10069000182508BDA40D002010B510B1012843D0C5
:1006A00010BD4FF08043D3F81814D3F81824C803B2
:1006B00021D502F00303012B04D013B1002004F074
:1006C00023FA00234FF080420220C2F81835082296
:1006D0004FF4827303F180430021196002F18042DC
:1006E0001C6801241460154A12680AB34FF0804355
:1006F000C3F80403D4E7D3F81424D107E1D5D3F821
:100700001C249207DAD40D4A12681AB10222C3F8E7
:100710000423C5E7D3F80421002AFBD00022C3F844
:100720000421D3F80431BBE700224FF48073D1E7F2
:100730001A68002AFCD019601B68B1E7A40D0020DC
:1007400010B54FF08043D3F8002152B10020C3F818
:100750000001D3F800210122C3F80823104B1B68C5
:1007600098474FF08043D3F8042172B10022C3F8B8
:100770000421D3F80421D3F81824D3F818249207BD
:1007800004D10122C3F818259A6010BD0222C3F8D3
:100790000823034BBDE810401B680120184700BF29
:1007A000A40D0020036803F01F025B09026004D05F
:1007B000012B034818BF002070474FF0A04070473E
:1007C00000030050034A430900F01F00D35C1844A3
:1007D000C0B270479068010070B50546FFF7F2FFA0
:1007E0000C4C08300E4634F81030DA0508D5C3F347
:1007F000432304EBC302284654F833305268984729
:10080000A3682BB1E26831462846BDE8704018471E
:1008100070BD00BF2C06002008B5FFF7D3FF034BC7
:10082000083033F81000400B08BD00BF2C06002034
:1008300008B5FFF7C7FF034B083033F81000C0F3CB
:10084000400008BD2C06002008B5FFF7BBFF034B96
:10085000083033F81000C0F3401008BD2C0600200B
:10086000034611F0010010B5CCB20DD1A207C4F3BC
:10087000400012D5094AD2F820055860C2F8200578
:10088000003818BF012008E04FF0A041D1F8202522
:100890001A60C1F82025002AE8D010BD00030050DE
:1008A00010B5FFF78FFF124A083032F81030D90523
:1008B0001CD5C3F3432123F4F85322F8103002F17E
:1008C0000E04002034F8023F13F4807F03D0C3F3FA
:1008D000432399420AD001302A28F3D1002342F859
:1008E00031300448BDE81040FFF78EBE10BD00BF98
:1008F0002C06002098060020F0B50546002004468E
:10090000012607468C420BD1114BD3F87C2132B122
:100910000022C3F87C21D3F87C3140F00040F0BDC8
:10092000E3B29B0003F580729B0806FA03F31D42B5
:100930000BD002F1804202F5C042D2F800C0BCF1F7
:10094000000F02D01760126818430134DAE700BFC5
:1009500000600040F7B506460846FFF733FF194F21
:1009600000F108050C4637F81530DB0727D530466F
:1009700004F08FF92046FFF767FF40B12046FFF7EC
:100980004BFF316800F5A270002341F8203020466B
:10099000FFF786FF002301A827F815300194FFF721
:1009A00001FF019B00EB8300074BD0F800271340A9
:1009B00043F00203C0F80037044803B0F0BD044818
:1009C000FBE700BF2C060020F0F8FCFF0000AD0B99
:1009D0000400AD0B2DE9FF41164680460846FFF79F
:1009E000F1FE0D463168044609B32846FFF720FFA3
:1009F00018B12846FFF728FF10BB0023CDE90033CC
:100A00008DF80E308DF80F300DF10F020B46284691
:100A10000DF10E0104F0D4F8474A04F1080132F850
:100A2000113023F0020343F0010322F81130736800
:100A300063B328461F785968FFF7FAFE10B1D1B1A9
:100A40003E4826E03C4A04F1080032F8103023F01A
:100A50002003DB04DB0C22F8103061B1032FEFD848
:100A60007168496891F800C0D8F80010A7B90CF572
:100A7000A27C41F82C70304A04F1080132F81130A0
:100A800023F01C0343EA870322F81130B3684BBB01
:100A90002B4804B0BDE8F08101EB8C0143EA4C33F4
:100AA000D1F810E52EF0030EC1F810E5D8F80010CB
:100AB00001EB8C0E43F02003DEF8101522F8103005
:100AC00021F44F3121F44071CEF810152902DEF8DF
:100AD000108501F47C5141EA074141EA0801CEF852
:100AE0001015C8E7D3E900672846FFF7D9FE002EA6
:100AF000CED0114DD5E90023964203D19F4201D1BA
:100B0000002209E00F480DF10F01FFF759FD0C4BD2
:100B10009842BED19DF80F2045F8326005EBC20324
:100B200008345F6035F8143043EA422343F480739D
:100B300025F81430ACE700BF2C0600200400AD0BF4
:100B40000000AD0B980600202DE9F0430C4685B05F
:100B50008046204611461E46FFF734FE054629B35F
:100B60002046FFF765FE18B92046FFF76DFE18BB5B
:100B7000314F05F1080937F8193013F01C0F02D076
:100B80004B78012B18D001238DF80F300023CDE9CD
:100B900000134A1C8B1C20460DF10F0104F010F8C5
:100BA00037F8193043F0030327F81930002E41D0ED
:100BB0002046FFF73DFE18B9204805B0BDE8F08398
:100BC00096F800C0D8F800301B4F0CF5A272002137
:100BD00043F8221005F1080237F8121021F0200125
:100BE000C904C90C27F8121075781DB3D8F8000095
:100BF000B67800EB8C002D04D0F8103523F499134F
:100C000023F4F853C0F81035230203F47C5305F4A1
:100C100040353605D0F810E52B4306F4801641EA3E
:100C20004C31334341F0200143EA0E0327F8121000
:100C3000C0F810350248C0E72C0600200400AD0BB8
:100C40000000AD0B014BC3E9021270472C060020D7
:100C500010B508461446FFF7F7FD50B10846FFF7F8
:100C6000B1FD054B083033F8103004485B0B23709E
:100C700010BD0348FCE700BF2C0600200000AD0BB0
:100C80000400AD0B70B5164D95F8744006462CBBAC
:100C90002146542205F1100005F064F830686E6EAC
:100CA00021468E420ED10023C0F87C31D0F87C3131
:100CB00040F30730FCF7B6FA01230A4885F8743090
:100CC000EB6670BDCBB29B0003F580727C2B08BF36
:100CD000845001F1010108BF8358E2E70248F0E7C0
:100CE0002C0600200000AD0B0C00AD0B034B93F85D
:100CF0007400003818BF0120704700BF2C06002088
:100D00000148FFF781BC00BF940600200148FFF7AF
:100D100057BC00BF9406002073B503681646D3F88D
:100D20000423002AA8BF4FF000420546A8BFC3F81D
:100D3000042308460C46FFF787FD00B30846FFF77B
:100D400077FD0146D8B92046FFF766FD04B2A4003E
:100D500004F580720346286881502968825821442E
:100D6000D1F8102542F00102C1F810252EB12968F2
:100D7000012202FA03F3C1F8043302B070BD204629
:100D8000FFF720FD0F4B083033F81030C3F3820318
:100D9000042B12D0052B12D001A80194FFF702FDFD
:100DA000019AD0F81035D34003F00103991C204676
:100DB00002B0BDE8704003F04CBF0321F7E7022109
:100DC000F5E700BF2C0600202DE9F04F694BDFF856
:100DD000A881D3F80403D8F86410C0B289B040F0F9
:100DE0000040FFF789FD051E2FDAC24600235AF89E
:100DF000701F06A8CDE90633FFF732FD5F4B019364
:100E00000DF118094FF0000B019A12F8013B019205
:100E1000DA0803F007031AF8022022FA03F3DA07CC
:100E20001CD409F10409BBF1000F14D0D8F86410E8
:100E30004FF00040FFF760FDD8F8701006A8FFF7EC
:100E40000FFD0028DAD125F000450124002D79D1CD
:100E500009B0BDE8F08F4FF0010BD5E7484B5B447C
:100E60000293D9F800100029DBD0029B91FAA1F17E
:100E70001C78B1FA81F141EA44142046FFF7A2FC44
:100E80000830059438F81070C808BB0819F800201D
:100E9000039301F00701012303FA01F122EA0102A1
:100EA00009F8002005A8FFF77DFC059A039B02F5D1
:100EB000E072C7F3820650F822205B073746C2F380
:100EC000014224D520463946D6B2FFF785FC05A855
:100ED0000594FFF767FC059B03F5E07350F823309A
:100EE000C3F301439E4207D10021204603F0B1FE27
:100EF0003146204603F0ADFE05A80594FFF752FCED
:100F0000059B012202FA03F3C0F82035A9E7022A63
:100F10000CD10321204603F09CFE06F00503012BB3
:100F2000EAD139462046FFF757FCE5E70221204683
:100F3000039203F08EFE032EF3D0039A032ADBD133
:100F4000022EEDE795FAA5F3B3FA83F304FA03F260
:100F50009B0003F1804303F5C04325EA0205D3F863
:100F60001005D3F81015C0F30520C1F30141FFF7B8
:100F700033FC6BE7006000402C060020A0680100F5
:100F8000A0680100044AD2F80034DB07FBD50160F9
:100F9000BFF35F8F704700BF00E001404FF0805308
:100FA0001A69B0FBF2F302FB130373B9084B022278
:100FB000C3F80425C3F80805D3F80024D207FBD5ED
:100FC00000220448C3F8042570470348704700BF57
:100FD00000E001400000AD0B0A00AD0B10B5054C60
:100FE0000123C4F80435FFF7CDFF0023C4F804350E
:100FF00010BD00BF00E0014001460148FFF7E0BA24
:10100000A4060020036803F01F025B09026004D0FD
:10101000012B034818BF002070474FF0A0407047D5
:101020000003005073B51646421C1C460546069B3D
:1010300018D0012902D1BBB103F0B7FE01A8019578
:10104000FFF7E0FF019B00EB83002402D0F80027AC
:10105000074B44EA86040C4313401C4344EA410115
:10106000C0F8001702B070BD03F0ACFEE6E700BFA9
:10107000F0F8FCFF4B69184A934221D00DD8174A6B
:1010800093421DD007D8164A934219D0154A93426D
:1010900016D015487047154AF9E7154A934208D00B
:1010A00004D8144A93420BD0134AF0E7134A9342F0
:1010B000EFD10279124B1348002A08BF1846704737
:1010C00091F8213013B1CB680133F2D1CB690133F0
:1010D000EFD10C48704700BF80841E0020A107009C
:1010E00048E8010090D003000400AD0B40420F001F
:1010F0000024F40000093D0000127A000048E801D5
:101100000300AD0B0000AD0B2DE9F04F874B4D698F
:1011100090F804909D4285B006460C4600F0CE80C3
:1011200000F2BE80824B9D4200F0CB8000F2B08086
:10113000804B9D4200F0C8807F4B9D420CBF4FF01A
:1011400080654FF080457D4F94F82300242202FBF8
:101150000973997F60F3000199773379217C02FB51
:1011600003739A7F61F341029A7794F82380B8F170
:10117000000F34D16269724B9A420CBF4FF0030AE0
:101180004FF0000A237E012B94BF0023012300931C
:101190002068534642460121FFF744FFCDF8008006
:1011A0006068534642460121FFF73CFFCDF80080BE
:1011B000A27EA06853464146FFF734FF237C83F0AC
:1011C00001030093E068534642460121FFF72AFFDE
:1011D00001210091E06953464246FFF723FF33792E
:1011E000002B7AD094F82130002B76D0242303FBF7
:1011F00009734FF0FF321A62A3680293D4E900BA70
:10120000E36994F81290227E94F81980D4F80CE0E7
:1012100094F810C094F8220003933379002B7AD00D
:1012200094F8201094F8244033687CB9029CC3F8E9
:1012300008B5C3F80CA5C3F81045039CC3F86C456A
:10124000C3F814E5C3F868C5C3F86405B8F1000035
:1012500018BF0120022AC3F8C095C3F824555CD0FA
:10126000032A5DD0012A01D140F00200C3F85405E1
:10127000C3F86015337924225343FB58002B52D016
:10128000306840F3073005B0BDE8F04FFBF7CABF48
:101290002C4B9D420CBF4FF080554FF0804552E7DC
:1012A000294B9D4213D0264B9D4213D0274B9D4284
:1012B0000CBF4FF000454FF0804544E74FF000551C
:1012C00041E74FF000653EE74FF000753BE74FF018
:1012D000206538E74FF0A05535E7242202FB097955
:1012E000E368C9F82030227C99F81E3062F341038C
:1012F00089F81E30A3680293E36994F81290227E65
:1013000094F819800393D4E900BA4FF0000C4FF021
:10131000FF3E022081E7022184E740F00400A5E7B8
:1013200040F00600A2E705B0BDE8F08F80841E0003
:1013300020A1070048E8010090D00300AC0D002078
:101340000048E80140420F000024F40000127A0037
:10135000431C07B50ED0019001A8FFF753FE019B77
:1013600000EB8300054BD0F80027134043F0020345
:10137000C0F8003703B05DF804FB00BFF0F8FCFFD5
:101380002DE9F04790F80490144C242505FB09F54D
:1013900004EB050A1F469AF81C3006469046D3B95E
:1013A00061B96251CAF80470242303FB0944002385
:1013B00063770B4801232377BDE8F087FFF75AFED8
:1013C000074B9842F8D1304644F80580CAF80470BB
:1013D000FFF79AFEE8E70348EEE700BFAC0D0020F8
:1013E0000000AD0B0C00AD0B2DE9F0410446067971
:1013F00000681F4D40F30730FBF722FF242373439F
:10140000EB5853B123681B4AC3F8082306EBC60107
:10141000206805EB810103F0E2FC2421236801FB35
:101420000651D3F80805D3F80C75D3F810858B7FD7
:10143000DB0716D4FFF78CFF4046FFF789FF3846DD
:10144000FFF786FF086AFFF783FF23794BB1236814
:10145000D3F86C05D3F81415FFF77AFF0846FFF7A9
:1014600077FF242303FB065500232B77BDE8F0818B
:10147000AC0D0020520108002DE9F0430779554DCD
:1014800024237B439046EA180E46517F85B081465F
:10149000002940F09C80EB5823B118F0140F04BFD2
:1014A0000123537796E80F00242404FB075404F12A
:1014B0000C0C8CE80F00206A421C04D0A37F9B0711
:1014C0001AD503F072FC3368D9F8004023B103F059
:1014D0006043B3F1005F06D1B36883B103F06043AA
:1014E000B3F1005F0BD0242303FB075300223A48DB
:1014F0005A7705B0BDE8F08303F064FCE3E718F029
:10150000010318BF0123C4F8503518F0020318BFB7
:101510000123C4F8403596E80F00EC468CE80F0034
:10152000039BC4F84405C4F84815C4F83425C4F82E
:1015300038350023C4F81831D4F818310723C4F81B
:10154000003524237B4318F0080F05EB03021DD15F
:10155000E8580121216158B9D4F81831002BFBD08B
:1015600062464021204603F0E2FB24237B43EA1835
:10157000EB5813BB106A461C13D107EBC70705EBEA
:101580008701204603F02BFC1448B2E7EB58A3B9BF
:10159000106A411CF8D0937F9A070BD503F012FC18
:1015A000F2E7937F9B0702D503F00CFCE5E703F01D
:1015B000FCFBE2E703F0F9FBE6E718F0040F4FF05D
:1015C000400314BFC4F80833C4F80433DCE704480C
:1015D0008FE700BFAC0D00200A00AD0B0000AD0B83
:1015E0000B00AD0B02494FF0402003F00EBC00BFD2
:1015F000AC0D00200149024803F007BCD00D0020CB
:1016000000F0024008B5144BA8220021184604F04F
:10161000A9FB0322026111494261114A8161C26141
:101620004FF480620262002282624262C2620166FC
:101630000C4941661021816603460267C266426713
:10164000BFF35F8F084911F8010D98540132102A39
:10165000F9D1BFF35F8F08BD10040020A26801001C
:101660001000002000000020BB68010070B5164685
:101670001D465A1C03681344C2689A42044605D2A8
:10168000006A082103F0F4FE002070BD32783DB1FD
:10169000AB1E062B9ABF0C4AD35C00231833DAB278
:1016A000204603F0E8FE0028EED03544B54203D1D1
:1016B000A3680133A360E8E723685A1C226015F889
:1016C000012D1A70F2E700BFBC68010038B5EFF3D6
:1016D0001185202383F31288BFF36F8F064B9C681C
:1016E00003F0CDFF85F31188BFF36F8F2046BDE86F
:1016F0003840FBF71BBD00BFF40D002038B5094B87
:1017000053F82040013053F82050A54200D838BD8E
:10171000636823B1204603F0B5FF0834F5E723687A
:101720009847FAE7E864010070B52B4B2B4C2C4D21
:10173000012286B003201A70FFF7E0FFFBF7D6FA0C
:1017400003F0BCFF0420FFF7D9FF2646AE4204F1A8
:10175000300410D300F06AFD204C224EAC4226D358
:1017600000F078FDFAF736FF1F4A137B23F00103E0
:10177000137306B070BD54F80C3C059354F8103C3C
:10178000049354F8143C039354F8183C029354F80F
:101790001C3C019354F8203C009354E90A2354E97B
:1017A0000C0100F049FB54F8303C5E65CDE7D4E90C
:1017B0000A23B3F1FF3F08BFB2F1FF3F05D052EA61
:1017C0000301206803D104F02AF93034C6E731461A
:1017D000183000F005FFF8E7700E002020610100CE
:1017E000206101004D5B01005008002008B503484E
:1017F000034A0021121A03F05DFF08BD1007002004
:10180000740E002070B5002386B00122CDE90423B8
:10181000134E144D01930F22CDE9023212491423C5
:1018200003FB005506EBC01604464FF4C07000FBE6
:1018300004110E4B00954FF4A072304600F0FCFAF4
:10184000737B0B4AEE6023F0040373734FF404635D
:1018500004FB033313442C746B6006B070BD00BFEF
:10186000D0070020F40D0020001F002007580100C1
:10187000C0160020BFB50020FFF740FF2C4B83F3BC
:1018800008882C4D2C4E6B692C4F43F400736B6110
:101890000024E02385F82230EC772C766C76AC7649
:1018A00085F820406B6A43F4E0236B6285F823409F
:1018B000FBF7A6FBFBF76EFD4FF0FF33AB62EB626D
:1018C000FBF72EFEFBF78AFD1D4BB36040F20112C1
:1018D0009A81C3E91844DC6603F0BDFE0120FFF7DE
:1018E0000DFF0220174DFFF709FF00F0D3FC164B48
:1018F00075610593012315490094CDE903434FF425
:1019000080623B46CDE90144284600F095FA6A7BA7
:10191000064622F0040228466A7304F0BCF820460A
:10192000FFF770FF3A4631462846FBF711FD00BF2E
:10193000001F002000ED00E0F40D00202917010039
:101940007009002050080020C3680100802000209A
:1019500038B5064C064DAC4201D3002038BDD4E961
:101960000112204603F0ABFE1434F4E7DC0600203D
:10197000DC06002038B5064C064D0020AC4200D3F2
:1019800038BD204603F000FF0028F9DB1C34F5E7E2
:10199000C0060020DC06002073B50C46EFF3118171
:1019A000202585F31288BFF36F8FC5685DB1256070
:1019B0002B68C360836901338361002081F3118840
:1019C000BFF36F8F11E052EA030603D125606FF079
:1019D0000B00F3E7CDE900230246083000F0B6FB28
:1019E00018B9034B9B685B69236002B070BD00BFF0
:1019F000F40D002037B51146EFF31185202282F354
:101A00001288BFF36F8F04689CB12368426823F08B
:101A100003039442036008BF43600121204603F0A2
:101A20005EFF044685F31188BFF36F8F204603B035
:101A300030BD51EA0302F5D000F10802CDE90013F0
:101A40001046294600F082FB0028EFD1014B9B682D
:101A50005C69EBE7F40D002038B50446EFF311851F
:101A6000202383F31288BFF36F8F04F073F848B11B
:101A70000022826704F00FF829460848BDE8384084
:101A800000F090BBD4E902329A4218BF0133A36040
:101A900085F31188BFF36F8F38BD00BF710E002032
:101AA00013B5EFF31181202484F31288BFF36F8FF5
:101AB000846844B1013C846081F31188BFF36F8F67
:101AC000002002B010BD52EA030406D181F3118850
:101AD000BFF36F8F6FF00F00F3E7CDE900230246ED
:101AE000014800F033FBECE7710E002070B50446AE
:101AF000EFF31185202383F31288BFF36F8F6FF00C
:101B00000A06204604F026F818B1866703F0C3FFE2
:101B1000F7E7A06029460248BDE8704000F042BBEC
:101B2000710E00201FB5094A92E8030002AB83E85A
:101B300003004FF480620093054906484FF0FF33DD
:101B400000F00CF9002005B05DF804FB30610100E5
:101B5000C0240020D00800202DE9F043DFF83481B4
:101B600085B005464FF0FF364FF0FF37EFF3118990
:101B7000202383F31288BFF36F8FD5F880408CB990
:101B8000022105F1980003F0DFFE002860D1002358
:101B9000CDE90067029305F1880249463E4800F00E
:101BA00027FCE3E7D5F884202368C5F88030944209
:101BB00008BFC5F88430D5F8983043F00203C5F863
:101BC0009830E36823F0040343F00103E3606368A3
:101BD00089F31188BFF36F8F20469847EFF311897F
:101BE000202383F31288BFF36F8FE368D90623F0B5
:101BF000010237D4E260E3689A071AD5D8F80000EA
:101C000023F00203E360A0B10268002188B14368B9
:101C10009C4237D1036869BBD8F80420C8F800306B
:101C2000824201D1C8F80430002340F8083BFFF796
:101C300013FFD5F8983023F00203C5F8983089F3E4
:101C40001188BFF36F8FDB0590D400F02BFB8DE77D
:101C500005F1900400220121204603F0D4FF002862
:101C6000F8D194E723F01103E36004F11000FFF7CB
:101C7000F3FEC0E70B60D8F80430834208BFC8F811
:101C80000410D1E722B11368014610461A46BDE799
:101C90001346F9E7140E0020710E0020F8B5C36852
:101CA0009A0704460F46C3F340062CD45B071AD4A8
:101CB0000B680BB983680B60E368DD0744BFA3685A
:101CC0003B603D684CBF02260126002D3AD01F4BD9
:101CD0009B68AB420AD0D5F89830D807C3F380028E
:101CE00014D46FF0120600233B6025E003F08EFE53
:101CF000D5F898300028F0D1D907C3F3C002F0D549
:101D000052B15B0708D46FF00F06ECE7002AFAD156
:101D1000C3F3C003002BF6D100232360D5F8843031
:101D200063B9C5E92044284603F019FEE36843F08F
:101D30000403E3603B68A3603046F8BD1C60C5F84F
:101D40008440F0E76FF01506CDE700BFF40D0020EA
:101D50000146014803F044BED0080020F0B589B028
:101D600004460020C4E920000E9D04F18800C4E967
:101D7000220004F19000C4E924004DB32879002822
:101D800040F2011008BF0120C4F8980000204FF075
:101D9000FF364FF0FF37CDE90330CDE90100CDE943
:101DA00006670C4B0094204600F092F855B1296864
:101DB00011B1204603F030FE6B791BB1237B43F059
:101DC00001032373204609B0BDE8F04003F027BEAD
:101DD0000120D9E7591B010037B501900846EFF300
:101DE0001184202181F31288BFF36F8FC16811F035
:101DF0001E0F16D153EA020508D101A9FFF74EFFC5
:101E000084F31188BFF36F8F03B030BD41F0080138
:101E1000C160019981621030034900F0E1FB0120AB
:101E2000EEE70020ECE700BF6D59010001460148D4
:101E3000FFF7D2BFD00800202DE9F043073285B06C
:101E400022F007020E461F461099017300F1580355
:101E50007F32C0E916330446002322F03F020421FA
:101E6000836041733F2A0F98A073C4E90633E3737C
:101E700006F14009A2F1400805D883F31188BFF3A9
:101E80006F8F084602DFB51829462046FAF740FF53
:101E900007300E9B20F00700A066C4E91898029353
:101EA0000D9B01932D1A0C9B00932A463B4631460D
:101EB0002046FBF71BFA00236365044B9B6803B1C4
:101EC000DB6EE366284605B0BDE8F083F40D002024
:101ED000F0B587B000250595109D04950F9D0395DD
:101EE0000E9D0295DDE912760D9D01950C9D0095E4
:101EF0000446FFF7A1FFB6F1FF3F08BFB7F1FF3F70
:101F000005D056EA070305D1204600F05DF92046CA
:101F100007B0F0BD03493A46334604F1180000F01B
:101F20005FFBF4E74D5B010038B50D4D2B4653F8D0
:101F3000184F9C4200D004B9EC68AB6838B95A7BA2
:101F4000D20604D1A26912B9DA897F2A05D89C4247
:101F500002D0204600F08CFA23466B6138BD00BFEA
:101F6000F40D002008B590F90D20437B002A0146AE
:101F700004DA03F07F03437303F053FD044B9868C6
:101F8000431A58425841BDE80840FFF7CDBF00BF93
:101F9000F40D002070B490F90D30427B002B29DB4A
:101FA000D30627D183692BBB134962F07F024273AA
:101FB0000A4652F8184F944218BF2346CC6923B9F9
:101FC000C0E900242060C8610CE090F90E5093F93C
:101FD0000E60B5420AD0AE4208DD5A68C0E9003250
:101FE0001060586070BC0020FFF79EBF9C42E7D095
:101FF0001B68E4E770BC7047F40D00202DE9F04148
:10200000002A427B0E460CBF1021082111420446D3
:102010000FD141EA0203D20918D1437308291BD01A
:102020000120FFF781FFBFF35F8F637B23F0600325
:102030006373274B9B68A34243D1EFF30583002BC7
:102040003FD13046BDE8F041FBF786B803F07F038F
:10205000437303F0E6FCE1E7A36813B1204603F005
:10206000E8FC04F1180003F0F0FDA56D04F1580739
:10207000AF4211D04FF0000875B1284603F0D9FCEB
:1020800005F1180003F0E1FDC5F878802846FFF758
:1020900081FFA56DAF42EFD10D4DAB689C42BFD122
:1020A000EFF30583002BBBD00120FFF73DFF094B69
:1020B000AB6040F201129A810022C3E91822DA666D
:1020C000B1E786F31188BFF36F8FBDE8F08100BFE1
:1020D000F40D00207009002070B590F90D20437BAD
:1020E000002A014604DA03F07F03437303F099FCEE
:1020F0004B7B154A63F07F0310464B7350F8183F33
:10210000D469834208BF002323B9C1E900042160D8
:10211000D1610CE091F90E5093F90E60B5420ED0EA
:10212000AE420CDD5868C1E900300160596090682A
:10213000431A5842BDE870405841FFF7F5BE9C4233
:10214000E3D01B68E0E700BFF40D0020F8B5124BA8
:102150000C461146114A98681060DDE90676EFF3E7
:102160001182202282F31288BFF36F8F9D68284668
:1021700003F069FCB6F1FF3F08BFB7F1FF3F06D09F
:1021800007493A46334605F1180000F029FA20467F
:10219000BDE8F840FAF7E0BFF40D00201C0E002067
:1021A0004D5B010049B9EFF3058030B9054B5A6921
:1021B0009B689A4201D0FAF7CFBF81F31188BFF331
:1021C0006F8F7047F40D002010B5EFF311842022BB
:1021D00082F31288BFF36F8F427B510704D484F3DC
:1021E0001188BFF36F8F10BD22F004024273FFF716
:1021F000D1FE21460248BDE81040FFF7D3BF00BF23
:10220000710E0020034648B9EFF3058232B9064A41
:1022100051699268914201D0FAF79EBF83F3118809
:10222000BFF36F8F704700BFF40D0020EFF31181F3
:10223000202383F31288BFF36F8F054B9A68D37BFB
:10224000013BD37381F31188BFF36F8F704700BFD9
:10225000F40D002038B5EFF31185202484F31288A3
:10226000BFF36F8F0A4B9A68D37B0133D37300207F
:10227000FFF75AFE85F31188BFF36F8FEFF31180DC
:1022800084F31288BFF36F8FBDE83840FFF7BABF01
:10229000F40D0020024B03F11802C3E90622704737
:1022A000F40D0020F8B5EFF31185202383F3128895
:1022B000BFF36F8F19498868437B03F07F03437333
:1022C00003F0AFFB8B685A7B084662F07F025A73BB
:1022D00050F8182FCC69824208BF002222B9C3E906
:1022E00000042360CB610CE093F90E6092F90E704C
:1022F000BE420ED0B7420CDD5168C3E900210B602D
:1023000053600120FFF710FE2846BDE8F840FAF7B9
:1023100023BFA242E3D01268E0E700BFF40D002023
:1023200050EA01032DE9F04105460E4603D1FFF7BF
:10233000B9FF00202BE0831C71F1FF3329DB03F090
:1023400099FC2C18EFF31188202383F31288BFF334
:102350006F8F124F124BB8681860FFF703FEB86812
:1023600010492A463346183000F03AF9BA68537BD0
:1023700043F0100353734046FAF7EEFE03F07AFC85
:10238000201A63EB0303012873F10003D1DBBDE8DE
:10239000F0816FF00104241AD4E700BFF40D00208F
:1023A0001C0E00204D5B0100B1F1FF3F08BFB0F1F2
:1023B000FF3F08B506D10A4B986803F07BFB4FF04E
:1023C000FF3008BDFFF7ACFF4FF47A7147F6FF739B
:1023D0000022C0FB0132D80B40EA4240F1E700BFC7
:1023E000F40D0020014B9868704700BFF40D0020E9
:1023F000D3B5DDE90667089CCDE90067FFF7A6FEC7
:102400001CB1034B9B685B69236002B0D0BD00BF69
:10241000F40D0020044BC01A044BC0105843044B69
:1024200001221A54704700BFF0090020ABAAAAAAE3
:10243000710E0020C3897F2B12D80A4B1B6863B131
:10244000094B90F90E201B689A4209DB437BDB069F
:1024500006D1064BC31A18BF012303F001007047D1
:102460000023FAE7240E0020200E0020D0070020D1
:1024700070B50E4B0E4C1E7C06EB460304EBC304FA
:102480000546204603F0E1FB0A4B002228469A55F8
:10249000FFF7D0FF48B1084B08491A68013A2046B7
:1024A000D317BDE8704000F09BB870BDF40D00205C
:1024B000F0090020710E0020240E002015240100D8
:1024C00038B5EFF31185202383F31288BFF36F8FA4
:1024D000104B114A9C681068A04206D1FFF7C8FF54
:1024E00085F31188BFF36F8F38BD00211B7C11600D
:1024F0000A4AD35C002BF3D02046FFF79BFF00284D
:10250000EED0637BDB0602D12046FFF7E5FD2046D7
:10251000E4E700BFF40D00201C0E0020710E002027
:1025200008B50648064A0749121A03F0C5F8BDE87F
:102530000840054A0549064803F0BEB8C00400201B
:1025400010070020E868010000000000E0680100BA
:10255000C0040020034B1B680BB9FDF797BE002099
:10256000704700BF280E002030B570B10B4B5B6880
:1025700098420AD0036843B1D3E90421D0E9044565
:10258000121941EB0501C3E90421D0E900321360BF
:102590005A600023C0E9003330BD00BFA806002008
:1025A00010B50E4B1C689C4204D1FFF7D3FF6FF0AF
:1025B000004010BDFFF7CEFF002CF8D0D4E9043264
:1025C0001B1A62EBE072B3F1004F72F10001EEDA18
:1025D000002AACBF18460020EBE700BFA806002089
:1025E000B3F1FF3F08BFB2F1FF3FF8B504461D4607
:1025F00016465ED08160EFF31187202383F31288A3
:10260000BFF36F8F013275F1FF3324DA2E49D1E920
:1026100000206FF001039B1A4FF0FF3262EB0000C5
:102620009E1B60EB0500012E70F1000301DA01260C
:102630000020C4E90460254ED6F800C07568B44592
:1026400008BF4FF0000CBCF1000F0DD1C4E90065CC
:102650002C6074601CE0FFF77DFF013645F100053A
:10266000361845EBE070E4E7DCE90420D4E90431F6
:10267000934271EB000E1DDAD21ADCF8043060EBE5
:102680000100CCE90420C4E900C31C60CCF804407C
:102690003368B34209D09C4207D10D4B1C6824B962
:1026A000FFF77EFF2146FDF7C3FD87F31188BFF3D7
:1026B0006F8FF8BD9B1A61EB0001AC45C4E9043192
:1026C000C4D0DCF800C0BEE7080A0020A80600203D
:1026D000280E00202DE9F84FEFF3118C202383F30F
:1026E0001288BFF36F8FDFF8B0A0DFF8B0902C4FE7
:1026F000C9F80000DAF800000024504508BF0020A7
:102700000025D7E90021D9F80030E04678B3D0E9B8
:10271000046C4FEAE37EB3427EEB0C0B05DAF61A4B
:102720006CEB0E04C0E9046421E0B21841EBE671E1
:10273000C0E90445C7E90021FFF716FF88F31188B7
:10274000BFF36F8F83689847EFF31188202383F3DB
:102750001288BFF36F8FD9F80030DAF800009B1BA6
:102760005045C446C9F80030CBD1D7E900219A18AA
:1027700041EBE3730024C7E90023C9F80040FFF7E9
:102780000FFF2146FDF754FD88F31188BFF36F8FCB
:10279000BDE8F84FFFF794BEA8060020280E0020E1
:1027A000080A002010B5EFF31184202383F3128868
:1027B000BFF36F8FFFF7CEFE054A0346D2E9000153
:1027C000181841EBE37184F31188BFF36F8F10BDCC
:1027D000080A002073B506460D4603F017F978B9CC
:1027E0000B4B9B68DC6E7CB12A1D09D200200021B6
:1027F000CDE9000146F00401204602F068FF08B967
:10280000002401E00460041D204602B070BD00BF3A
:10281000F40D00200CB430B589B005460C461C22DE
:10282000002101A803F09EFA02238DF806300E4B1A
:102830000293059523462CB1B4F1004F28BF4FF009
:102840000043013B1D440DAA0C99069501A8009276
:1028500000F00CF814B1059B00221A7009B0BDE815
:10286000304002B0704700BF435E01002DE9F04FD9
:102870008DB043680293837815469A07804640F1ED
:102880000D8100240E78002E00F00A81252E0BD039
:102890004B1C03930134029B414630469847002865
:1028A000C0F2F6800399EDE74E788B1C252E03933A
:1028B000F0D00027B946BB46BBF11F0F38D8A6F1B0
:1028C0002003102B0AD8DFE803F02A090930090990
:1028D000092109090928092D09091F00A6F130035A
:1028E000092B33D92A2E37D11BF0400F55F8043B62
:1028F00040F08280002BA7BF4BF0200B9946C3F11C
:1029000000094BF0280B01E04BF0010B039B13F87F
:10291000016B0393002ECFD130E04BF0020B4BF054
:10292000040BF3E74BF0080BF0E74BF0100BEDE76F
:10293000BBF17F0F19D8A6F13003092BD2D81BF0B9
:10294000400F03D00A2101FB0737DFE70A2101FB13
:1029500009394BF0200BD9E72E2E06D11BF0400F82
:1029600040F09E804BF0400BD0E76C2E31D02BD83E
:10297000682E36D06A2E3CD04C2E3AD0002F46F02E
:102980002003B8BF2BF04002A3F16501BCBF1FFAC2
:1029900082FB0027022901D9612B2FD1073525F0B1
:1029A0000705DFF8ACA2083507271BF0080F66D033
:1029B0000AEB070B56465E4563D1A4EB0A0A06EB09
:1029C0000A02A9EB07096FE1742E9FD07A2E9DD0E1
:1029D000D4E71BF0800F18BF4BF4007B4BF0800B4B
:1029E00094E71BF4807F18BF4BF4007B4BF4807B93
:1029F0008CE74BF4207B89E71F4687E7A6F163014C
:102A0000122900F2F080DFE811F013004F00EE0011
:102A1000EE00EE00EE004F00EE00EE00EE00EE00E5
:102A2000EE00FE00E900EE00EE001B00EE00AF003D
:102A300055F8043B8DF8183001270DF1180AB4E75A
:102A400055F804AB834BBAF1000F08BF9A461BF050
:102A5000400F14BF39464FF0FF31504602F0C3FA21
:102A60000746A2E7029B41462020984700280FDB3B
:102A7000013EB742F6D34C44A41BB14698E74E46FC
:102A8000F7E716F8010B029B41469847002892DAB7
:102A900098F8023043F0040388F802304FF0FF3416
:102AA00020460DB0BDE8F08F1BF0800F34D01BF432
:102AB000007F2CD0073525F00705AA4669685AF82B
:102AC000080B2BF010050029ADB237DA404261EB5C
:102AD000410145F480650DF1180B0A235A4603F0B5
:102AE00059F9A0EB0B0301936B0662D5019B25F00E
:102AF00001019F4289B240F3A180002E00F099802D
:102B000015F0100240F09C80BB460D4623E0AA461B
:102B10005AF8040BC117D4E7AA461BF4807F5AF871
:102B2000041B01D10846F5E71BF4007F15BF48B22E
:102B300008B241F3C01141F3C031C2E750EA0103CA
:102B4000C9D11BF0400FC6D0002FC4D12BF0110209
:102B500095B2BB46019740F2064115EA01021CBF3F
:102B60000BF1010B00222CE02BF010021FFA82FB6C
:102B70000A231BF0800C49D01BF400711DBF0735E0
:102B800025F00705AA46AA461ABF5AF8080B696835
:102B90005AF8040B50EA010545D12BF016051BF03D
:102BA000400FADB242D0002F40D12BF0170295B2AA
:102BB000019715F0100248D0019B002E42D103F17D
:102BC000010B29075AD4EB0706D5D9456FDD0199CA
:102BD000A9EB0B035F18CB465B4649E04BF0100BAB
:102BE00010237826C5E7782B04D1C6F1780343F08B
:102BF0001003BEE7029B4146252098470028FFF6B8
:102C000047AF023447E608230026B2E7AA461BF482
:102C100080715AF8040BBDD01BF400711ABFC0B20A
:102C2000614680B2B6E72BF0060295B20DF1180BA3
:102C300054E725F01105ADB2BB468CE70D46B8E769
:102C40003B460D4603F1020BBBE7DDF804B082E71B
:102C5000D8680100D1680100CDE904324146029BE9
:102C6000202098470028FFF613AF049B059A0133F4
:102C70009945F1DCA4EB0B01CC189B460AB3029BEF
:102C80004146302098470028FFF602AF8EB9013444
:102C90002744019B391B994224DC1D465DBB019AE8
:102CA000A9EB0B09224455461446914435E0019F97
:102CB00092E7023441463046029B98470028E7DA03
:102CC000E6E640F206410D42E2D015F0020F14BFD5
:102CD0002B20202015F4806F04F10104414618BF19
:102CE0002D20E9E7029B414630209847002804F157
:102CF0000104CEDACCE606AB013D4146585D029BAD
:102D000098470028CADAC3E6029B4146202098472C
:102D1000002804F10104FFF6BBAEA9EB0403002B6D
:102D2000F2DCBFE57047F0B4034600681979DB8830
:102D3000066987683468DA0754BF43F4B01383F434
:102D4000D01301258D4023F48012DB074CBF2C43A8
:102D5000AC4334603B68F0BC184703460A46006841
:102D60001979012303FA01F103691B68194218BF9D
:102D700082F0010212B18368DB68184783681B691F
:102D8000FBE7014640F2E73008B54FF47A720023C2
:102D900000EBC1304914F9F7B3FABDE80840FFF77A
:102DA00003BB0A448A4200D1704711F8013B40BA84
:102DB00080B25840C0F303134340180380B243402D
:102DC000580100F4FF505840ECE7836800EBC10164
:102DD000B3F5004F2CBF51F8220031F812007047B4
:102DE00000EBC1018068B0F5004F2CBF41F82230E4
:102DF00021F81230704708B50122FFF7E6FFD040F6
:102E000008BD8368B3F5004F00EBC10108D34B68E0
:102E10001AB143F001034B60704723F00103FAE756
:102E20004B881AB143F001034B80704723F0010334
:102E3000FAE753000122FFF7D3BF8368B3F5004FD1
:102E400034BF04230823C91A081AC0087047B0F514
:102E5000004F34BF04230823481C0833A0EBD300E1
:102E6000B0FA80F0C0F11F0070472DE9F04117461D
:102E700003220E460446FFF7A8FF8642054607F1E7
:102E800004080AD1E3680122BA4023EA0203E3609E
:102E9000002344F82830BDE8F08131460222204664
:102EA000FFF793FF2B460646014644F8285020467C
:102EB0000322FFF795FF3346294620460222BDE84C
:102EC000F041FFF78DBF70B50D4686680446FFF7E9
:102ED00092FFB6F5004F014601D3012809D03046D4
:102EE000FFF7B5FF294602462046BDE87040FFF7D0
:102EF000BCBF70BD2DE9F04705468068FFF7A7FF0E
:102F000005EB800A8846DAF810900646B9F1000F02
:102F10001BD00327DAF8104028462146FFF76BFF45
:102F2000404507D3324621462846FFF79EFF2046FC
:102F3000BDE8F087032221462846FFF746FF013F00
:102F4000CAF8100001D08145E4D1EB6801364FF09A
:102F5000FF34B4401C40EAD094FAA4F2B2FA82F2F0
:102F6000131D55F82340DEE72DE9F04114460546D0
:102F70000E46FFF740FFA4EB0608371B0744424606
:102F800031462846FFF755FF3A4621462846FFF7C7
:102F900050FF4346002221462846FFF721FF2146E5
:102FA0002846FFF728FF3B46211800222846BDE8A7
:102FB000F041FFF715BF2DE9F041164604460F46D4
:102FC000FFF719FF314605462046FFF714FF054479
:102FD0002A4639462046FFF72CFF31462046FFF7A8
:102FE0000AFF2B46311800222046BDE8F041FFF7CA
:102FF000F7BE2DE9F0410D4686680446FFF7FBFE5B
:10300000B6F5004F014601D3012832D03046FFF714
:103010001EFF04EB80010E6996B9E368012282402D
:103020001343E36002220D612B4629462046FFF739
:10303000D7FE032229462046BDE8F041FFF7D0BE67
:10304000022231462046FFF7C0FE294603460746C6
:103050002046FFF7C5FE0322334629462046FFF7E8
:10306000BFFE39462B462046FFF7BAFE0222314604
:10307000E1E7BDE8F081F8B50C460546FFF7BBFE79
:103080002618012231462846FFF79FFEC3070CD4BD
:1030900031462846FFF717FF21462846FFF7ABFECB
:1030A000214622182846FFF786FF0022214628469F
:1030B000FFF78BFE271A012239462846FFF785FEC7
:1030C00010EA020613D139462846FFF7FCFE2146D6
:1030D00032462846FFF779FE2246211A2846FFF796
:1030E0006AFF214632462846FFF76FFE241A214622
:1030F0002846BDE8F840FFF77CBF38B571B10568D8
:103100002846FFF79AFE0022044601462846FFF7AC
:1031100078FE2146BDE83840FFF7ADBF38BD70B539
:10312000066809B9002070BDB368B3EBD10FF9D9B7
:10313000B3F5004F34BF04230823CC1D1C44E4081E
:1031400021463046FFF7D6FE05460028EAD0014664
:103150003046FFF750FEA04209D92C44294630469C
:103160002246FFF701FF21463046FFF742FF304677
:1031700001222946FFF745FEB368B3F5004F34BF7F
:103180000423082303EBC5031844CCE72DE9F843D7
:1031900006681446B26801F1FF39B2F5004F34BF3A
:1031A0000423082319EA01090F460BD0494239408C
:1031B0008B424F4628BF0B46894654B90025284606
:1031C000BDE8F8839942F8D82146BDE8F843FFF7F7
:1031D000A6BFB2EBD40FF1D9E11DB2F5004F3944CF
:1031E00034BF04220822C91A1144C9083046FFF727
:1031F00081FE80460028E1D0B368B3F5004F34BFAC
:103200000423082309EBC0051D4435447B1E1D44DF
:10321000B5FBF7F57D43A5EB090529463046FFF7D9
:103220000CFE2C44073424F00704A41B80450746F9
:103230004FEAE40408D2024641463046FFF794FEC6
:1032400041463046FFF7D5FE39463046FFF7D3FDFD
:103250003844844208D2394630462246FFF784FE7D
:1032600021463046FFF7C5FE012239463046FFF7BA
:10327000C8FDA4E7B2F5802F2CBF08230423D21A7F
:103280002DE9F0418C18CD1D25F0070524F0070429
:10329000641B0026E40805602146AC60EE60204611
:1032A000FFF7D5FD421D9200013002F107074FEAFA
:1032B000D707A2F110023146B8BF324605F110001F
:1032C00002F050FD3A4631462846FFF7B2FD33463C
:1032D000324631462846FFF783FDA4EB070828460F
:1032E00031460122FFF78DFD42463946FFF7A1FD29
:1032F0003B46324639462846FFF772FD21462846AE
:10330000FFF797FD4346324621462846FFF768FD02
:10331000214628460122FFF774FD3946BDE8F041F9
:10332000FFF767BE002070470FB407B504A951F836
:10333000040B0191F9F7EAF903B05DF804EB04B06E
:103340007047038B13F0070305D10368002B0CBFF4
:10335000002003207047022B05D1408BB0FA80F08B
:10336000400980007047012B05D10368002B0CBF7A
:103370000020052070470020704710B50C4600B1B2
:1033800011B96FF0150010BD081D00F093F800286A
:10339000F9D1A368032BF6D9F3E72DE9F0410D46E7
:1033A00007461946281D90461E4600F094F804462C
:1033B00038B13346424629463846A446BDE8F04176
:1033C0006047BDE8F08110B4EFF31182202484F34C
:1033D0001288BFF36F8F416110BC0121F9F7FEBA6B
:1033E00038B50C46054658B151B10B6843B14B682E
:1033F00033B11C22002102F0B5FC2C61002038BD45
:103400006FF01500FBE770B505460E46FFF7B5FFF8
:10341000041E14DBEFF31182202383F31288BFF321
:103420006F8F6B8B2C8B4FF6FF718B4204F0070470
:1034300007D182F31188BFF36F8F6FF00A04204623
:1034400070BD022C0CD101336B8382F31188BFF362
:103450006F8F0023224631462846FFF79EFFEEE796
:10346000062C14D8DFE804F004131313041A040024
:10347000002333606B683BB9C5E90066ACB9022133
:103480002846F9F7ABFADAE71E606E60F6E782F3DA
:103490001188BFF36F8F6FF00404D0E782F31188B7
:1034A000BFF36F8F6FF08504C9E782F31188BFF314
:1034B0006F8FC4E7034658B1426802F00302012A45
:1034C00003D0032A04D1026812B10020986070472B
:1034D0006FF0150070474268816002F00302032A12
:1034E0004FF0000203460CBF006810465A60704758
:1034F00070477047002930B4044618460BDBA568B6
:103500000844A84207D8E0686468214484682468B5
:10351000A44630BC60476FF0150030BC70470029EE
:1035200030B4044618460BDBA5680844A84207D807
:10353000E0686468214484686468A44630BC6047DD
:103540006FF0150030BC70470029034610B41046D8
:103550000BDB9C680844A04207D8D8685B68194414
:1035600083689B682BB110BC18476FF0150010BC26
:1035700070476FF05700FAE70029034610B4104671
:1035800009DB9C680844A04205D8D8685B681944E8
:1035900010BC00F0D6B86FF0150010BC704708B52D
:1035A000C0688368DB689847006808BDC0687047DA
:1035B00008B5C0688368DB689847407908BD4368F0
:1035C0000A689A4297BF4A6800239B18012088BF67
:1035D00018464B607047F8B5836804460BB3026A1F
:1035E000B3FBF2F502FB1535D0E904763DB1006876
:1035F00094F82410551B2A46184402F0B3FBA36824
:10360000E06822683E442B4481684D683146A847F3
:1036100040B9E3695BB92369A268134423610023BD
:10362000A3600020F8BD135CDB4313540130A36892
:1036300022688342F7D8E06881680D683146A84760
:103640000028EFD1E369A168206832469847002836
:10365000E1D0E7E72DE9F04789461646984604464B
:1036600098B382680369134482693344934230D823
:103670000025D4E90170A6EB050A3F1ABA4515D218
:10368000B54209D223685246184409EB050102F0FD
:1036900041FBA3685344A360B8F1000F1CD0A0689D
:1036A000A8B12046BDE8F047FFF795BF23683A462A
:1036B000184409EB050102F02DFB6368A360204666
:1036C000FFF789FF18B93D44D3E76FF00D00BDE85F
:1036D000F0876FF00B00FAE74046F8E770B5044654
:1036E00000F501701E46FFF7B5FF054636B1D4F868
:1036F0000002FFF7FEFE0023C4F80032284670BD2A
:1037000030B5054685B0084605F50071F9F77AFA37
:10371000044698B9D5F80002FFF748FFD5F8003203
:1037200002949A6801925B68009301464FF400731B
:103730002A4605F50170F9F78DFA0446204605B0D2
:1037400030BD2DE9F0418768FB6804460D461646FA
:103750009847BB682BB1324629462046BDE8F04168
:1037600018476FF05700BDE8F081012801D1EFF351
:103770000583FDF7ABBF01460068FFF7F6BF08B54C
:10378000F9F7C2FABDE80840F9F7E2BA00210120D2
:10379000FFF7EBBF61B662B680F31188BFF36F8F9E
:1037A000704772B6002383F31188BFF36F8FBFF3A6
:1037B0004F8F30BF62B6BFF36F8F704772B6002372
:1037C00083F31188BFF36F8FBFF34F8F20BF80F358
:1037D0001188BFF36F8F62B67047202809D9B0F106
:1037E000004F08D80138B0FA80F0C0F11F00400047
:1037F0007047082070473E20704708B5F9F744FF2E
:10380000002008BD7047002303824369C3607047EE
:10381000C1698968F9F79EBF8288521A034682807F
:10382000006808441860704710B503681C8864BAC3
:10383000A4B20221FFF7F0FF204610BD8388C288A2
:103840008168D21A03685B1AD01A704703898B42C9
:103850000AD9436803EBC10053F831302BB94368F0
:10386000002B08BF0020704700207047F0B5037898
:1038700085888779C679CE71002013F0070F08601C
:10388000C3F3C10308788F7114BF03240124012BF3
:1038900028BF012344EAC30320F01F006DBA03438D
:1038A00052BA0B704A808D80F0BD37B505460C4684
:1038B0000846FFF7A8FF45F8044B0823204623825B
:1038C00050F80C4F1C44FFF7B9FF0022034600924A
:1038D00002212246284601F0B0FE03B030BD2DE99A
:1038E000F04F85B005460E4690461F4601F0B2FCEB
:1038F00020B96FF04C0005B0BDE8F08F00234FF009
:1039000014093B6009FB086934464FF0010A02A91B
:10391000284601F09CFCDDE90232009368BB284692
:1039200001F0C1FC0028E4D00020E4E7A14598BFE5
:10393000344661688A4214D121680098019202F0ED
:1039400019FA019A68B9237CD3B9D4E9023128461F
:103950009847C0B184F810A03B68013314343B6031
:10396000D5E714340BF1010BD845DFD100212846EF
:1039700001F0F0FC0028CAD1D1E74FF0000BF3E7CB
:103980006FF06F00B7E76FF02200B4E72DE9F04168
:1039900090B00646FFF70CFE4FF00133D6F80880D2
:1039A00003FB00F70025454503DB012010B0BDE80F
:1039B000F081A8EB0504402CA8BF402423466A46AA
:1039C00029463046FFF796FD00280CDBA4106A4616
:1039D0000023A34201D14035E5E752F8041BB94268
:1039E00003D10133F5E70B20E0E70020DEE720B14B
:1039F00001280CBF0120FF20704703207047027888
:103A00000B789A420FD30CD842784B789A420AD35B
:103A100007D842884B889A4205D38CBF01200020EA
:103A20007047012070474FF0FF30704713B5FFF724
:103A3000DEFF00281CDB01A9C0B2F9F7E3F800287B
:103A400018DB0198FFF7A2FF044638B90198214618
:103A50008268FFF791FD48B9002401E00128FBD0FE
:103A60000198FFF746FD204602B010BD0D24F7E790
:103A70000E24F8E70A24F6E773B5FFF7B8FF00282D
:103A80000C4615461E4614DB01A9C0B2F9F7BAF878
:103A900088B9214633462A460198FFF72BFD044694
:103AA0000198FFF726FD002C18BF0B24204602B01A
:103AB00070BD0E24FAE70A24F8E737B5FFF797FF41
:103AC00000280D460FDB01A9C0B2F9F79BF80446A8
:103AD00058B90198FFF76CFD28700198FFF709FDB0
:103AE000204603B030BD0E24FAE70A24F8E770B58B
:103AF00006460C4600F03EF80546304600F029F92F
:103B00000346013B85F00100032B0CD8DFE803F0EE
:103B100008060902022304B1237070BD0123FAE7ED
:103B200028460023F7E74FF0FF30F6E773B546105D
:103B30000546304600F01EF8002304460DF107014B
:103B400030468DF80730FFF7D2FFA84204D19DF828
:103B50000730013B012B09D9A04202D09DF8073064
:103B600023B1631B5842584102B070BD0120FBE7EE
:103B700070477047002070470020704770B50546B9
:103B800088B00E46002400236A4631462046FAF7E4
:103B9000C7FB28B920222946684602F0EBF810B18D
:103BA00024B14FF0FF34204608B070BD0124EAE78D
:103BB000002301461A461846FAF7B2BB022805D080
:103BC000033801288CBF012005207047032070476F
:103BD00008B50020F8F7CCFD70B5BCB0044600F184
:103BE000100517AE002200232846FDF703FF01460B
:103BF00008B93CB070BD03AB6846CDE900460293FE
:103C0000F9F7B4FEEEE7F9F737BE70B505460E4694
:103C1000FAF7A6FD044618B1B36A1BB129469847C6
:103C2000204670BDEA7A05F11801183002F072F8EA
:103C3000F6E710B5044640B1CB6A0BB1183098478F
:103C40002046BDE81040F9F717BE10BD4FF4807054
:103C5000704738B50446018AC068FBF7DFF80546AF
:103C60002046FFF7D0FF284638BD10B5044600684F
:103C700018B1FFF7C8FF0023236010BD10B586B050
:103C800003461446009103AA052104A8F8F786FD0F
:103C9000042104A8A04706B010BD2DE9FF41036828
:103CA00004460E4615462BB1012D09D8002004B05C
:103CB000BDE8F081FAF754FD20600028F4D1F5E763
:103CC000378841F204439F423BD040F606139F429F
:103CD000ECD12068FFF797FD2068028A50F80C3F6E
:103CE00003EB0208FFF7AAFD023D01460095B31C55
:103CF00003AA4046F8F7D2FD38BB2268039B118A1D
:103D00000B44138240F606139F4207D12068038AB2
:103D1000012B1AD90C30FFF787FDA0802368A188FA
:103D20001A8A8A42C2D310D8D9680020FFF739F81E
:103D3000034650B921680A8A023A0A822068236041
:103D4000B5E723681B8A002BC6D12046FFF78DFFFD
:103D5000ACE7FCF735BB203870470369C9B20C22C9
:103D600001FB0233186C00F00700704770B5C9B250
:103D70000369EFF31185202484F31288BFF36F8F5A
:103D80000C2606FB0134246C14F0C00408D0A242B7
:103D900006D085F31188BFF36F8F4FF0FF3070BDF1
:103DA00006FB013301221A6485F31188BFF36F8F7C
:103DB000436803EBC1035B6898470020EFE780226C
:103DC000FFF7D4BFF8B5069F0469C9B2EFF31186B7
:103DD000202585F31288BFF36F8F0C2505FB014466
:103DE000256C05F0070CBCF1010F0CD1276486F39C
:103DF0001188BFF36F8FC4E90E23436853F8313045
:103E000098470020F8BD05F0C005AF4286F3118841
:103E1000BFF36F8F0CBF6FF077004FF0FF30F1E70B
:103E200013B580240094FFF7CDFF02B010BD10B48D
:103E30000069CBB21C2403FB0400002110BC104716
:103E40000020FCF729BC002000F0B8BE1046FDF7AA
:103E500003BE036920330B60012313607047FDF735
:103E6000FBBD4FF0FF324FF0FF33FDF719BEF0B549
:103E70008BB044680769119DCDF818D000200090E0
:103E80008DF804000120079010988DF80010CDE9FE
:103E90000805D00702F080060BD512F0040F1BBAFC
:103EA00003D13A7C0493D10718D5CDF8013005230E
:103EB0000793002D06AB0CBF01220222CDE903239C
:103EC000029321460223059351F8040B86B18368BF
:103ED0001C68002302AAA0470BB0F0BDBDF811304A
:103EE000ADF801309DF813308DF803300423DFE77F
:103EF00083681C6804ABEDE773B500230D1E4668AC
:103F000018BF0421CDE9003308BF062180220446F2
:103F1000FFF7ADFF737EDB0609D540B93DB9CDE9AA
:103F200000000346802298212046FFF7A0FF02B040
:103F300070BD1FB5012301930DF10F030093002302
:103F40001A460521FFF793FF08B99DF80F0005B049
:103F50005DF804FB2DE9FF41064615461C46012786
:103F60000DF10F080023CDE900871A4605213046E0
:103F7000FFF77DFF40B99DF80F30DB0704D52846D9
:103F80002146FEF711FAEDE704B0BDE8F0812DE916
:103F9000F347054600690F1ED0F81C9016467DDBDE
:103FA000BB184B457AD847EA0204C4F30B04002C33
:103FB00074D1FFF756FF21462846FFF79DFF4FF0CB
:103FC000FF3A0446002E46D101212846FFF794FF10
:103FD000002C08BF04462869FFF741FF204602B0C5
:103FE000BDE8F0872869A04600F1110319305A781E
:103FF00082B10AFA02F137EA01010BD101219140A5
:10400000B14207D8B8F1000F1CD098F801109142C6
:1040100038BF984602339842E9D1B8F1000F13D067
:10402000002398F800108122CDE9003328463B4652
:10403000FFF71DFF98F801200123934004461F4419
:10404000F61A21E09846E5E76FF0150401212846AD
:10405000FFF752FFBFE7002CF8D1CDE9004423461B
:10406000802206212846FFF702FF04460028EDD1F2
:104070004E45B7D1CDE9000003468022C72128462E
:10408000FFF7F5FE00260446002CDFD140F2676200
:1040900000232846FFF75EFF044693E76FF0150400
:1040A0009CE72DE9F74F054600690E1E1F46B0F844
:1040B0001A80C36991464EDBF2199A424BD8FFF73A
:1040C000D0FE00212846FFF717FF0446C0BB8246FA
:1040D0002FB901212846FFF70FFF044634E0B84509
:1040E000C34628BFBB4606EB0B0396FBF8F2013B29
:1040F000B3FBF8F393421CBF08FB1262A8EB020B60
:10410000CDE900AA0023802206212846FFF7AFFE52
:104110000446A8B9CDE9009B3346812202212846F6
:10412000FFF7A5FE044658B9012200232846FFF7F1
:1041300011FFA7EB0B07D9445E4404460028C7D003
:1041400001212846FFF7D8FE2869FFF788FE2046A0
:1041500003B0BDE8F08F6FF01504F8E7F7B505463A
:1041600000690C1E1E461746C36913DBA2199A424A
:1041700010D8FFF776FE2346CDE900760122032111
:104180002846FFF774FE04462869FFF768FE2046BC
:1041900003B0F0BD6FF01504F9E738B505460C46DD
:1041A00000F0A2FD002D07DBA84205D9401B844288
:1041B0008CBF0020012038BD0020FCE770B50D4603
:1041C0002846194616461C46FFF7E7FF38B124B1CA
:1041D00022462946304601F09DFD002070BD6FF05B
:1041E0001500FBE7F7B51C461646002382682360DE
:1041F000A36013690D4601AA69469847019B5A1EA0
:1042000001921BB96FF0150003B0F0BD0098A268D1
:1042100047682168676085B9B31AD0F800C0634564
:1042200028BF63461A4403FB07112160A26002689D
:104230009A4206D808300090E0E76B1AB3FBF7F318
:10424000EBE70020E0E713460022FFF7CBBF2DE9A4
:10425000F047836886B01B698846914601A902AA87
:1042600098470024A2462546029BAB4202D806B0DE
:10427000BDE8F087019F07EBC50700267B68049324
:104280003A68B2420AEB060302D801359A46EBE7D8
:1042900003940593494603A8C0470028E7D0049B30
:1042A00001361C44ECE74B1E5B0800EB8300C9079A
:1042B000C36958BF1B0CC3F3072113F0FF031DBFD5
:1042C0000020117053706FF01500704743685B68F1
:1042D000D3F810350B600020704743685B6802EA32
:1042E000010021EA0201C3F80805C3F80C150020FB
:1042F000704743685B680020C3F80815704743683F
:104300005B680020C3F80C15704743685A68D2F800
:10431000043521EA03000B40C2F80805C2F80C3549
:104320000020704710B503695868F8B1884219D168
:104330009C6808685860A14200D19860002008601D
:104340002AB15A680A609A68596002B999600020D7
:1043500010E0814206D10868206098688142EDD162
:104360009C60EBE7044600680028F2D1002AE8D1FF
:104370006FF0150010BD30B543681360057A4468CE
:1043800004EBC504A34202D36FF0010030BD5C7999
:104390008C4201D00833F0E70020F7E743681B6840
:1043A000D3F88004C3F88004704742681368D3F8D8
:1043B000100150B1126A002012780A70C3F810017F
:1043C000D3F8102101221A6070474FF0FF30704778
:1043D000002A0FDD42681368D3F8100158B100209D
:1043E000C3F81001126AD3F8100112780A70012084
:1043F000186070470020704710B54368196803695A
:10440000EFF31182202080F31288BFF36F8F1868BA
:10441000002484731B680120D8734FF48003C1F813
:10442000043382F31188BFF36F8F10BD03691A68DC
:10443000012191731B680022DA73704702691168C9
:104440000346C87B40B15B681B68D3F8580118B1BC
:1044500000230B6113689889704743681B68D3F881
:104460001001003818BF0120704743681B681022F4
:10447000C3F80423704743681B681022C3F808235D
:10448000704743681B684FF40072C3F804237047F9
:1044900043681B684FF40072C3F80823704738B5AF
:1044A00043681D68D5F804335B02044605D4D5F88B
:1044B000040310F0100006D138BDFFF7BFFF00283D
:1044C000F5D00120F8E72046FFF7C7FF003818BFF6
:1044D0000120F1E7012070470369186801601B683B
:1044E0005A60704702680346D2F8580140B95B68C9
:1044F000DB0706D4D2F82001003818BF012070472E
:104500000120704710B4436802691B68D3F8041394
:10451000C90517D5D3F82011A1B1EFF311812024DB
:1045200084F31288BFF36F8FD3F8204134B1002495
:10453000C3F82041D3F820410124DC6081F31188C5
:10454000BFF36F8F1468D3F858115CB161B10021CB
:1045500021611468A47B3CB14FF48000C3F80803C8
:104560001368997310BC7047D3F8241121B100214E
:10457000C3F82411D3F8243112681368002BF1D04A
:10458000516810BC18472DE9F041066933689C89D1
:10459000BFF35B8F94420546A8BF14461033012732
:1045A00053E8002F002A03D143E800700028F7D118
:1045B000BFF35B8F0CBF3B4600232BD133682246F1
:1045C000986801F0A7FBEFF31188202383F312888A
:1045D000BFF36F8F69680846FFF784FF326840B900
:1045E0001061044688F31188BFF36F8F2046BDE841
:1045F000F0810B689268C3F844250022C3F848454F
:10460000C3F82021D3F82011C3F85821D3F858213A
:104610009F60E7E71C46E9E7002201210420F8F744
:1046200031BE002201212F20F8F72CBE10B50B68F7
:1046300013B91360184605E003685C681CB1146088
:104640000368186810BD083303600B68013B0B60FA
:10465000EDE713B501AA0446FFF78DFE002805DB40
:10466000019B226819791868FAF7F8FF02B010BDAB
:1046700003460A4600681979012303FA01F1036928
:104680001B68194218BF82F0010212B18368DB680F
:10469000184783681B69FBE710B504460068D0B172
:1046A0008368C3B149B101210830FFF7E1FF2368F6
:1046B0001869BDE8104000F0CABF12B98388DB0456
:1046C00009D4006900F0C3FF20680021BDE8104054
:1046D0000830FFF7CDBF10BD10B501220021044600
:1046E000FFF7DAFFA36933B9636004F11000BDE896
:1046F0001040FDF7B1B910BD10B5006903688B42D9
:1047000006D190F85C4034B9FFF7E6FF204610BDB3
:104710006FF01500FBE76FF00F00F8E72DE9F843A5
:104720004468066905460021E06BFFF792FF002808
:1047300023DB216C481C17D1636B9847B4680127B1
:104740000834D6E9023203EBC203A4F10802934213
:1047500015D83046FFF7C0FF6B680021D86BFFF714
:1047600078FF00EAE07008E004F14400FBF74EFB3C
:1047700010F1130F01D0411DDED1BDE8F88354F8CC
:10478000080C00F069FF28B354F8080C14F8041C56
:1047900034F8023CD0F810E0D0F80890DEF800C001
:1047A000DA0754BF43F4B01383F4D01323F4801218
:1047B00007FA01F8DB074CBF48EA0C032CEA0803B0
:1047C000CEF80030D9F800309847002804F10804EA
:1047D000B7DAD2E76FF01200CFE738B505690446C3
:1047E000296305F12000FDF737F9002285F85C20E8
:1047F00020691146BDE83840FFF74EBF38B5027852
:104800000346002A52D10C69A26D32B9606D6FF077
:104810007301BDE83840FFF7E0BFE06C40B1216DA7
:1048200031B1DB6823B1834202D0616E01F072FACC
:10483000A36CA56D9BB19D4211D85B1BA3644BBBC0
:10484000636B08336363A36B013BA36304F148020A
:1048500004F1380104F13400FFF7E8FE6064236DD1
:104860009BB19D4211D85B1B2365CBB9E36B083329
:10487000E363236C013B236404F1500204F1400123
:1048800004F13C00FFF7D2FEE064606DBDE8384003
:10489000FBF77CB8636C002BE1D02B446364DEE74C
:1048A000E36C002BF1D02B44E364EEE738BDF8B5A0
:1048B0000C46054600F015FA002221460646284619
:1048C000FCF72AFA03212046FBF780FA00F023F8D0
:1048D00007462B689B5953B100262146284600F015
:1048E000FEF920460121FBF771FA3046F8BD00F0D1
:1048F00012F8C01B0628ECD96FF07306EDE700F143
:1049000050039B009BB203F1804303F588330022E0
:104910001A601B68704708B5FBF71EFB08BD80686E
:10492000183820F0070010387047042809D00528EF
:1049300003D1481E18BF01207047431A58425841FE
:1049400070470120704738B515460C4661B15AB121
:10495000FEF72EFE2544214611F8013B834203D188
:10496000A942F9D1012038BD0020FCE738B50C463A
:104970000123114622460546FEF7BCFD00280FDB49
:10498000012221462846FFF7DEFF38B92378012BA4
:1049900014BF022301232370002038BD0323FAE74C
:1049A0000120FAE72DE9F7431D4606460F469046DB
:1049B000FEF7F5FD6C1E044440420440082C1AD852
:1049C0003046FEF7F5FD2A4681464146684601F02D
:1049D000A1F9621B49460DEB050001F0C3F923461E
:1049E0006A4639463046FEF79AFD003818BF012066
:1049F00003B0BDE8F0834FF0FF30F9E707B50123BE
:104A00008DF8042001AAFFF7CDFF03B05DF804FB89
:104A100081681839012221F00701FFF7EFBF826892
:104A2000183A22F00702FFF7A1BF13B50C46C0B237
:104A300001A9F8F7E7F850B921460198FBF76AFC9D
:104A400004460198FEF755FD204602B010BD012432
:104A5000FAE713B541EA021104468DF80710FFF793
:104A60005EFF012301460DF107022046FFF79AFF82
:104A700002B010BDF7B50D1E69460CBF17462F4694
:104A80000446FBF747FC78B99DF80060022E22D05F
:104A9000032E0BD0012E24D135B19DF80330032B0A
:104AA00002D12046FFF7B4FF03B0F0BD002DFBD1CB
:104AB0002046FBF70DFC0028F6D157B12046FFF742
:104AC000A7FF0028F0D1002231462046FFF7C1FFA2
:104AD000EAE70226F7E735B9A26829462046FEF73D
:104AE00033FD0320E0E70420DEE7004700F0AFBD20
:104AF000C00000F1804000F5F830C0F81015C0F893
:104B000014257047FCF778BAF7B5044618B10128A8
:104B100024D003B0F0BD4FF080430222C3F8082335
:104B20000122DA60C3F80401D3F8043106460123F8
:104B30008DF8073042F210754FF08047DCB1012C40
:104B4000E7D1D7F80C3403F480338EBB002BE0D0D0
:104B50000120FFF7CBFF013DF3D1DAE74FF08043AF
:104B60000022C3F808035860C3F80021D3F80031CD
:104B70000DF10706DBE7D7F8183403F480333EB9AC
:104B8000002BC6D00120FFF7B1FF013DF3D1C0E7F4
:104B9000D7F8182402F003023260002BB9D09DF838
:104BA00007000128B5D1FFF7A1FF013DC6D1B0E74D
:104BB000D7F80C2402F001023270EEE7FFF7A4BF31
:104BC000F7B5019001A8DDE9084716461D46FBF739
:104BD000E9FD019BB6F1000C18BF4FF0010C00EB92
:104BE00083000B1E18BF0123002D43EA4C0314BFA2
:104BF0004FF00C0C4FF0000C002C43EA0C0314BFD8
:104C00004FF4E06C4FF0000C002F43EA0C03D0F897
:104C1000002714BF4FF4403C4FF0000C43EA0C0354
:104C200022EA030301B109780EB136787600194300
:104C30000DB12D78AD0031430CB124782402294305
:104C40000FB13F783F040C433C43C0F8004703B02A
:104C5000F0BD1FB50DF10F03019300238DF80F1068
:104C600000931A461946FFF7ABFF05B05DF804FB49
:104C700008B50146FBF7E8FD40B10846FBF7CCFD5F
:104C800000B2800000F5807080B208BD4FF4BE70A5
:104C9000FBE738B5054608460C46FBF7D5FDB0B135
:104CA0000846FBF7C5FD90B90846FBF7B5FD2A6835
:104CB00001238340C2F808332A6803B202EB83035E
:104CC000D3F8102522F00302C3F8102538BD204682
:104CD0000021BDE83840FFF7BCBFFBF73BBEFFF744
:104CE000D8BF0846FFF7C4BF4FF080531A69586910
:104CF000504370474FF08053186970474FF080530E
:104D00005869704770B5A2F58074A408012606FAA8
:104D100004F4054614EA010008D0A85830B1002177
:104D2000A950AA581A6822431A60304670BD2DE96E
:104D3000F341002304460D460193904601AB4FF426
:104D4000A672FFF7DFFF4FF4827229462046FFF775
:104D5000D9FF4FF48C72074629462046FFF7D2FF51
:104D6000064630B1B8F1000F1DD017B1D4F83C356C
:104D70003E4601AB4FF4887229462046FFF7C2FF3A
:104D800030B1B8F1000F03D016B90FB1D4F83C35EB
:104D900001AB4FF4907229462046FFF7B3FF01980C
:104DA00002B0BDE8F0814646E3E707B5019001A8EF
:104DB000FCF728F9019A01239340C0F8083503B0A5
:104DC0005DF804FB07B5019001A8FCF71BF9019AF7
:104DD00001239340C0F80C3503B05DF804FB0123B8
:104DE00070B504460D464361642600220221204628
:104DF000FFF79DFF20B90120FFF778FE013EF4D1B7
:104E000000236B77C4F8003570BD70B501F10C025A
:104E10000C4640210546FFF78AFFC8B1206A421CB4
:104E200004D0A37F9B0710D5FFF7CCFF637F1BB196
:104E300021462846FFF7D3FF0023204623726168EE
:104E400050F8083BBDE870401847FFF7AEFFEDE7AC
:104E500070BDFCF7D7BB08B5FFF7FBFF002008BD0E
:104E600030B5026A0346D2E9014084424FF00000A7
:104E700002D30123D36030BD1874506801305060F4
:104E8000186A4268541E0268242505FB042218464D
:104E90005C1950F8045B42F8045BA042F9D19960B8
:104EA0000120E8E7F0B5064604460F4694460FCECB
:104EB0008BB001AD0FC50FCE0FC5216A33684A68AC
:104EC0002B602068A56822B90223CB6000200BB0BC
:104ED000F0BDFB0713D50B682426013A06FB02330D
:104EE0007E0703D41A7C0AB10F23EEE7224603F1B2
:104EF000240153F8046B42F8046B8B42F9D1B907D3
:104F000041BF226A536803F1FF335360AC4505D2B9
:104F1000236A002BDAD00422DA60D7E77A0748BF89
:104F200020603B0701D40120D1E706AB93E80700DE
:104F3000143484E80700F6E710B502601A44029BB7
:104F4000836001294FF00003C2600374037583611D
:104F500001D8036210BD24224A43243A8418046213
:104F60008350026A8C1E9460026A5360026AD360A6
:104F7000026A1374026A022953741EBF036A243042
:104F80001860E7E7182871F100030ED3B0F5807FB1
:104F900071F100030BD3B0F5803F71F1000308D32A
:104FA000002914BF09200520704701207047022006
:104FB00070470320704737B508294FF000044FF0C1
:104FC0000005CDE900450A460AD80146684600F0CA
:104FD000A1FEDDE9000103B0BDE83040FFF7D2BF1C
:104FE000002003B030BD03460020884200D1704746
:104FF0001A5C002AFBD00130F7E700B1C1607047AE
:1050000043680360836801338360006AFFF7F5BF7C
:1050100008B50268C3689A4205D3006A0821FFF701
:10502000ECFF002008BD0120FCE738B504460D4622
:10503000FFF7EEFF40B123681B78B5EB531F04D098
:10504000206A0A21FFF7D9FF002038BD10B50446B9
:10505000FFF7DEFF38B123681A78FF2A05D0206AEF
:105060000A21FFF7CAFF002010BD01332360FBE7D0
:1050700010B5027D044632B1FFF7E8FF48B10023C6
:1050800023754FF0FF3220460721BDE81040FFF79F
:1050900009BF10BD2DE9F84F04460E4691461D4646
:1050A000FFF7B6FF804628B1A36843B90321206A01
:1050B000FFF7A3FF4FF000084046BDE8F88F2268D5
:1050C000177807F01F0BBBF11F0F12D12DB3206A09
:1050D00018B1037C0BB11521EAE701232B700025E1
:1050E0002368636001352B442360A368013BA36000
:1050F000E2E7BBF1170F14D9ABF11803D9B20329BA
:105100000BD801259D40A94509D3E36805F1010AA3
:105110005244934207D20821C9E70721C7E7052176
:10512000C5E70025F1E74A460021304600F01AFEA7
:1051300015B986F800B0D2E72268711E531913F82A
:10514000010901F8010F9A42F9D1236A002BC7D057
:105150001B7C002BC4D00737FFB2022FC0D94946B1
:105160003046FFF728FF8245BAD015219FE738B5B2
:105170000C4611460546FFF758FF08B9002038BD18
:1051800004220023A1182846FFF784FF0028F5D049
:105190002B682360F3E737B5002304468DF803300E
:1051A000FFF743FFA8B104220DF103030DEB020149
:1051B0002046FFF76FFF60B19DF8035065B9019974
:1051C0002046FFF74DFE50B963682360A3680133A2
:1051D000A360002003B030BD6FF00F01F0E725752C
:1051E000F8E738B504460D46FFF7C1FF48B122681D
:1051F000E3689B1A6A689A4204D908212046FFF79F
:10520000FFFE002038BD38B504460D46FFF7E9FF24
:1052100018B123686A681344236038BD70B50D4621
:10522000002104461646FFF700FF38B132462946F2
:1052300020460023BDE87040FFF72CBF70BD04225C
:10524000FFF7ECBFFFF7FBBF0222FFF7DCBF032233
:10525000FFF7D9BF10B505210446FFF79CFF50B1F9
:10526000237D4BB9A3686FF00042934205D305211B
:105270002046FFF7C5FE002010BD5B00A360FBE7E2
:10528000037D23B98068B0FA80F040097047036855
:10529000C268934205D21878A0F1FF0358425841E2
:1052A000704700207047FFF7E3BE70B50D46072139
:1052B0000446FFF7BAFE48B123681E7806F01F06C1
:1052C000182E05D9206A0A21FFF797FE002070BD2D
:1052D0000023012229462046FFF7DCFE0028F5D0F6
:1052E000182EF4D12B781F2BF1D815212046FFF76B
:1052F00087FEEBE737B50C460DF107010546FFF7D2
:10530000D4FF58B19DF80730143BDBB2012B8DF868
:10531000073006D90A212846FFF772FE002003B0A5
:1053200030BD03F001032370F9E738B50D460621BF
:105330000446FFF77AFE08B9002038BD0023042296
:1053400029462046FFF7A6FE0028F5D0A3680133C2
:10535000A360F2E7F0B58FB00446FFF759FE0028CE
:105360005DD023681D7800220023CDE902236D095A
:10537000234605AA04F1200718685968164603C693
:105380000833BB423246F7D118683060062D1CD076
:105390002A1F0023012A4FF008028DF804300DEB7C
:1053A000020198BF01AB05A8FFF774FE064600286E
:1053B00035D0042D3BD019D8023D012D21D9059BB4
:1053C0002360A368013BA3602AE001A905A8FFF7B9
:1053D000ACFF20B3059B089A934204D30821206AAE
:1053E000FFF70BFE1BE01D786D09CFE7052DE6D119
:1053F000DDE90232B3F1004F72F1000113D3294607
:10540000EDE7E3682168029A5B1A9A4203D8059B8C
:1054100013440593D3E708212046FFF7F1FD00264A
:1054200030460FB0F0BDDB185241CDE902329DF895
:10543000045025B16FF00F020023CDE90223029B37
:1054400007938DF8285005A8FFF71AFF014638B1D9
:10545000002DB4D005A8FFF7F9FD0028AFD1DEE795
:1054600005A8FFF777FF0028EDD1D8E7FFF764BD67
:1054700000B1C160704710B50368C468A34205D38A
:10548000006A0821FFF7F4FF002010BD02F01F02A0
:1054900042EA411119700368013303600120F4E707
:1054A00070B505460E46104619461446FFF783FDB3
:1054B0002246431E31462846BDE87040FCF7D6B868
:1054C000F8B51746C36802689A4204460D4606D3EB
:1054D000206A0821FFF7CCFF00263046F8BD9B1A52
:1054E0004A689A42F4D80E4656F8043B53B1042158
:1054F0003046FFF760FD6A6823681344E26803449E
:105500009A42E5D33246042339462046FFF7C8FFC6
:1055100006460028E0D020682968884202D06A68E0
:1055200000F006FC23686A6813442360D5E7082A64
:1055300073B513460C4606D9006A0521FFF798FF9C
:10554000002002B070BD8E1816F9012C002A0FDA67
:105550000A4669460C46B24204D101212246FFF7B1
:105560009FFFEEE712F8015BED4301F8015BF2E704
:105570000021F3E713460A460021FFF791BF07B564
:10558000042201910DEB0201FFF7D1FF03B05DF89A
:1055900004FB07B5042201910DEB0201FFF7EAFFBE
:1055A00003B05DF804FBFFF7F4BF0222FFF788BFEA
:1055B0000322FFF785BF07B5CDE900126946FFF763
:1055C000F7FF03B05DF804FB38B50C4605461146FD
:1055D0002046FFF708FD214602462846BDE8384030
:1055E000FFF7E9BF1F220421FFF745BF1F22052156
:1055F000FFF741BF1F220721FFF73DBFFFF7FABFAB
:1056000010B50A4609781839072905D9BDE81040B0
:1056100001230721FFF744BF006A1521FFF728FF88
:10562000002010BD07B514318DF807100DF10701EA
:10563000FFF7E6FF03B05DF804FB1FB50024CDE9DA
:105640000144069C0094FFF777FC04B010BD08B13C
:10565000F8F736B97047704740B1C368587810F012
:1056600001001EBF1878B0FA80F040097047EFF3D0
:105670001183202383F31288BFF36F8FFEE708B5F1
:10568000FFF7F5FF10B5D0E9003433B90020E26828
:10569000537843F00103537010BD2046984700280B
:1056A000F4D00028B8BF4042E368FF28A8BFFF201D
:1056B0001870ECE700F056BB00F02CBB704710B43C
:1056C00000F10C04C0E9034410BCFDF7D3BD2DE983
:1056D000F04F89B0DDE9126705463B46914606A8C2
:1056E0003246059100F0CAFADDE9063405F1140AE4
:1056F000CDE90234EFF311844FF0200888F31288CB
:10570000BFF36F8F05F10C0B05994A462846FDF74C
:105710003DFD30B184F31188BFF36F8F09B0BDE850
:10572000F08F3E43F6D0DDE9022306A800F0CAFA66
:10573000DDE906675A46CDE9006721465046FCF789
:1057400005FDEFF3118488F31288BFF36F8FDBE759
:1057500038B50446EFF31185202383F31288BFF395
:105760006F8FFDF7CAFC04F10C0000F016FA30B19F
:10577000294604F11400BDE83840FCF713BD85F359
:105780001188BFF36F8F38BD4169836843EA010216
:1057900012F003020FD1C2600269013A01FB023329
:1057A00082689A4201D900207047C2681A60426933
:1057B000C3609B1AF4E76FF015007047F8B5044614
:1057C0000D46EFF31186202383F31288BFF36F8F0A
:1057D000C7686FB900F0BEF950B18767456100F046
:1057E0005AF9314604F10800BDE8F840FCF7DABC8C
:1057F000E3682B60A369E560013BA36186F3118830
:10580000BFF36F8FF8BD08B52024EFF3118384F345
:105810001288BFF36F8FFDF7C4FFF6E72DE9F84359
:10582000994604469DF820300D46904600F1080642
:10583000EFF31187202282F31288BFF36F8F03B139
:105840004568304600F086F958B100238367C0F8F8
:10585000148000F020F930463946FCF7A3FC002004
:105860000CE0B9F1000F1CD00821FCF7B3FF38B9E8
:1058700087F31188BFF36F8F6FF00B00BDE8F883DB
:105880000122C0F804800260016801F0030165B9DB
:1058900022680A43026062682060002ADBD16060EF
:1058A000D9E7C8F800904046EEE72A68032A0BD8EB
:1058B0000160616811B9C4E90000CCE70A6802F030
:1058C000030202430A60EAE722F003020A4302608D
:1058D0002A6802F0030240EA02032B60BBE710B51E
:1058E000044630B10268930703D0446809B100F060
:1058F0000AFA204610BD0023C0E9003300F1080376
:10590000C0E90233704707B50123009300230A461C
:105910001946FFF783FF03B05DF804FB07B50023CA
:105920000A4600931946FFF779FF03B05DF804FBC0
:105930003AB18A4205D3C0E90212C0E90000002052
:1059400070476FF015007047026801238B4022EA10
:105950000303036022FA01F000F00100704720B158
:1059600000221146883000F04EB9704773B50446E6
:10597000EFF31185202383F31288BFF36F8F002389
:10598000A0F11006032104380193FFF7DDFF28B1D1
:10599000A369019301A93046FCF780F985F31188CA
:1059A000BFF36F8F02B070BD38B504460D461022AC
:1059B000002100F0D7F9656038BD13B501900846A5
:1059C000EFF31184202383F31288BFF36F8F01A9B3
:1059D000FCF764F984F31188BFF36F8F02B010BD38
:1059E00010B5FFF7EAFF041E08DDEFF31180202356
:1059F00083F31288BFF36F8FFCF704FC204610BDC1
:105A000008B5A022002100F0ADF908BDEFF3058034
:105A1000003818BF012070476FF057007047FCF73F
:105A2000D3BBD0E9003213605A600023C0E90033D1
:105A3000704708B5FFF7F5FF437B23F0020343737C
:105A40000023836008BD38B504460D46FCF78AFA8A
:105A5000637B43F002036373E5B1A5602B689D424D
:105A600009D16B68C4E900531C606C6012E06A687D
:105A70009A42F6D01B68002BF3D094F90E2093F9CC
:105A80000E108A42F3D09142F1DD5A68C4E9003227
:105A900014605C6038BD10B5EFF31184202383F3EC
:105AA0001288BFF36F8FFCF775FA84F31188BFF388
:105AB0006F8F10BD10B50446183000F0C6F8EFF334
:105AC0001181202383F31288BFF36F8F627B12F062
:105AD000100204D081F31188BFF36F8F10BD2046F0
:105AE000BDE81040FCF78ABA08B5EFF31181202217
:105AF00082F31288BFF36F8F83680BB1FFF799FFB2
:105B000081F31188BFF36F8F08BD38B50446EFF3FA
:105B10001185202383F31288BFF36F8F437B13F02B
:105B2000280F0BD183680BB1FFF783FF637B51B95B
:105B300003F0FB0363732046FCF72CFA85F311880E
:105B4000BFF36F8F38BD03F0EB03F3E70121183883
:105B5000FFF7DBBF38B5EFF31185202383F31288FD
:105B6000BFF36F8F0468A0420DD034B12046FFF719
:105B700060FF04F1180000F068F885F31188BFF3A6
:105B80006F8F204638BD0024F7E710B5FFF7ACFF54
:105B9000BDE81040183000F058B838B50468054624
:105BA000AC424FF0000000D138BD002CFCD02046A4
:105BB000FFF7EBFF2046FFF76EFF2C680120A542A0
:105BC000F1E7EFF31181202282F31288BFF36F8F88
:105BD000027BD2070CD581F31188BFF36F8F0023AE
:105BE00083F31188BFF36F8F0423184602DF7047D9
:105BF000437B1B0704D581F31188BFF36F8F704778
:105C00000122FCF7FBB938B5EFF31185202383F3AC
:105C10001288BFF36F8F0468A04212D09CB1A167B5
:105C200062612046FFF705FF04F1180000F00DF84F
:105C30002046FCF7AFF9012085F31188BFF36F8F81
:105C400038BD0020F8E72046F6E710B5EFF31184E1
:105C5000202282F31288BFF36F8F03683BB1FCF7F9
:105C600083FC002084F31188BFF36F8F10BD6FF0A9
:105C70001500F7E708B5FCF795FD08BDB3F1FF3F48
:105C800008BFB2F1FF3F70B504461D46164613D05B
:105C90001A4315D06FF00102921B4FF0FF3363EBF4
:105CA0000501002904DAFCF77DFD821941EB0501AD
:105CB000C4E90021204670BD4FF0FF321146F7E7DE
:105CC0000022FBE7B3F1FF3F08BFB2F1FF3FF8B599
:105CD000074616461C4610D054EA020311D0FCF7C2
:105CE00061FDB0420A46A14103460AD2F31A64EBB1
:105CF0000204C7E900343846F8BD4FF0FF331C46B4
:105D0000F7E70023FBE720B1011F50F8040CFFF771
:105D10001FBD70470A44914200F1FF3300D1704724
:105D200010B511F8014B03F8014F9142F9D110BDA4
:105D3000884210B501EB020402D98442234607D8F9
:105D4000431EA14208D011F8012B03F8012FF8E7F8
:105D5000024401468A4200D110BD13F8014D02F8F9
:105D6000014DF7E702440346934200D1704703F820
:105D7000011BF9E710B501390244904201D100201E
:105D800005E0037811F8014FA34201D0181B10BDA4
:105D90000130F2E7F0B5C3F137070446FFB203F074
:105DA0001F031046082BE6B233D0102B3ED06508F7
:105DB000A40844EA817445EAC1752D194FEA91029D
:105DC00042EB5102290941EA02716D1842EB1212AD
:105DD000290A41EA02616D1842EB1222290C41EABC
:105DE00002416D1842EB1242AD1842F10002EC087C
:105DF00044EA4274D10804EB8402A6EB4205EDB2FA
:105E0000092D0CD90134A5F10A0541F10001EDB2CB
:105E100012E0E40844EA417406F00705C908303589
:105E200054EA010200F8015BBCD1F0BD240944EA48
:105E3000017406F00F050909092D84BFED19EDB2B3
:105E4000EDE7D1E9043293421EBF5A1C0A61187073
:105E5000704700000148006870470000100A0020E9
:105E6000D464FF7F01000000B1D8000000000000F2
:105E70003DEA0000005F0100574E010000000000F5
:105E80005119010000000000751901000000000018
:105E90001DF40000285F01001DF40000145F0100E4
:105EA00081F800003C5F0100A5EC0000000000004C
:105EB000CD00010000000000B1D60000000000008D
:105EC000251B0100000000001D470100645F010068
:105ED000EDF10000505F01001D470100785F0100F7
:105EE0007DEE00008C5F0100D5D8000000000000AE
:105EF00031E7000000000000B1E7000000000000F2
:105F0000FD67010090620100A0620100B006002060
:105F1000E40C0020326801001063010040630100BE
:105F2000B6060020800D00204068010028630100B3
:105F300040630100B80600208C0D00205668010067
:105F400064630100AC630100BA060020380500203C
:105F50001868010000000000F4620100B40600208F
:105F60000000000064680100F0630100D8640100D3
:105F7000BC0600205C05002071680100646401001B
:105F8000D8640100BE060020C40500200C68010092
:105F9000BC620100D8620100B2060020400D002062
:105FA00041070100EB4A0100000000008D370100AD
:105FB0003C5F010005450100000000008D37010035
:105FC000E5150100EB4A0100000000008D370100DB
:105FD000C90D0100EB4A0100000000008D370100EF
:105FE000000000008D370100000000008D37010027
:105FF000000000008D370100000000008D37010017
:10600000000000008D370100000000008D37010006
:10601000000000008D370100000000008D370100F6
:10602000000000008D370100000000005D0101004C
:10603000000000008D370100000000008D370100D6
:10604000000000008D370100000000008D370100C6
:10605000000000008D370100000000008D370100B6
:10606000000000008D370100000000008D370100A6
:10607000000000008D370100000000008D37010096
:10608000000000008D370100000000008D37010086
:10609000000000008D370100000000008D37010076
:1060A000000000008D370100000000008D37010066
:1060B000000000008D370100000000008D37010056
:1060C000000000008D370100000000008D37010046
:1060D000000000008D370100000000008D37010036
:1060E000000000008D370100000000008D37010026
:1060F000000000008D370100000000008D37010016
:10610000000000008D370100000000008D37010005
:10611000000000008D370100F5150100EB4A010079
:10612000E5E20000A9E60000FFFFFFFFFFFFFFFF21
:10613000C86801000001000000000000000000002D
:106140000338FDD870470000285F01001D000100E2
:10615000285F01001E000100285F01001F000100F0
:1061600007000000000000000000000000C0000068
:10617000505F010001000000000000000040070027
:106180008C5F01000200000000C00000000200005F
:10619000505F01000300000000C000000040070045
:1061A000505F01000400000000C20000003E070034
:1061B000505F01000500000000C20000003E070023
:1061C000505F0100060000000040070000C0F8001A
:1061D0008C5F0100C00400200000000000000B06DE
:1061E00002000000E86101000000000027670100D4
:1061F00024000202000000202F67010020000B1184
:1062000031D700000000000005380100CDDF00009C
:1062100081E1000000000000E5E400000000000053
:10622000000000000000000000000000000000006E
:10623000000000000000000069E40000CDE600005E
:10624000CDE600000000000000000000000000009B
:10625000000000000000000000000000000000003E
:106260000000000000000000B5E600000062010030
:10627000786201008001000000290020F26701001F
:1062800000000000C5E9000095E9000000000000E2
:1062900015EB000009EA0000413E0100473E010005
:1062A00095EA0000BF3D0100213E01000000000012
:1062B0005B3D01000000000000000000785F01006D
:1062C00000127A0000010000285F010008000100B0
:1062D00000000000000000005D410100A34001003B
:1062E0008F3F010075EE0000533E010001000000E9
:1062F00000FF0000BD41010079F2000015F200002E
:10630000E5F10000D5F100000400000000FF0000EE
:10631000FF03000000030050000000000100000027
:106320000060004000000000FFFFFFFF0000005081
:1063300000000000000000000060004000000000BD
:10634000B1F40000CD420100DB420100F342010044
:10635000FF4201000B4301001DF300002543010033
:1063600000000000002000400100000000000000CC
:10637000886301000000D60100000000000000005A
:106380002F0E00202E0E00200020004094630100FC
:10639000010000009C630100040000000A000000EE
:1063A000050000020906000107060003AB430100D7
:1063B000CDF700009D43010087450100D143010056
:1063C000F94301002D4401003D4401006B440100EC
:1063D000774401003D4401005B4401008344010017
:1063E000914401009F440100D5440100D9440100BB
:1063F00000F00240010000000048E8010000000039
:106400000000000000000000FFFFFFFF0000FF0091
:106410000000000000000000FFFFFFFF020000017D
:106420000100000023460100FFFF00003C64010062
:10643000FFFFFFFF000000000000000000F002402E
:1064400048640100010000005064010003000000E6
:10645000170000041600000615000005285F010063
:1064600014000100004000400000000000127A000B
:10647000000000000000000000000000FFFFFFFF20
:106480000000FF000000000000000000FFFFFFFF11
:10649000000000010100000019460100FFFF00009C
:1064A000B0640100FFFFFFFF0000000000000000DB
:1064B00000400040BC64010001000000C464010011
:1064C00003000000280000040C0000050B0000067B
:1064D000285F0100080001005DFA0000F946010094
:1064E0000300000001000000685E0100685E01001A
:1064F000B05E0100B85E0100E85E0100005F0100CF
:1065000077C295F360D2EF7F3552500F2CB6798069
:106510004C454420524F4A4F206E6F20646973707F
:106520006F6E69626C650A004C45442056455244C2
:1065300045206E6F20646973706F6E69626C650AC6
:10654000004C454420415A554C206E6F20646973BD
:10655000706F6E69626C650A004446552045787418
:1065600065726E616C2054657374202D20466972CB
:106570006D77617265206361726761646F20636F1C
:106580007272656374616D656E7465212076312E5B
:10659000300A00496E696369616E646F20746573C7
:1065A000742073696D706C65206465204C4544737C
:1065B000205247422E2E2E0A004C45443A20524F7C
:1065C0004A4F0A004C45443A2056455244450A0079
:1065D0004C45443A20415A554C0A004661696C6565
:1065E0006420746F207265626F6F743A20737069F3
:1065F0006E6E696E6720656E646C6573736C792E60
:106600002E2E0A007F7F7F7F7F7F7F7F7F7F7F7F30
:106610007F7F7F7F7F7F7F7F7F7F7F7F7F7F7F7F8A
:106620007F7F7F7F7F7F7F7F7F7F7F7F7F7F7F3EBB
:106630007F7F7F3F3435363738393A3B3C3D7F7F6B
:106640007F407F7F7F000102030405060708090AD7
:106650000B0C0D0E0F101112131415161718197FAD
:106660007F7F7F7F7F1A1B1C1D1E1F20212223245A
:1066700025262728292A2B2C2D2E2F303132337F07
:106680007F7F7F7F4142434445464748494A4B4CC0
:106690004D4E4F505152535455565758595A6162A6
:1066A000636465666768696A6B6C6D6E6F70717242
:1066B000737475767778797A30313233343536378A
:1066C00038392B2F2A2A2A20426F6F74696E67206F
:1066D0006E524620436F6E6E6563742053444B20A8
:1066E00076322E392E302D373738376232363439FC
:1066F000383430202A2A2A0A002A2A2A2055736987
:106700006E67205A6570687972204F532076332E59
:10671000372E39392D316638663364633239313476
:1067200032202A2A2A0A00464C4153485F3000533F
:1067300052414D5F30007263006572720067726F84
:10674000757000736C6F740076657273696F6E009C
:106750003C3F3F3F3E006861736800626F6F746149
:10676000626C650070656E64696E6700636F6E666B
:1067700069726D6564006163746976650070657245
:106780006D616E656E7400696D616765730073702D
:106790006C697453746174757300636F6E666972AB
:1067A0006D000A02040C01171D2568752E256875F9
:1067B0002E256875002E2575006F666600696D616F
:1067C00067650064617461006C656E0073686100E8
:1067D00075706772616465000505010101010601BC
:1067E000010101030201010103030303010303018A
:1067F00006066D63756D677220736D7000636C6F54
:10680000636B4034303030303030300073323566B6
:106810006C3132386C403000666C6173682D636F88
:106820006E74726F6C6C657240343030316530302C
:1068300030006770696F40353030303033303000B1
:106840006770696F403530303030303030000001D3
:10685000020304050607756172744034303030322B
:106860003030300073706940343030326630303050
:1068700000737069403430303034303030000401FF
:1068800004030402040104010403010303040104DA
:1068900000202A2A2A2A2A2A2A2A2A2A2A2A2A2A8C
:1068A00000015465726D696E616C000000000000AB
:1068B00000545452205245474745530001020203F9
:1068C0000303036D61696E00737973776F726B7187
:1068D00000286E756C6C29002A666C6F61742A0042
:1068E000FFFFFFFFFFFFFFFF00000000D13B0100A3
:1068F0000000000000010000000000000000000097
:106900000000000000000000000000000000000087
:106910000000000000000000253301006461010058
:1069200000000000FB370100000000000000000034
:10693000000000000C62010006000100B5E200004A
:10694000000000003C62010006000000BD3B0100A9
:1069500000000000FDE70000000000000000000053
:1069600048050020000000000000000000000000BA
:106970000000000000000000300E00202000000099
:106980000000000000000000000000005C64010046
:10699000010000006C0500206C05002000000000D4
:1069A000010000007C0500207C05002000000000A4
:1069B00001000000000000000000000000000000D6
:1069C00000000000000000000000000000000000C7
:1069D0000000000000000000645F010000000000F3
:1069E00000000000580E0020500E002000000000A3
:1069F00000000000D064010001000000D405002068
:106A0000D40500200000000001000000E405002083
:106A1000E40500200000000001000000000000006C
:106A20000000000000000000000000000000000066
:106A30000000000000000000000000000000000056
:106A4000785F01000000000000000000680E0020D8
:106A5000600E0020000000000000000000000000A8
:106A60000000000000000000000000000000000026
:106A70000000000000000000000000000000000016
:106A80000000000000000000000000000000000006
:106A900000000000000000000000000000000000F6
:106AA00000000000000000000000000000000000E6
:106AB000000000000000000008000000FF000000CF
:106AC000000000000300000000000000FFFF0F00B6
:106AD000A8060020A806002000000000000000001A
:106AE0000000000000000000C0060020C0060020DA
:106AF000702F00200000000002000000880000004D
:106B0000000000000000000000000000E40600207B
:106B1000E40600200000000000000000F406002051
:106B2000F40600200400040004000000000000003F
:106B30006C620100002F002015E015E0076950018C
:106B4000100020008EC55E1E81F04F2B093890DEAC
:106B500028E473303732F8730B071DAD785365F6B0
:106B600029DDCFC801002000FC5701DC6135E1328E
:106B70003847BDC40F04D2E5BEE5833B23C29F93D3
:106B8000593D00018CFA9994200000013DCCF37826
:106B9000459A8AA2C090BE057AE2780744E36FE77F
:106BA000ECD8EE4787A510294CF361ED05EBF2C454
:106BB000C6D9CCA63F8F6DC5C051CDCF722E2D67E3
:106BC000E8523BCC62AA8CF1D49C270791435636FD
:106BD0003417320F007BED8767E0ABBE208C2CF6BC
:106BE00066C58510AFB0B02C3E29370A76CAADF223
:106BF000D901EF05AA9F77CB9046D41AAC60048DDB
:106C00006116237DC372911DA3E6CA1E1BA29D1CA3
:106C1000AAD458AA9DCB737C1782E5DB9F58D37406
:106C20004EF84D033E7FE5A7A009905BAE44B1B09E
:106C300084CA4D8B8D71A0DDEEECC757479EFC8555
:106C4000A0F1DBA1D4FDD4B7F5A74165D63CF87E11
:106C5000B4E1948AD18F9BDFF44CF31B0049EE80A2
:106C60008228360CE2BA1CDB5B3E98A10C44E23F62
:106C70009124963AEEF0C45A807830A2690173E10B
:0C6C80003CCA5D402AA7A7885A8DC0C5F9
:00000001FF
