:020000040000FA
:10C000003DB8F39600000000000200006CA900009B
:10C010000000000000000000000000000000000020
:10C02000FFFFFFFFFFFFFFFFFFFFFFFFFFFFFFFF20
:10C03000FFFFFFFFFFFFFFFFFFFFFFFFFFFFFFFF10
:10C04000FFFFFFFFFFFFFFFFFFFFFFFFFFFFFFFF00
:10C05000FFFFFFFFFFFFFFFFFFFFFFFFFFFFFFFFF0
:10C06000FFFFFFFFFFFFFFFFFFFFFFFFFFFFFFFFE0
:10C07000FFFFFFFFFFFFFFFFFFFFFFFFFFFFFFFFD0
:10C08000FFFFFFFFFFFFFFFFFFFFFFFFFFFFFFFFC0
:10C09000FFFFFFFFFFFFFFFFFFFFFFFFFFFFFFFFB0
:10C0A000FFFFFFFFFFFFFFFFFFFFFFFFFFFFFFFFA0
:10C0B000FFFFFFFFFFFFFFFFFFFFFFFFFFFFFFFF90
:10C0C000FFFFFFFFFFFFFFFFFFFFFFFFFFFFFFFF80
:10C0D000FFFFFFFFFFFFFFFFFFFFFFFFFFFFFFFF70
:10C0E000FFFFFFFFFFFFFFFFFFFFFFFFFFFFFFFF60
:10C0F000FFFFFFFFFFFFFFFFFFFFFFFFFFFFFFFF50
:10C10000FFFFFFFFFFFFFFFFFFFFFFFFFFFFFFFF3F
:10C11000FFFFFFFFFFFFFFFFFFFFFFFFFFFFFFFF2F
:10C12000FFFFFFFFFFFFFFFFFFFFFFFFFFFFFFFF1F
:10C13000FFFFFFFFFFFFFFFFFFFFFFFFFFFFFFFF0F
:10C14000FFFFFFFFFFFFFFFFFFFFFFFFFFFFFFFFFF
:10C15000FFFFFFFFFFFFFFFFFFFFFFFFFFFFFFFFEF
:10C16000FFFFFFFFFFFFFFFFFFFFFFFFFFFFFFFFDF
:10C17000FFFFFFFFFFFFFFFFFFFFFFFFFFFFFFFFCF
:10C18000FFFFFFFFFFFFFFFFFFFFFFFFFFFFFFFFBF
:10C19000FFFFFFFFFFFFFFFFFFFFFFFFFFFFFFFFAF
:10C1A000FFFFFFFFFFFFFFFFFFFFFFFFFFFFFFFF9F
:10C1B000FFFFFFFFFFFFFFFFFFFFFFFFFFFFFFFF8F
:10C1C000FFFFFFFFFFFFFFFFFFFFFFFFFFFFFFFF7F
:10C1D000FFFFFFFFFFFFFFFFFFFFFFFFFFFFFFFF6F
:10C1E000FFFFFFFFFFFFFFFFFFFFFFFFFFFFFFFF5F
:10C1F000FFFFFFFFFFFFFFFFFFFFFFFFFFFFFFFF4F
:10C20000802400202DD00000B337010019D0000099
:10C2100019D0000019D0000019D000000000000063
:10C2200000000000000000000000000005D2000037
:10C2300019D0000000000000D1D1000019D000008A
:10C24000B9D30000B9D30000B9D30000B9D30000BE
:10C25000B9D30000B9D30000B9D30000B9D30000AE
:10C26000B9D30000B9D30000B9D30000B9D300009E
:10C27000B9D30000B9D30000B9D30000B9D300008E
:10C28000B9D30000B9D30000B9D30000B9D300007E
:10C29000B9D30000B9D30000B9D30000B9D300006E
:10C2A000B9D30000B9D30000B9D30000B9D300005E
:10C2B000B9D30000B9D30000B9D30000B9D300004E
:10C2C000B9D30000B9D30000B9D30000B9D300003E
:10C2D000B9D30000B9D30000B9D30000B9D300002E
:10C2E000B9D30000B9D30000B9D30000B9D300001E
:10C2F000B9D30000B9D30000B9D30000B9D300000E
:10C3000053B94AB9002908BF00281CBF4FF0FF31BC
:10C310004FF0FF3000F00CB8ADF1080C6DE904CE21
:10C3200000F008F8DDF804E0DDE9022304B070470E
:10C33000704700BF2DE9F04786468C460846089EA8
:10C34000154674461946002B40F0C2808542B2FA69
:10C3500082F245D94AB1C2F1200300FA02FC2EFA5A
:10C3600003F3954043EA0C0C94404FEA154EA8B2F3
:10C37000BCFBFEF8230C0EFB18CC08FB00F943EACB
:10C380000C43994528D9EB1808F1FF3704D2994599
:10C3900002D9A8F102072B44A3EB0903A4B2B3FB13
:10C3A000FEFC0EFB1C330CFB00F044EA0344A042ED
:10C3B00014D92C190CF1FF3304D2A04202D9ACF1EC
:10C3C00002032C44241A43EA07401EB1D440002340
:10C3D00034607360BDE8F0874746DDE76346F1E708
:10C3E00092BB431B01214FEA154EAFB2B3FBFEFCDB
:10C3F000200C0EFB1C330CFB07F840EA0343984566
:10C4000062D9EB180CF1FF3004D2984502D9ACF197
:10C4100002002B44A3EB0803A4B2B3FBFEFC0EFB0B
:10C420001C330CFB07F744EA0344A7424ED92C19EE
:10C430000CF1FF3304D2A74202D9ACF102032C4421
:10C44000E41B43EA0040C0E7C2F1200320FA03F1F5
:10C45000954090402EFA03F303434FEA154EAFB2D6
:10C46000B1FBFEFC0EFB1C10190C0CFB07F841EA9B
:10C470000041884504FA02F422D969180CF1FF3012
:10C4800004D2884502D9ACF102002944A1EB08018D
:10C490009BB2B1FBFEFC0EFB1C110CFB07F743EA41
:10C4A00001439F420ED9EB180CF1FF3104D29F4299
:10C4B00002D9ACF102012B44DB1B41EA004192E7B7
:10C4C0006046E3E76146F7E76046A3E76346B7E700
:10C4D000834206D916B9002108467BE7C6E900E089
:10C4E000F9E7B3FA83F78FB9834201D3724508D8CD
:10C4F000BEEB020460EB030301209C461EB9002141
:10C5000068E73846FAE7C6E9004CF8E7C7F1200CBF
:10C51000BB4022FA0CF41C432EFA0CF120FA0CF367
:10C52000B84001434FEA14490EFA07F5B3FBF9F896
:10C530001FFA84FE09FB18300B0C08FB0EFA43EAC5
:10C5400000439A4502FA07F240D9E31808F1FF3098
:10C5500004D29A4502D9A8F102002344A3EB0A03AE
:10C5600089B2B3FBF9F809FB183308FB0EFE41EA68
:10C5700003418E452CD9611808F1FF3304D28E4552
:10C5800002D9A8F10203214443EA0040A0FB02982B
:10C59000A1EB0E014145CE46434602D306D14D459F
:10C5A00004D2B9EB020E68EB04030138002EA6D0CA
:10C5B000B5EB0E0261EB030101FA0CFC22FA07F362
:10C5C0004CEA0303F940C6E9003198E74046C5E765
:10C5D0004346D9E72DE9F0413A4809F057F830B918
:10C5E000394806F0BBFE4FF0FF30BDE8F081374818
:10C5F00006F0B3FB0028F3DB354806F0AEFB00285D
:10C6000001DA3448EDE7344806F0A7FB002801DAE8
:10C610003248E6E732482D4C06F0A0FE314806F0DD
:10C620009DFE03250121204606F0B1FB642006F0A3
:10C63000C2FB0021204606F0AAFB642006F0BBFBEB
:10C64000013DEFD1214E224FDFF88C800324B5FB52
:10C65000F4F404EB44042C1B012C16D0022C22D041
:10C660000121304606F093FB0021384606F08FFB8F
:10C670004046002106F08BFB1B4806F06FFE4FF48E
:10C68000FA60013506F097FBE0E70021304606F03E
:10C690007EFB2146384606F07AFB4046002106F034
:10C6A00076FB1248E9E70021304606F070FB0021D6
:10C6B000384606F06CFB4046012106F068FB0C484A
:10C6C000DBE700BF5C5F010040650100886101009D
:10C6D0008061010058650100786101007165010009
:10C6E00089650100C3650100E9650100F465010089
:10C6F00000660100014B1B68184700BFF0040020D2
:10C70000014B1860704700BFF004002030B585B0C1
:10C7100004460D4610220021684609F03DFB022325
:10C720008DF802302A46044B01932146684606F0F4
:10C73000B7F805B030BD00BFF5C6000080B50546AE
:10C740000E461746984605F067FE034609F09CFB27
:10C75000DFF81890044649F8003042463046394622
:10C76000A84754F8090000F0E1FC00BF08000000F1
:10C7700008B50446EFF31183202383F31288BFF337
:10C780006F8F03F08DFD204600F07AFC024806F022
:10C79000E5FD07F020F8FCE70B6601002DE9F0430A
:10C7A000079D15B91560002012E00324B5FBF4F4D1
:10C7B00004EB4407BD4218BF0134B4F1804F09D2E5
:10C7C000A40001348C4200D838B914606FF00B001B
:10C7D000BDE8F0834FF0FF34F7E7DFF8BCE0044634
:10C7E0000021B94203F1030C04F104062CD3A94241
:10C7F000274624D21F7801F1010CAC45264938BFE9
:10C800005B784FEAA70E28BF002311F80EE084F8EA
:10C8100000E0AC4501EB131E3CBF9B0003F03C0362
:10C820004FEA071707F0300738BFCB5C1EF80770D8
:10C83000677028BF3D23A3703D23E3703746381A45
:10C84000002310603B70AEE71CF8034C1CF8023C60
:10C850001CF8018C4FEAA40924011EF8099006F87F
:10C86000049C04F030040EEB13199B0019F80440EB
:10C8700006F8034C03F03C030EEB981408F03F0855
:10C88000E35C06F8023C1EF8083006F8013C033170
:10C8900034466346A5E700BFB46601002DE9F043C6
:10C8A000DDF81CE0DFF82C8100273C463D4675454D
:10C8B0001FD3E4BB14600020BDE8F0830136764549
:10C8C00033D013F806C0BCF1200FF7D0AEEB060949
:10C8D000B9F1010FA6EB05050DD0BCF10D0F0AD182
:10C8E00003EB060999F80190B9F10A0F6ED1751C96
:10C8F000DDE72E46E3E7BCF10A0FF8D02DB9BCF115
:10C900003D0F05D10137022F0DD96FF01500D3E788
:10C910001CF0800FF9D118F80C507F2DF5D03F2D69
:10C9200001D8002FF1D10134E1E73546C1E704F029
:10C9300007064FF0060CE4080CFB06F60CFB04F4AB
:10C940000736E41B04EBD60470B18C420CD80027E8
:10C95000DFF880E0DFF880801D44014603263C4676
:10C960009D4205D10C1AA5E714606FF00B00A3E7F8
:10C9700013F8019BA9F10A0C5FFA8CFCBCF1160FAD
:10C9800004D848FA0CFC1CF0010FE9D01EF809C0CD
:10C990000134BCF1400F08BF013E0CF03F0C042CE9
:10C9A0004CEA8717DCD17EB13C0C012E0C7002D111
:10C9B00001310024D4E7022E4FEA17244C7016BF31
:10C9C0008F7002310331F4E73446C9E7002DA2D05D
:10C9D0009BE700BF34660100F6FFBFFF2DE9F0477B
:10C9E000058B04462807904611D4022905F0070557
:10C9F00040F0CC80204606F0BEFC78B10138218B97
:10CA0000042811D8DFE800F0C2106D8595000129D7
:10CA10000CBF45F0100545F02005258388F31188EB
:10CA2000BFF36F8FBDE8F08701F0070AAA4500F059
:10CA3000A5800027B9463E46A368002B00F0BC80C5
:10CA400041F00801218388F31188BFF36F8FA1683B
:10CA5000002900F0BA800D68002900F0B680D1F8F6
:10CA60000480334652462046C047002D76D02B68BE
:10CA700029461D46F0E701F007035A1F012A1BD87B
:10CA8000002221F00701062B276889B2C4E90022A1
:10CA900009D13B4603E0628B013262831B68002BA5
:10CAA000F9D141F002012183204606F064FC002800
:10CAB0007AD041F0200176E0042B0AD121F0070161
:10CAC00089B22183204606F056FC10B141F02001C6
:10CAD0002183218B01F0070AAA454FD00027B946D0
:10CAE000AAE7236921F0070141F00601062DD3F8DA
:10CAF000009021832DD1B9F1000F3FD041F0080102
:10CB0000218388F31188BFF36F8F3A492046C847C5
:10CB100029E021F00701236941F0040189B2042DC5
:10CB2000D3F804902183E6D000273E464FF0040A54
:10CB300082E721F00701236941F0050189B2052D43
:10CB4000D3F808902183D6D000273E464FF0050A3F
:10CB500072E700273E464FF0060A6DE72B4687E74F
:10CB6000B9F1000FD1D1EFF31188202383F312889C
:10CB7000BFF36F8F238B23F008032383258BEA06F3
:10CB80002ED525F01003238305F007056669218B58
:10CB9000002EBFF670AF00232768C4E9003321F0F0
:10CBA000070141F001012183218B01F0070AAA4509
:10CBB0004FF000097FF440AF002F9CD041F00801F6
:10CBC000218388F31188BFF36F8F002FC8D03D6891
:10CBD000394633465246204606F0F9FB2F46F4E725
:10CBE000AB067FF51BAF25F02003238305F0070577
:10CBF00000E700BFFB330100014B036000207047DA
:10CC00009061010070B5114B1C680D46DCB1104BF2
:10CC1000196800238B4202DB6FF0010070BD2246D1
:10CC200012F8106B864202D001331446F2E7E06836
:10CC300010B96FF01200F1E708F028FD0028F8D0D5
:10CC40002C600020EAE76FF00C00E7E7F404002016
:10CC5000906101002DE9F3470D46DDE90A78914620
:10CC60001E46044620B96FF00D0002B0BDE8F08703
:10CC70000029F8D0002AF6D00093002301938B6896
:10CC80000846DB6898470268B6FBF2F302FB1363C1
:10CC900082462262002BE6D16A461349284607F0F5
:10CCA000F0FA019A002ADED007EB08039A42DAD3A1
:10CCB000216AB7FBF1F301FB1373002BD3D1C4E955
:10CCC0000096E5602361A3606761B8F1000F01D1B0
:10CCD000A2EB07080C9BC4F81880E3619AF80530B2
:10CCE00084F824300020C0E7F335010008B504487B
:10CCF00006F034FBBDE80840024806F02FBB00BF39
:10CD0000F46601002967010030BFFFF7FDBF00BFD7
:10CD10002DE9F0410B4EDFF8308006EB0807CC1B05
:10CD2000054632460949204609F00EF8A019424648
:10CD30000021083C09F030F82C6707F10800BDE835
:10CD4000F08100BF00000000040000005C610100F1
:10CD5000074A936893F90E10002907DB5269934242
:10CD60001FBF044A536843F080535360704700BFAD
:10CD7000F40D002000ED00E070B5264B15469A6AD0
:10CD800012F0100F9A6A14BF1124102412F0080F29
:10CD90009A6A18BF1224920706460AD5586B9A6AF7
:10CDA000140634D519B19A6A22F080029A621324CB
:10CDB00001E06FF01500174B9A6A12F0010F9A6AA2
:10CDC00018BF142412F0200F9A6A18BF1524D20637
:10CDD00002D49B6A9B070AD50E4B5B68190506D5E2
:10CDE000314600F09FFA10B180F309880224094B04
:10CDF0009A6A920642BF5A6A22F400525A629A6AAA
:10CE000042F0FF029A6200232B70204670BD6FF043
:10CE10001500CCE700ED00E0134B9A6A12F0007F9A
:10CE20009A6A14BF1E201D2012F0807F9A6A18BFD4
:10CE30001F2012F4002F9A6A18BF212012F4802FAD
:10CE40009A6A18BF222012F4003F9A6A18BF232062
:10CE500012F4803F9A6A6FEA02426FEA12429A62C3
:10CE600018BF2420704700BF00ED00E010B5194B3B
:10CE70000246986A9C6A10F4805F14BF172016203F
:10CE800014F4006F9C6A18BF1820A40509D5986B8C
:10CE9000986A000404D51AB19A6A22F400429A6290
:10CEA00019200C4B9A6A12F4806F9A6A18BF1A20E4
:10CEB000D2050CD49B6A13F4005F18BF1C20054AEE
:10CEC000936A43F47F43936200230B7010BD1B20D1
:10CED000F5E700BF00ED00E0F0B5484B5B688BB0B4
:10CEE0000446C3F30803002585F31188BFF36F8F51
:10CEF00002F07F40B0F17F4F11D102F00C00082802
:10CF00000DD010074CBF0C4601250022033B8DF8C5
:10CF10000720032B05D8DFE803F0246367602C4665
:10CF2000F3E700239DF80720CAB902AE04F12007F9
:10CF300020686168324603C20834BC421646F7D105
:10CF4000099A002D54D0C2F3080121B96FEA522288
:10CF50006FEA4222099202A9184606F020FC0BB0A3
:10CF6000F0BD264BDA6A9107DBD4DA6A002AD8DBF7
:10CF7000DA6A5200D5D55A69A16942F480725A61C1
:10CF8000BFF34F8FBFF36F8F5A6931F8021C22F441
:10CF900080725A61BFF34F8FBFF36F8F4DF60272ED
:10CFA00091420AD09A6AD2B24AB10DF10702012128
:10CFB0002046FFF7E1FE0346B4E72368B2E79A6A2A
:10CFC00012F47F4F05D00DF107010120FFF74EFF4E
:10CFD000F1E79B6AB3F5803FA3D3FFF71DFFEAE7B4
:10CFE0000DF107020021E3E70DF107010020EDE755
:10CFF00022F4FF7222F00102ACE700BF00ED00E076
:10D00000044B5A6942F010025A615A6922F0080230
:10D010005A61704700ED00E0EFF30880EFF30981FB
:10D0200001B57246FFF758FF01BD00BF002080F335
:10D030001488BFF36F8F03F02FFA00200D490860AA
:10D04000BFF34F8F0C4880F3088800F03DF8202094
:10D0500080F3118809484FF40461401880F309886F
:10D06000EFF314800221084380F31488BFF36F8F1D
:10D0700000F020F994ED00E080240020C01600208C
:10D08000BFF34F8F0549064BCA6802F4E0621343B1
:10D09000CB60BFF34F8F00BFFDE700BF00ED00E0A6
:10D0A0000400FA050749D1F890200023C2F30722B3
:10D0B0001846934200DB7047C1F89830C1F8A000D1
:10D0C0000133F6E700ED00E008B572B6002383F304
:10D0D0001388FFF7E7FF144B4FF0FF32C3F88020AF
:10D0E000C3F88420C3F88820C3F88C20C3F89020AC
:10D0F000C3F89420C3F89820C3F89C20C3F880217B
:10D10000C3F88421C3F88821C3F88C21C3F8902187
:10D11000C3F89421C3F89821C3F89C2162B6BFF3E9
:10D120004F8FBFF36F8F08BD00E100E0084B9B6895
:10D1300083420BD1EFF3058343B1064B5A6842F0AB
:10D1400080525A605A6A22F400425A6208F053BD73
:10D15000F40D002000ED00E0094A93686FF00A0129
:10D160009967084958674B6843F080534B60002328
:10D1700083F31188BFF36F8F9368986F704700BF78
:10D18000F40D002000ED00E010B50446EFF311832C
:10D19000202383F31288BFF36F8F0A4B586998607E
:10D1A000094B4FF000625A60084B026F1A60002270
:10D1B000436F426783F31188BFF36F8F00F01AF952
:10D1C000204610BDF40D002000ED00E0100A002004
:10D1D0000B498A684FF030001044EFF3098C80E867
:10D1E000F01F74467046FFF7CFFFA64604498A68D1
:10D1F00002F1300090E8F01F8CF3098870470000BE
:10D20000F40D00201EF0040F0CBFEFF30880EFF3C5
:10D210000980816911F8021C0229FFD001B506F0CE
:10D22000C4FA01BD40B2002807DB044A41090123CA
:10D2300000F01F00834042F82130704700E100E019
:10D2400040B200280CDB4309064900F01F002033E0
:10D250000122824041F82320BFF34F8FBFF36F8F2D
:10D26000704700BF00E100E0054B420900F01F00DD
:10D2700053F82220012303FA00F01040704700BF4A
:10D2800000E100E040B20028A8BF00F1604001F1D9
:10D290000101B8BF064B4FEA4111ACBF00F5614038
:10D2A00000F00F00C9B2B4BF195480F800137047E2
:10D2B00014ED00E00B4A08B50B4B22F07F029A6098
:10D2C000BFF34F8FBFF36F8FD3F8882022F4700223
:10D2D000C3F8882004F0A4FA05F03CF900F060F8E7
:10D2E00004F0E2FA00C2000000ED00E042F8203C49
:10D2F000009B42F81C3C0A49019B42F8183C029BE7
:10D3000042F8143C21F001014FF0807342F8043CD4
:10D3100042F8081C0023203A02654367704700BFAB
:10D320003DC70000094A0346906870B113F1160F1B
:10D33000006E05D0A0F140029A4205D8834203D284
:10D34000814228BF0020704700207047F40D002064
:10D3500008B515460B4A0C4B9060026F1A600E46DA
:10D3600000F048F82C4686F309884FF00000074B80
:10D37000984720464FF000014FF000024FF00003A5
:10D38000034C2047F40D0020100A0020C93701008B
:10D390003DC70000014B10221A61704700ED00E00C
:10D3A000044800232021C2180133302B82F80013D7
:10D3B000F9D1704700E100E008B5EFF30583064AB4
:10D3C000103B02EBC30152F8330049688847BDE8BF
:10D3D0000840FFF7BDBC00BFD45F0100024B034A09
:10D3E0000348012100F076B8000002200000002070
:10D3F00004620100026E054B403A1A60044A402163
:10D40000C3E901121846012100F06EB8140A002089
:10D4100000000B15084AC2F898000B6823F01F03A0
:10D42000034343F01003C2F89C308B6843F00103C0
:10D43000C2F8A030704700BF00ED00E02DE9F043D6
:10D44000DFF8608085B00E461F4604464FF00009A5
:10D45000B14523DA6068D8B13FB1411E08421BD103
:10D460001F2819D92368194216D12368019306F0A1
:10D47000CEF9A36803430393D8F89050C5F307256A
:10D48000D0B2013DA84207D801A9FFF7C3FF421C53
:10D4900009F101090C34DBE76FF01502104605B005
:10D4A000BDE8F08300ED00E0044B0522C3F89420B2
:10D4B000BFF34F8FBFF36F8F704700BF00ED00E0E9
:10D4C000BFF35F8F024B0022C3F89420704700BF68
:10D4D00000ED00E010B5034C01232278FFF7AEFF0A
:10D4E000207010BD2C0E002008B50B4A00231278C6
:10D4F000FFF7A4FF10F1160F07D0084A0021D2F859
:10D500009030C3F30723984200DB08BDC2F89800AF
:10D51000C2F8A0100130F2E72C0E002000ED00E070
:10D520002DE9F043534B544CD3F890302568C3F3A6
:10D5300007239D4285B000F29A80FFF7C1FF0020CB
:10D540000C2685421AD14D4C4D4F25706846FFF789
:10D5500053FBDFF82081DFF82C9106460025AE4210
:10D5600013D1237843490020D1F89020C2F3072239
:10D57000934276DBFFF798FF002042E0616806FBEC
:10D580000011FFF747FF0130DBE7009800EB0511C2
:10D590004FEA051CCB683B40B3F5000F48D00AD8D2
:10D5A000B3F5001F30D0B3F5800F36D0B3F5801F30
:10D5B00010D00135D3E7B3F1807F42D0B3F1007FC3
:10D5C000F7D150F80C3088684A6806F020F940F42A
:10D5D000802009E050F80C3088684A6806F017F996
:10D5E00040F0885040F43020CDE901230390D8F872
:10D5F00090302078C3F30723013B98422AD96FF07B
:10D60000150005B0BDE8F08350F80C3088684A6812
:10D6100006F0FDF840EA0900E6E750F80C308868AB
:10D620004A6806F0F4F840F0007040F40030DBE7A0
:10D6300050F80C3088684A6806F0E9F840F08270CB
:10D64000D2E750F80C3088684A6806F0E0F840F0FD
:10D650008870C9E701A9FFF7DDFE23780133237045
:10D66000A7E7C1F89830C1F8A00001337CE74FF07C
:10D67000FF30C6E700ED00E0106201002C0E002034
:10D680000000F0FF0000081108B5024B1B68984726
:10D69000002008BD200A0020034B044A186093783C
:10D6A00043F0020393707047200A0020F804002022
:10D6B00008B50649064821F00701C1F1005202F5FC
:10D6C000003205F0F1FD002008BD00BF87300020CA
:10D6D000240A002070B54169857A0C4E044659B180
:10D6E000437ADB0706D4242303FB0563DB691B684D
:10D6F0009B6898470023636105EBC505214606EB4F
:10D700008500BDE8704008F023B900BFEC0600209A
:10D71000827A064B242101FB02331A6A1B7D1B33DC
:10D72000801A23F00303B0FBF3F07047EC060020EF
:10D7300038B5074B827A242404FB0233DB69D3E932
:10D7400001240C601568FFF7E3FF04FB005038BDAF
:10D75000EC0600202DE9F04F85B0054668460391A0
:10D7600091461C4690469A4608F0A2FADDE9006709
:10D77000EFF3118B202383F31288BFF36F8F698A35
:10D78000002942D02B8A8B4226D90022002328462A
:10D7900004F04AF90446F8B18BF31188BFF36F8F98
:10D7A000039B002B4FD032463B46684608F0A4FA54
:10D7B000A27A2D4B242101FB02332046DB691B6832
:10D7C00003A91D68DDE90023A847606100283BD15B
:10D7D0002046FFF77FFF31E0698A4B1E6B828BF397
:10D7E0001188BFF36F8F2B7D2A8A2C6A1B3323F09D
:10D7F0000303521A02FB03441B4B1C4AEB1A9B10F7
:10D800005343A3722B7DE372CAE78BF31188BFF3F6
:10D810006F8F54EA090409D008F036FB144A154BFF
:10D8200012589A420ABF8846C846C24642465346E4
:10D83000284604F0F9F804460028B1D10024204617
:10D8400005B0BDE8F08F6361012300252381039BB0
:10D850006382E27A6560294604F1180008F09CFAB8
:10D8600063692582E360EAE7EC060020398EE3383D
:10D8700008000000D008002070B50C4C242500B929
:10D8800070BD037A4668013BDBB20372002BF7D10F
:10D89000C3604360837A05FB03439B6913B19847D8
:10D8A0003046ECE7FFF716FFFAE700BFEC06002072
:10D8B000024B0122C3F840250020704700E00140E0
:10D8C00020B1034B800143F001031847704700BFAC
:10D8D0007061010038B5064C064DAC4201D3002002
:10D8E00038BD54F8043B002BF7D09847F5E700BF4C
:10D8F000546101005C610100084B0246186808B1E0
:10D90000036800B9704741899142FBD01BB1196887
:10D9100018460B46F5E71946FAE700BF300A002023
:10D920000A4B1B681BB11A681BB9184670471A4688
:10D93000FAE75989814206D01AB1116813460A469E
:10D94000F2E71146FAE7D868704700BF300A0020B6
:10D9500000230360044B5A6812B9C3E90000704702
:10D9600010605860704700BF300A00202DE9F04F6A
:10D9700000238BB0CDE9063304460D4601F10C0AB5
:10D980002B8A3BB999462168284606F06CF9216834
:10D99000002080E0072B40F20381EA68106851689C
:10D9A00006AB03C3BDF81A305BBA1FFA83FBADF8B0
:10D9B0001A30BDF81C305BBA9AB208215046ADF857
:10D9C0001C30059205F042FF2B8A5B45C0F0EE80CB
:10D9D0009DF8188018F0050940F0ED802168284670
:10D9E00006F02DF90646002800F0E880606840F84F
:10D9F000045B2B8ACDE9019901220092EA68042197
:10DA000007F04EFDA068314605F069FF9DF818301B
:10DA1000A768C3F3C103012BC7F84C9000F2C38081
:10DA20000598FFF769FF002800F093809DF81F100C
:10DA300005F026FF002800F08C809DF8183013F0C8
:10DA400007032ED0022B47D04FF00309A0683146C0
:10DA500005F045FFD4F8088008F104070221384694
:10DA600007F0DEFD00287AD056490222384607F03A
:10DA7000BCFD002873D04946384607F09AFD0221C4
:10DA800000286ED1384607F0D3FD2168284606F0FD
:10DA9000EAF82168304606F0E6F848460BB0BDE8E3
:10DAA000F08FD0F80090A068B9F1000F51D00F218D
:10DAB000043007F0B5FD00284ED02046C847814607
:10DAC000A0680F21043007F0B3FD40B9B9F1000F91
:10DAD00008BF4FF00709B9E7D0F80490E3E7B9F1C0
:10DAE000000FB3D1B7F84E90B9F1000F12D018F073
:10DAF000180F0FD1B7F84C00FFF712FF034610B90B
:10DB00004FF00109A2E7484698478146B0B1002E80
:10DB10004ED09BE7D7E90087D8F80C30FF1A08A948
:10DB2000A7F1080206A805F0BBFEA8F81070A368CC
:10DB30001B68DA680B4603CB1060516023683046DF
:10DB40001B6A9847814698BB5946504605F07EFEB1
:10DB500016E74FF0080979E74FF0070976E7022149
:10DB600090E7384607F064FD00288ED0D8E900A77A
:10DB7000DAF80C30FF1A08A9A7F1080206A805F088
:10DB80008FFEAAF81070A3681B68DA680B4603CBF7
:10DB900010605160236830461B6A9847002674E77E
:10DBA0004FF00909EFE64FF00D094FE74FF0090973
:10DBB0002E4600254AE74FF00809F9E74FF0020921
:10DBC000F6E700BF6667010070B504460E461546CD
:10DBD0008AB3A0F84810A0F84A201849032207F099
:10DBE00004FD18B9002000F0010070BD022120469C
:10DBF00007F016FD0028F5D011490522204607F050
:10DC0000F4FC0028EED03146204607F0DCFC00286A
:10DC1000E8D00C490222204607F0E7FC0028E1D0BA
:10DC20002946204607F0CFFC0028DBD00221204601
:10DC300007F0FEFCD7E70120D7E700BF69670100C6
:10DC40006D6701006667010070B50C4615461E46FB
:10DC500048B1094833462A46214605F059FD0028B7
:10DC600018BF0C2070BD054B0348197805F062FD04
:10DC70000028EED00A20F5E7380A0020640C0020C6
:10DC80007FB50C46002843D1234B69461878FEF730
:10DC9000B9FF00283ED1009805F0A2FC06460028F6
:10DCA00032D0009B5B68013B191901AA06F0E5FA26
:10DCB000014658BBDDE90005029B1D444368ED1A8F
:10DCC0002A4605F073FC044630B10D24009805F097
:10DCD0002AFC204604B070BD009B986806F055F8F9
:10DCE000A842F3D3009B5968014401AA304606F0CC
:10DCF000C4FA0098019943688268C91A521A05F05B
:10DD000055FC0028E2D0E0E71224DFE71324DDE72A
:10DD10001424DEE70A24DCE7640C0020F0B5064694
:10DD20000D4685B018220021284608F035F87368A2
:10DD3000581C00F09080002B7CD132691F2A6DD9CD
:10DD4000B268511C6CD0C5E90023F768434B3A68B0
:10DD50009A4267D1B269202A66D862B14048036806
:10DD6000013308D0037B9A4205D171690D3008F068
:10DD70001BF80446A0B1002005F0F2FE18B905F02A
:10DD800050FE00280FDA012005F0EAFE20B901203C
:10DD900005F047FE002806DA4FF0FF33EB60092458
:10DDA000204605B0F0BDE8606946C0B2FEF72AFF24
:10DDB00000283BD10098B26883689A4203D905F0E5
:10DDC000B2FB1E24ECE705F0AEFB337F73B9287B72
:10DDD00001A9FEF717FFB0B9019805F0F1FD04465F
:10DDE000019805F0A0FB002CDADB0DE002A805F09D
:10DDF000F9FEE8B907F1140102A805F01AFE00289F
:10DE0000E5DB1B24CCE70A24B4FA84F464096C74BF
:10DE10003369AB6001232B740024C1E71624BFE7EC
:10DE20001524BDE71724BBE71824B9E70A24B7E790
:10DE30001A24B5E70A4A13689168EB600023296049
:10DE40006B60736852689342E6D132691344994219
:10DE5000DED21F24A4E71424A2E700BF3DB8F39646
:10DE6000640C0020F0B595B00F46202302930446C1
:10DE700015466B460CAA03A93846019200F050FAE9
:10DE80000646002840F08E8004340F21204607F01B
:10DE9000C7FB10B9002015B0F0BD4349042220464D
:10DEA00007F0A3FB0028F5D007F00101204607F09A
:10DEB0008AFB0028EED03D490722204607F095FB5B
:10DEC0000028E7D005A903A800F0D0F9002861DAFE
:10DED00037490522204607F088FB0028DAD035496B
:10DEE0000422204607F081FB0028D3D001A9204658
:10DEF00007F075FB0028CDD02F490822204607F0F7
:10DF000074FB0028C6D0009981F01001C1F3001104
:10DF1000204607F0A1FB0028BCD028490722204654
:10DF200007F063FB0028B5D0C5F34001204607F099
:10DF300093FB0028AED022490922204607F055FB6A
:10DF40000028A7D0C5F38001204607F085FB0028F4
:10DF5000A0D01C490622204607F047FB002899D094
:10DF600005F00101204607F077FB002892D0164902
:10DF70000922204607F039FB00288BD0C5F3C001E9
:10DF8000204607F069FB002884D00F21204607F0C7
:10DF90004FFB80E7192205A920468DF82C6007F079
:10DFA0002DFB9AE7012076E773670100786701008F
:10DFB00080670100866701008B670100946701009C
:10DFC0009C670100A6670100AD6701002DE9F743DA
:10DFD00086683449043607460622304607F005FBBA
:10DFE00038B905F0DFFD05F0DEFD072003B0BDE820
:10DFF000F0830221304607F00FFB044605F0D2FD06
:10E00000002CF0D000240DF1070120468DF80740C8
:10E0100005F087FD8046204605F0C6FD9DF80730D7
:10E02000022B054680F001092AD180454FF00108F6
:10E030002CD14D45B8682CDA42462946FFF712FF2D
:10E040000028D0D022464946B868FFF70BFF0028C9
:10E05000C9D00221304607F0E7FA0028C3D01249A0
:10E060000B22304607F0C1FA0028BCD00021304610
:10E0700007F09FFA0028B6D005F095FD0020B5E71F
:10E0800080454FF00508D4D0022BD2D8074AD45689
:10E09000CFE722464946FFF7E5FE0028A3D04246D7
:10E0A0002946D1E7B7670100BE670100D2670100CA
:10E0B0002DE9F3414FEA6008044640460F4605F05B
:10E0C00073FD002306460DF1030140468DF8033031
:10E0D00005F027FD0546EFB105F068FD804505D147
:10E0E0009DF80330012B26D11C2420E0A6423DD010
:10E0F0009DF80330012BF7D0002B3BD0022B39D0F9
:10E10000204605F08EFC01A9C0B2FEF77BFDD0B120
:10E110000A240CE0A6422BD09DF80330012B03D03B
:10E120007BB1022BE0D0EBE7A042DDD100242046FA
:10E1300002B0BDE8F081002BE0D1A542F6D0A642A6
:10E14000F0E7A042EEE7331B594201983A465941A5
:10E1500006F0AAFC044628B1441E032C9ABF074BC4
:10E160001C570124019805F0DEF9E0E72024DEE7E2
:10E170002124DCE7A542C3D1D8E700BFD567010061
:10E18000F0B597B035490C9104210D91344902AA9C
:10E19000CDE90E12334A119205460722D0E9010457
:10E1A0001292314A139200230DF10302CDE902339A
:10E1B0008DF8033001938DF8403014928DF854306F
:10E1C000022201AB0CA9043005F0A3FB002841D1C9
:10E1D00005F0E8FC039B04346BB99DF8033063B190
:10E1E00005F0E4FC05F0E0FC9DF80310FFF760FF8C
:10E1F00018B382B202E0202B0AD018222046012157
:10E20000FFF7E2FC044605F0CEFC2CB300241BE033
:10E21000029B04AA03F1200C174618685968164699
:10E2200003C6083363453246F7D10021384605F06E
:10E23000BFFC0028D8DA0822E0E72846FFF7C6FE30
:10E24000044620B105F0AFFC204617B0F0BD05F044
:10E25000AAFCDBE70324F7E70724F5E7866701005C
:10E260007D520100CA6701002953010073B543883C
:10E270000193437800930E4603780C4A0546192112
:10E28000304604F0E1FA041E03DA4FF0FF3002B02A
:10E2900070BD6B683BB1064AC4F11901301904F036
:10E2A000D3FA031EF1DBE018F1E700BFD9670100E4
:10E2B000E5670100033880B219289ABF014B185650
:10E2C000012070470868010008B5054B2C22002189
:10E2D000184607F061FD4FF0FF3240F8042C08BDEE
:10E2E000680C00200148FFF733BB00BF0805002081
:10E2F00010B5041D08490322204607F076F908B935
:10E30000072010BD054B2046596807F066F9002824
:10E31000F6D00020F5E700BFE9670100640C00209B
:10E320002DE9F0438BB00C460DF10301054616466E
:10E330001F4605F0DCFB0146002840F08D802023BD
:10E3400002AA284605F0B2FB002850D19DF80380B0
:10E35000DFF81091B4BB0298484540D10FB1069B3D
:10E360003B60059BBDF810401C4404230DEB0302E9
:10E370002146284605F09AFB40B9BDF8042046F630
:10E3800008139A4204BFBDF80630E41804230DEBCD
:10E3900003022146284605F089FB58BBBDF804203E
:10E3A00046F607139A4225D1BDF806700434274477
:10E3B000814604F10408B8451ED989F001094FEAE5
:10E3C000C90014E008224146204607F0E5FC029807
:10E3D000484504D107AB03CB20606160BEE74FF036
:10E3E000013303FB08F8404514BF172003200BB08E
:10E3F000BDE8F0830420FAE704230DEB0302214675
:10E40000284605F053FB0028F1D1BDF80420BDF8E3
:10E410000630FF2A05D14FF6FF72934205D1052041
:10E42000E5E7102A01D1202B04D0043303EB0408C4
:10E430004446BEE7B9F1000F10D116B94FF00109FB
:10E44000F6E72434BC420BD832464146284605F054
:10E450002DFB0028F2D0CAE70220C8E70620C6E755
:10E460000720C4E73DB8F39670B58AB01B4A059201
:10E47000D0E9010504220692194A079200230126D9
:10E4800001AACDE9016308928DF82430324602AB2F
:10E4900005A9043005F03DFA0446E8B903460246F2
:10E4A00003A901980435FFF73BFF58B9019805F01F
:10E4B00057FB38B1092201212846FFF785FB20468A
:10E4C0000AB070BD019805F0CBFA0646FFF7FCFED6
:10E4D000002EF4D0B2B2EEE70324F0E77367010038
:10E4E000735201002DE9F043B7B0D0E901370024A1
:10E4F0000DF12008214620220646404603F104097A
:10E50000019407F049FC4FF0FF33CDE909335B4B31
:10E510001893052319935A4B8DF87040CDE91A389A
:10E52000584B1D9304231E930BAA574B1F93209205
:10E530002E93564A22920DAB554A2F93554B249257
:10E540000AA92992319309AA072325912A925249AF
:10E55000524A3293524B339303250FABCDE9271523
:10E56000CDE92C253493062201AB18A948468DF835
:10E5700084408DF898408DF8AC408DF8C0408DF8FF
:10E58000D440239505F0C5F90446002874D102A9AA
:10E5900040460437FFF7C2FB88B182B201213846FA
:10E5A000FFF712FB0023054610AA19460120FFF7CA
:10E5B000B7FEFFF789FE002D08BF072406E09DF88F
:10E5C00018303BB9B068FFF793FE0446204637B0D9
:10E5D000BDE8F083334D059B2B60029BAB60099B2C
:10E5E000DBB9DDF838800D996C60424605F10D000D
:10E5F00085F80C8007F0A8FB08F10D00C8F1200297
:10E600002146284407F0C8FB9DF819302BB10A9920
:10E610002046FFF735FB0028BFD10C9BD5E901123E
:10E620002BB9914222D0B068FFF762FECEE70B44CF
:10E630009A1A534253410B99049A0998FFF704FB25
:10E64000034688B96A6804990A44A9686A608A42DC
:10E65000E9D1014610AA0120FFF762FEB068FFF77A
:10E6600047FEFFF731FEB1E782B297E710AA1946DD
:10E670000120FFF755FED6E72C46A7E7ED6701001E
:10E6800073520100F36701007D520100F867010039
:10E690007952010000680100E9670100FC67010090
:10E6A00029530100640C00200148FFF751B900BF55
:10E6B0001805002008B54FF400520023024803F06B
:10E6C000CFFB002008BD00BFC0040020F0B589B01A
:10E6D000D0E90145134A0392134A0023012701AEF2
:10E6E000CDE90133CDE905268DF81C30201D6B46A0
:10E6F0003A4603A9049705F00CF9044678B90435A5
:10E700000A493A46284606F070FF20B131462846AD
:10E7100006F068FF00B90724204609B0F0BD0324C5
:10E72000FAE700BFA4670100835201006B67010094
:10E7300013B5084C204607F07DF9074B009320469F
:10E74000064903234FF4006203F022FB002002B0CD
:10E7500010BD00BF10070020AC620100800E002039
:10E7600002480022002305F06DB800BFEC0600202F
:10E7700010B5036A044643B1054907F02FF904F1C7
:10E78000100007F0D2F8002010BD6FF01500FBE775
:10E790000D3C010010B50446103007F0CEF82146BC
:10E7A0000248BDE8104007F035B900BF100700204F
:10E7B0000748084B10B50362074B4362FFF7D8FFC9
:10E7C000044610B9054800F02FFB204610BD00BFDD
:10E7D000940C0020873C0100813C0100E1E700002F
:10E7E00008B50146034807F0A8F8BDE8084002480C
:10E7F00003F0C8BADC06002028050020F8B50D4E4D
:10E800000D4F00220023304603F00EF9044600B9F4
:10E81000F8BDD4F88420211D384605F058FA054685
:10E82000204600F079FA002DEBD004482946FFF786
:10E83000B1FFE6E7DC060020C80C0020940C0020A5
:10E840002DE9F74F05460E4614460A4601460020BC
:10E8500004F0C1FA4FF0000A074640F606134FF0E5
:10E860005D08D1464FF0010BB245ADF8023001DB37
:10E87000002062E002210DEB0100A04700285CD1DE
:10E88000BBF1000F13D0B31C5BBAADF80230ADF88A
:10E89000043022462B788DF80630032101A805F0BC
:10E8A00007FA002849D10AF1010AA8F10308A6EBEA
:10E8B0000A0343459B46A8EB0303A8BFC346012BAD
:10E8C00005D80BF1FF3B4FF00009D34414E0FCDD09
:10E8D0004FF00109F9E705EB0A0335F80A209B78A8
:10E8E000ADF804200321224601A88DF8063005F07A
:10E8F000DFF910BB0AF1030AABEB0A03022B524605
:10E90000E9DCB9F1000F0FD0A6EB0A03012B17D0F9
:10E91000022B22D043B97BBAADF804302246022143
:10E9200001A805F0C5F940B919480121A0474FF0E9
:10E93000000B41F20443002896D003B0BDE8F08FED
:10E94000AB5C8DF804303B0A0AF1010A8DF8053002
:10E950008DF8067022460321E2E70AF1010315F85B
:10E960000A20EB5C8DF804208DF8053022463B0A26
:10E97000032101A80AF1020A8DF8063005F098F982
:10E980000028DAD18DF8047022460121C8E700BFC3
:10E9900027670100084B70B5C31A0D4607499B1045
:10E9A000044659430648402205F0FAF92B46014631
:10E9B0002046BDE870401847E40C0020B76DDBB678
:10E9C000345F010073B50C4C0C4A4023041B0093C8
:10E9D0000D460B460A49A41061430646094805F056
:10E9E0000BFA011E05DA30462B4602B0BDE8704036
:10E9F000184702B070BD00BFE40C0020633E010068
:10EA0000B76DDBB6345F010010B5EFF3118420233E
:10EA100083F31288BFF36F8F074A136823F0020154
:10EA2000DB07116002D4012006F0E2F884F31188BC
:10EA3000BFF36F8F10BD00BF340D0020002270B5F2
:10EA4000012104461046FEF71DFC0F4801F01CFE94
:10EA50000E4B984215D101F027FE26690C4930462D
:10EA600004F0D8FC00280BDB012535642469084933
:10EA700004F11C0004F0CEFC002801DBE56400205A
:10EA800070BD6FF00400FBE78DEB00000000AD0BE4
:10EA9000B46201001FB500220123CDE90223094A17
:10EAA000CDF800D06B46CDF804D005F0D3F900289E
:10EAB00005DB4FF480420023684603F00BF805B0F5
:10EAC0005DF804FB813E010030B4104B0C2202FBC8
:10EAD000003301460020D3E90E529863EFF3118012
:10EAE000202484F31288BFF36F8F1C6C04F0C004E1
:10EAF00044F002041C6480F31188BFF36F8F1DB1D2
:10EB00002B46034830BC184730BC7047E40C00204B
:10EB1000345F010010B4EFF31182202383F31288D5
:10EB2000BFF36F8F1748016841F002040460C80703
:10EB300007D482F31188BFF36F8F012010BC01F05E
:10EB4000C5BD4FF08041D1F80C04D1F80C14C907B1
:10EB5000EFD5EFF3118083F31288BFF36F8F0A496B
:10EB60000B6C03F0C00343F002030B6480F31188C5
:10EB7000BFF36F8F82F31188BFF36F8F002010BC3B
:10EB8000FFF7A2BF340D0020E40C002010B10128D3
:10EB900004D07047034B1B6C5B0701D1FFF794BF98
:10EBA000704700BFE40C00202DE9F0413849BFF365
:10EBB0005B8F0746012251E8003F41E80020002812
:10EBC000F9D1BFF35B8F33B9324933484B60CB6027
:10EBD0008A6004F032FC7B1E012B2BD8012F07D159
:10EBE0004FF08043D3F81C3403F00303012B21D0F2
:10EBF00006F026FF0546F8B9284B1B78E3B14FF025
:10EC000080430222C3F808230646DFF894804FF0C1
:10EC10008044D4F81824D4F81834D20315D503F05E
:10EC20000303012B01D0012F0FD155B386F31188B7
:10EC3000BFF36F8FBDE8F081EFF31186202383F3DC
:10EC40001288BFF36F8F0125DFE7ADB1304604F0C6
:10EC5000CFFDD4F81835002BDBD1D4F80421002ADD
:10EC6000D7D0C4F80431D4F804310123C4F81835DE
:10EC7000C8F88031A360CCE70021212003F0AEFB6F
:10EC8000E7E74FF080430222C3F80423D2E700BF36
:10EC9000E00C0020D00C0020000D0020700E0020A1
:10ECA00000E100E008B5074806F0F0FC38B106487E
:10ECB000FEF7F2FC0448FDF723FD002008BD6FF0CD
:10ECC0001200FBE7705F0100CDEC00000A2838B5A8
:10ECD000074D044604D1AB680D215B682846984770
:10ECE000AB6803485B68E1B29847204638BD00BF77
:10ECF000705F010070B5074E04464518AC4201D163
:10ED0000002070BD14F8011BB36802485B68984787
:10ED1000F4E700BF705F01000146014806F068BDDE
:10ED2000C00600202DE9F047374D8AB0374CA76860
:10ED300002E02046984748B9FB6B002B58D1A668E3
:10ED4000B36B002B5BD1F36A002BF2D1336913B99B
:10ED50006FF0570606E02D48202202A99847064684
:10ED60000028E9D02A4C02AF4FF00009B145DDDAA6
:10ED70002B7817F8018B7BB9D4F800A0BAF1000FFB
:10ED80000AD124480022002301A902F01FFED8B9AD
:10ED9000019B2360C3F8840095F800A02068BAF1B5
:10EDA000000F09D1D0F884307F2B12D9FFF7B4FFC0
:10EDB0000123C4F800A02B70B8F10A0F01D1002381
:10EDC0002B7009F10109D1E70123C4F800A02B70D1
:10EDD000E2E75A1C0344B8F10A0FC0F8842083F814
:10EDE0000480EED10C4BC4F800A01B689847E8E7FC
:10EDF000204698470028A2D10AB0BDE8F0872046F7
:10EE0000984700289FD1F7E72D0E0020705F010082
:10EE1000380D0020C00600203C0D0020014AFFF7FD
:10EE20000FBD00BFF5EC00000F4B70B518600F4C24
:10EE3000204606F02BFCB0B1A3685B6A0BB12046FC
:10EE40009847A568AB690BB1084898472B6C1BB174
:10EE50000749064800229847A3681B6A1BB1BDE812
:10EE600070400248184770BD3C0D0020705F0100E3
:10EE700025ED0000004870471C6301002DE9F04FAC
:10EE80008FB0044602AF00694FF0FF32012106F057
:10EE900069FD6668306806F0F9FB30B96FF012055D
:10EEA00028463437BD46BDE8F08FF06818B106F04B
:10EEB000EDFB0028F2D0206904F0EDFF204605F0BC
:10EEC00052F8051E3CDDEA0734D4206904F0E1FF66
:10EED000206904F0E0FF0323019307F1100300937E
:10EEE00000231A469F21204604F0DBFF804620695C
:10EEF00004F0CFFFB8F1000FD0D1337E002B3BD010
:10EF0000206904F0C8FF204605F02DF8051E2EDD0F
:10EF1000337E25EA03053D764346CDE9008880220D
:10EF20000621204604F0BDFF034678B1206904F0B5
:10EF3000B0FFB3E700220023204605F025F8054680
:10EF4000206904F0A6FF002DC2DAA7E707F1180236
:10EF50000121009201918022204604F0A2FF0028A6
:10EF6000E4D100220023204605F00EF80546206972
:10EF700004F08FFF002D91D1206904F08CFF18233D
:10EF80000193FB180093052200235A21204604F028
:10EF900088FF05462069EA4604F07BFF002D7FF4D8
:10EFA0007DAF8B4BBA699A427FF478AF97F81E8099
:10EFB000B8F1010F9CBF08F101085FFA88F807F16A
:10EFC000200394BF4FEAC8084FF0100898441D462C
:10EFD0004FF0000BA84533D12369D869D5461946AF
:10EFE00003F1080600224D7C25B18D7C0AB19542C3
:10EFF00000D22A4602318E42F5D1002A3FF44EAFAC
:10F000004FF0FF359540ED4315F480557FF446AF42
:10F010004FF48052000B5A621862206904F03BFFE3
:10F0200063685B7EDB0700F1BE80206904F031FF7E
:10F03000206904F030FF206904F02BFF00252FE742
:10F04000EA792B7843EA0223B3F57F4F40F0A98099
:10F05000EA786E79C7F80CD0142A28BF14229200DF
:10F06000242A134638BF2423073303F4FF63ADEB90
:10F07000030DAB792069BA60360246EA03462B7964
:10F080001E4304F008FFBA680DF10809CDE90092AB
:10F09000330205225A21204604F003FF0646206968
:10F0A00004F0F7FE002E63D1D9F80410236900297B
:10F0B00003F111025EDA21F000410120A1F12006E6
:10F0C000C1F1200C00FA06F620FA0CFC46EA0C0608
:10F0D00000FA01F1C90841EA4676C3F811B00121EE
:10F0E000C2F804B04846C7E90032B96005F0F5F847
:10F0F000B9687A683B680131C9B2052902F1020298
:10F10000F0D1EA780A2A88BFD9F82820DE6183BFC7
:10F11000C2F3031101228A404FF480725A83D9F856
:10F12000003013F4C02F3AD007F1140249462846A4
:10F1300000F0D4F8064690BB97F8149009F1FF331D
:10F14000DBB2FD2B2BD819F0030F11D0206904F08E
:10F15000A2FE19F0020F0FD10023CDE90033802267
:10F16000B721204604F09DFE88B1206904F091FE8D
:10F17000D54693E60131ADE7CDE9006633468022FE
:10F180000621204604F08DFE0028E5D0EDE7226937
:10F19000137C43F001031374206904F07AFED7F85E
:10F1A0000CD0083516E72B46CDE900558022B92151
:10F1B000204604F076FE0546206904F06AFE002D24
:10F1C000BFF636AF15F1860F3FF432AF68E600BFE9
:10F1D00053464450024B0B6001231360704700BF3D
:10F1E000680D0020004870473863010010B5012207
:10F1F00011460648064C06F0B5FB05F099FD206067
:10F2000005F092FD6060002010BD00BF700D002071
:10F21000680D002070B50C46154605F085FD2946A1
:10F220000646204604F0D3FF08B3B4FBF6F306FB12
:10F230001343E3B9B5FBF6F306FB1353BBB9B54271
:10F2400001D2002070BD4FF0FF324FF0FF3309486C
:10F2500002F040FC05F068FD0646204601F0B8FECD
:10F26000AD1B3444F9D1034802F010FCE9E76FF01C
:10F270001500E7E7700D0020F8B50E463046194638
:10F2800017461C4604F0A3FF08B346EA040515F030
:10F2900003051CD1A4B10F484FF0FF324FF0FF33EC
:10F2A00002F018FC24F00304A54206EB050009D186
:10F2B000094AD2F80034DB07FBD5064802F0E6FB2A
:10F2C0000020F8BD795901F0A3FE0435ECE76FF09A
:10F2D0001500F6E7700D002000E00140C3780F2B09
:10F2E00014D9C96B0B480B0E13708B0200EA9110F6
:10F2F00003F47C030906034301F0FE4110680B434D
:10F30000054901400B431360002070476FF08500F2
:10F31000704700BF00FF0300FF000080F0B54068A9
:10F32000057B01F01F0444EA4514056987B0002DF0
:10F3300064D0B2F5001F00F1100506D12146284621
:10F3400005F0E7FC002007B0F0BD01AE0027B2F5E4
:10F35000800F0197776039D1B3F1007F14BF052387
:10F3600004238DF804300023CDE9046303938368FC
:10F3700023FA01F111F001011AD1B2F1A07F17D1E6
:10F3800004F01F03620903F5E0732AD0012A3BD180
:10F390001F4A52F82330DB070AD40DF10306324628
:10F3A0002146284601F06EFC1A4B98421CD002966A
:10F3B00003AA2146284601F027FB174B984220D18B
:10F3C00001222146284601F0C1FCBBE7B3F1C06F22
:10F3D00005D0B3F1007F14BF01230223C1E703234B
:10F3E000BFE74FF0A042D4E73146284601F0A8FC21
:10F3F000094B9842DBD06FF00B00A4E76FF085005B
:10F40000A1E76FF015009EE751F82330FFDE00BF43
:10F41000000300500400AD0B0000AD0B38B545688B
:10F420002B69B3B11035284601F07AFC044680B947
:10F430000146284601F040FC084B98420BD1084990
:10F440002246284601F018FC224605210620FDF739
:10F4500019FF002038BD6FF00400FBE70000AD0B82
:10F4600065F40000420970B5034602D0012A17D0A6
:10F4700070BD0D4E326951680029F9D003F01F03A9
:10F4800001250C689D400029F2D08A682A4002D0EC
:10F490004B68304698472CB1236821461C46F2E75A
:10F4A000024EE7E72346F8E75C5F0100485F010092
:10F4B0002DE9F043466840F20635D006337B87B02D
:10F4C00002EA050554BFC2F34010032001F01F07F4
:10F4D000B5F5837F144647EA43178DF8030045D0FE
:10F4E0000FD8062D18D007D8B5B1022D40D06FF037
:10F4F000150007B0BDE8F083B5F5807FF7D1012591
:10F500000AE040F20222954234D0B5F5407F33D074
:10F51000B5F5007FEBD102250123220303FA01F1A7
:10F520002CD57368C3F80815326982BB07F01F0336
:10F530007F0929D0012F77D13E4A02EB830284F460
:10F540008033D2F80017C3F30043C4F3404444EAC5
:10F55000430421F4E16144EA800421F0070144EA14
:10F5600005230B43C2F800370020C2E70725D3E785
:10F570000425D1E70525CFE70325CDE7630344BF85
:10F580007368C3F80C15CFE74FF0A042D5E71036EB
:10F590000DF102023946304601F074FB14F4403F8D
:10F5A00080460CD13946304605F0B1FB224B9845D8
:10F5B000DAD19DF80210304601F0BCFBD4E701AB74
:10F5C0004FF0000903AA39463046CDE90439CDE9A8
:10F5D0000199CDF80C9001F017FA174B984286D19B
:10F5E00014F4003315D09DF803308DF80E3084F4F8
:10F5F0008034C4F300444B4603AA394630468DF8A4
:10F600000C508DF80D4001F0B9FA0B4B9842CDD05B
:10F610006DE7CDE9043303AA0DF103033946304603
:10F62000039301F0F1F9F0E703F5E07352F82330AA
:10F63000FFDE00BF000300500000AD0B036803F0C5
:10F640001F025B09026004D0012B034818BF002091
:10F6500070474FF0A0407047000300502DE9F04F75
:10F66000DFF86091DFF860A185B01546834600EBB6
:10F67000810140F2FF18594503D1002005B0BDE8D3
:10F68000F08FDBF800305804C3F3C322C3F308043F
:10F6900000F191801B0E19F80270444508BF4FF02D
:10F6A000FF34192B00F28A80DFE803F00D141A1DD5
:10F6B00020261D8888888836638888888888888876
:10F6C0008888667C7F82C5F80C45621C5ED10BF190
:10F6D000040BD0E7C5F81445631CF8D000265FE0A2
:10F6E000C5F80845F1E7C5F81045F5E7661CC5F80B
:10F6F0000845ECD0002604E0601CC5F80C45E6D0B7
:10F70000012603A80394FFF799FF039B012202FA45
:10F7100003F3C0F80C3508E0C5F80845002FDBD12D
:10F72000631CD4D0002632460627DBF80030019354
:10F7300003F40040002818BF002203A8009218BF5D
:10F7400001260394FFF77AFF039C019B009A00EBCC
:10F750008400C3F3412CD0F800473B0243EA8C03FA
:10F76000134304EA0A04234343EA4603C0F800377C
:10F77000ADE7C5F80C45D1E7C5F86045621CDBF87C
:10F780000030A4D0C3F30043002BB9D003A80394E6
:10F79000FFF754FF039B012606FA03F3C0F8083570
:10F7A0003246C2E7C5F86445E8E7C5F86845E5E7CD
:10F7B000C5F86C45E2E76FF015005FE76FF0850074
:10F7C0005CE700BF7E680100F0F8FCFF2DE9F04126
:10F7D000044647680D4606F033F94FF0200888B913
:10F7E000264B1B7873B16426606804F095FEF0B96F
:10F7F000012005F095F9013EF6D10021212002F00B
:10F80000EDFDF0E7EFF31186314688F31288BFF380
:10F810006F8F606804F080FEA8B986F31188BFF38B
:10F820006F8FEFE786F31188BFF36F8FE5E7EFF394
:10F830001186314688F31288BFF36F8F606804F039
:10F840006BFE0028EED0FB691D706368FA691B68C7
:10F850000020C3F844250122C3F84825C3F820013D
:10F86000D3F82041C3F85801D3F858019A6081F3C6
:10F870001188BFF36F8FBDE8F08100BF700E0020CC
:10F88000F7B50546002201210220FDF7FBFC02200E
:10F89000FDF7C8FC6B6818681A69C0F82425997DC3
:10F8A0005A7D0A43198B1B7D0B431343C0F86C35FB
:10F8B0006E68D6E9004313F0010348D02F6907F1C1
:10F8C0000C0005F039F9304B98425AD1387B04F1DD
:10F8D0000C0204F5907105F025F9387B012707FA31
:10F8E00000F000F0CBFE0823C4F80035F369C4F83B
:10F8F00044350023C4F84835A760D4F85831002BAC
:10F90000FBD00021C4F800156B68DC6801AA204612
:10F9100004F04BFD002805DB019B2268197918686B
:10F92000FFF79CFE6A6813680821C3F80015117A76
:10F9300051B9126AC3F834250122C3F83825C3F837
:10F940001011D3F810111A60002003B0F0BD082286
:10F95000C4F80025F269C4F84425C4F848350123E9
:10F96000A360D4F82031002BFBD00023C4F8203151
:10F97000D4F820310123E3604FF48073C4F80433DA
:10F98000BBE76FF00400E0E70000AD0B2DE9FF419D
:10F990000569D0F804802B6D0646A86C002835D187
:10F9A000002B53D0B8F838406A6CEF6C9C4228BFEB
:10F9B0001C46EB6C53B1296D41B107F06041B1F1C8
:10F9C000005F03D0082C6F6E28BF082400926A6C79
:10F9D000AC651AB1AA6C002A18BF2246CDE90127EE
:10F9E0001BB12B6D002B18BF2346002269464046F1
:10F9F000039301F05BFD184B984229D06FF004018E
:10FA0000304604B0BDE8F04104F001BF696CEF6C12
:10FA1000B8F838400A46ABB1834228BF03469C423F
:10FA200028BF1C460029C4D001F06043B3F1005F39
:10FA3000BFD0082C28BF08242246286E06F084F97F
:10FA40002A6EB6E7844228BF0446EBE71946D7E79B
:10FA500004B0BDE8F08100BF0000AD0B2DE9F04F10
:10FA60008FB09846436801938B8804690F469904C8
:10FA70000646914600F11D814FF0FF324FF0FF33F3
:10FA800004F1100002F026F86760D6F804B0D6F84A
:10FA900010A0DBF8083003939AF85D3023B1DAF850
:10FAA00000309F4200F08980B7F804E01EF4006F38
:10FAB00040F036811EF0090F40F02F81CEF3451340
:10FAC000082B40F02A813B680293029AAD4B9A4280
:10FAD00040F223810BF10C0CBCE80F0004AD0FC504
:10FAE000BCE80F000FC5DDE902329A4228BF1A4672
:10FAF0009CE80300A44B9A4285E803001BD2A34B69
:10FB00009A4218D2A24B9A4215D2A24B9A4200F2C4
:10FB1000D980A14B9A4200F2D780A04B9A4200F2C2
:10FB2000D5809F4B9A4200F2D3809E489E4B9F49BE
:10FB3000824288BF0B461EF0020F09930EF00403A9
:10FB400000F0C880002B14BF032302238DF8283057
:10FB5000CEF300138DF82930DBF80030D3F80825F8
:10FB60001EF0020F4FEA5213CEF3400102F01F02C3
:10FB700040F0B780002B00F0B180012B40F0FA80FC
:10FB80008B4901239340C1F80C359AF85D302BB1B5
:10FB9000584601F043FC00238AF85D303346854A1D
:10FBA00004A9584601F006FC834B984240F0A5801A
:10FBB00001238AF85D30CAF80070012384F85C30B4
:10FBC000019B196C4A1C03D003F1440004F089FE28
:10FBD000B9F1000F40F0A780C4F834900023A3636C
:10FBE00004F1480204F1380104F1340004F038FD56
:10FBF0006064B8F1000F40F09F80C4F83C8000239F
:10FC0000236404F1500204F1400104F13C0004F0CB
:10FC100027FD00252A46E06401212046256304F0E3
:10FC200055FD3046FFF7B2FEA06B2A462B468342B5
:10FC300040F08B800023256C1946A94240F08C804F
:10FC40009342274638BF13464FF4FA5202FB03F59E
:10FC500057F8203B4FF000081B68B5FBF3F54FF455
:10FC6000004CC835414640F2E7304FF47A72002329
:10FC7000E5FB0C01FCF744FB02460B46384601F05D
:10FC800029FF024618B9256B15F1740F6BD1019845
:10FC9000C4F8588001F0C2FB84F85D806FF07301F6
:10FCA000304604F0B4FD384601F03AFF6FF07305BA
:10FCB00025E0A369002B7FF4DFAE63689F427FF4E9
:10FCC000DBAEE2E63D4B36E73D4B34E73D4B32E7FA
:10FCD0003D4B30E7003B18BF012337E74FF0A04111
:10FCE0004FE73BB1012B48D1314901239340C1F883
:10FCF00008354AE74FF0A041F7E76FF004052368A5
:10FD00009B8813F4005304D1636004F1100001F0E8
:10FD1000BDFE28460FB0BDE8F08F6FF01505EEE789
:10FD20006FF08505EBE7D9F800306363002B3FF4F3
:10FD300055AFD9F8043052E7D8F80030E363002B10
:10FD40003FF45DAFD8F804305AE7616B01EBC301B3
:10FD5000013349680A446AE7E06B00EBC1000131F6
:10FD60004068034469E7002DC9D00146306904F0BA
:10FD7000ADFCC4E7C1F80C15FFDE0023C3F808355D
:10FD8000FAE700BF47E801000048E8010024F4005A
:10FD900000127A00FF083D007F841E003F420F00E2
:10FDA0001FA107008FD0030048E8010090D0030096
:10FDB00000030050314801000000AD0B00093D0078
:10FDC00080841E0040420F0020A1070000F01F02A7
:10FDD00040090DD001280ED10A4B03EB82030A4AD9
:10FDE000D3F80007024042EA8102C3F800277047B7
:10FDF0004FF0A043F1E702F5E072002353F8223000
:10FE0000FFDE00BF00030050F0F8FCFFF0B587B044
:10FE100001238DF8023002238DF804306B440393E4
:10FE20000F4601AB0DF10301002404930546029136
:10FE3000059400F085FF0C4B984206460FD103AAAB
:10FE40003946284600F0E0FDB0420BD09DF8031083
:10FE5000284600F06FFF6FF0040007B0F0BD6FF0B0
:10FE60001200FAE72046F8E70000AD0B70B5012359
:10FE700083400E4ABFF35B8FDC4352E8001F01EA68
:10FE8000040542E80056002EF7D1BFF35B8F4FF414
:10FE9000803282400648C0F80823BFF35F8FBFF36B
:10FEA0006F8F0B4214BF0120002070BD9C0D0020FD
:10FEB0000010014070B40E49D1E90034D01AC318C3
:10FEC00044F1000422F07F46C1E90034A6F5001396
:10FED000B3F5400F09D2074B1B681A0A1B069C1981
:10FEE000054B42F10005C3E9004570BC02F00CBCB3
:10FEF000C0070020A00D0020C807002011B3BFF3E9
:10FF00005B8F0123104A834052E800CF4CEA030C78
:10FF100042E800C10029F7D1BFF35B8F0B4A4FF4D1
:10FF200080338340C2F80433094BBFF35B8F1B68F7
:10FF3000BFF35B8FC340DB0742BF064B4FF4003279
:10FF4000C3F80021704700BF9C0D00200010014045
:10FF5000980D002000E100E00D4B1868010A000632
:10FF6000BFF35F8F0B4BD3F80435181841F1000134
:10FF7000B3F5801F0AD2084BD3E90023904271EBFE
:10FF8000030303D210F1807041F10001704700BFFC
:10FF9000A00D002000100140C80700202DE9F04FFF
:10FFA00085B016461F469DF840A00446FFF75EFF49
:10FFB0000190FFF7D1FFB04271EB070354D23E4BE3
:10FFC000301A67EB0101984271F100014FD23B4BAF
:10FFD00003EB0413D3E902239F4208BF96425ED08D
:10FFE00037494FF4803804F1500508FA04F8AD00A1
:10FFF000C1F848832046ADB204F09BFC26F07F4B4D
:020000040001F9
:1000000005F1804504F5A87305F58835DC464FF009
:1000100003090293029A2CF07F4341F82230C1F881
:100020004483D1F80435274A6FF00200C01A6044B7
:1000300020F07F40904232D9286868B1D1F8043569
:100040000393A3EB0B0020F07F40B0F5000F26D9FF
:10005000204604F06EFC039BBAF1000F07D109EBB8
:10006000030C09F10109D5E7BAF1000F09D06FF0CF
:10007000150520460199FFF741FF284605B0BDE868
:10008000F08F0123104ABFF35B8FA34052E8000FAB
:10009000184342E800010029F8D1BFF35B8F0749FC
:1000A0000E98230101EB0412C8500F9B5360C2E964
:1000B00002670025DDE700BF01008000B0070020D7
:1000C00000100140FDFF7F00980D00207FB51C4C03
:1000D0001C4BC4F80833C4F848331B4B00254FF0C1
:1000E000FF304FF0FF31C4F80855C3E902014FF467
:1000F0008033C4F80433154B02264FF4003201213B
:10010000C4F804631120C3F880212A46FDF7BAF829
:100110001120FDF787F80E4A0123A36023601360C6
:100120000C4B0D4A0093CDE9015500232846FFF7FB
:1001300035FF3046FEF738FD284604B070BD00BFDD
:100140000010014003000F00B007002000E100E0B4
:100150009C0D0020B5FE0000FFFF7F002DE9F74356
:100160002F4CD4F8043399070BD5D4F8043143B19C
:100170002C4A0023C4F80431D4F804311368013345
:100180001360D4F80433DA0329D5BFF35B8F264B11
:1001900053E8002F22F0010143E800100028F7D1B6
:1001A000BFF35B8FD30702D4D4F84031BBB1002535
:1001B000C4F84051D4F84031FFF7CEFEEFF311827E
:1001C000202383F31288BFF36F8F184BD3E90267A4
:1001D000B042B94106D282F31188BFF36F8F03B0EA
:1001E000BDE8F0834FF0FF384FF0FF39C3E90289D3
:1001F000D3E900101D604FF48033C4F84833C4F8CD
:100200004051D4F8403182F31188BFF36F8F002939
:10021000E5D0009032463B4628468847DFE700BFDE
:1002200000100140A00D0020980D0020B007002014
:1002300030B5431C124C85B005D08442A8BF04469B
:10024000012CB8BF0124FFF787FE0E4B0C4DD3E9FC
:100250000013401AB0F5000F10D22218AA4228BF8E
:100260002A4652184FF0000007490091CDE90100DD
:1002700043F10003FFF792FE05B030BD2A46F0E7D8
:10028000FFFF7F00C0070020B5FE000008B5FFF7A4
:1002900063FE024B1B68C01A08BD00BFC0070020E8
:1002A00010B5084C012363601120FCF7C9FF064B11
:1002B000C4F80833C4F84833044B4FF40032C3F891
:1002C000802110BD0010014003000F0000E100E09C
:1002D000F0B5816885B01039054621F0070403F0B8
:1002E00081F90B4B6E4603F1100C324618685968C1
:1002F000374603C7083363453E46F7D110232146EE
:10030000284603F026F9003818BF012005B0F0BDDB
:100310003065010030B50D46816887B0102302AA10
:100320001039044603F000F9002802DA012007B072
:1003300030BD102202A9204604F01FFB00283AD14C
:100340001E49102202A805F02FFD00280CBF012332
:1003500002232B70204604F0FCFA012301460DF124
:100360000702204603F0E0F80028DFDB9DF80730A5
:1003700003F00F021B096A702B7101220DF10701B6
:10038000204604F0FAFA10B96B78042B03D9012344
:100390006B7000232B71A268183A22F00702083A0A
:1003A000A91C204604F0FCFA0028BFD1E91C204615
:1003B00004F04FFBBBE70323CBE700BF3065010030
:1003C0007FB5264D4400694655F8240004F047FBEC
:1003D000002835D1013402A955F8240004F03FFB70
:1003E00001282BD103238DF808308DF80B309DF8B0
:1003F00000509DF808601A4A00241078294604F03D
:10040000AEFA18B35078314604F0A9FAF0B19378F7
:10041000042B03D09DF80310994217D1D378042BF5
:1004200003D09DF80B10994210D11379042B09D1F8
:100430005079831E022B03D804B070BD0028D6D09B
:10044000FF20F9E79DF802109942F1D00134032C06
:1004500002F10602D1D10120EEE700BF10650100D4
:10046000AE680100BFF34F8F0549064BCA6802F41E
:10047000E0621343CB60BFF34F8F00BFFDE700BFC7
:1004800000ED00E00400FA05024AD2F80034002B27
:10049000FBD0704700E0014010B54FF08053D3F817
:1004A00030210D2A55D14FF080410022C1F80C2196
:1004B000C1F81021C1F838254C4AD3F80404C2F819
:1004C0002005D3F80804C2F82405D3F80C04C2F8B8
:1004D0002805D3F81004C2F82C05D3F81404C2F888
:1004E0003005D3F81804C2F83405D3F81C04C2F858
:1004F0004005D3F82004C2F84405D3F82404C2F818
:100500004805D3F82804C2F84C05D3F82C04C2F8E7
:100510005005D3F83004C2F85405D3F83404C2F8B7
:100520006005D3F83804C2F86405D3F83C04C2F877
:100530006805D3F84004C2F86C05D3F84434C2F817
:100540007035D1F80034DA0709D56FF00103C1F82E
:1005500000344FF08053D3F830310D2B0CD14FF0D5
:100560008053D3F834313BB14FF01023D3F8082235
:100570004FF08043C3F858254FF01021D1F80C32CA
:10058000DB0714D51A480123C0F80435FFF77CFFB8
:10059000D1F80C3223F00103C1F80C32FFF774FFDD
:1005A0000023C0F80435FFF76FFFFFF75BFFD1F8BA
:1005B0000032002B03DBD1F80432002B14DA0C4993
:1005C00001234FF01020C1F804351224FFF75CFF1F
:1005D000C0F80042FFF758FFC0F80442FFF754FF8D
:1005E0000023C1F80435DEE710BD00BF00C00040A5
:1005F00000E0014030B50468CCB1BFF35B8FB4FAC2
:1006000084F3C3F11F03DBB201229A4024EA020201
:1006100050E8005FA54204D140E8002CBCF1000F77
:10062000F6D1BFF35B8FE6D102480B7030BD0248B4
:10063000FCE700BF0000AD0B0200AD0B10B5036876
:10064000CB40DB0714D401238B400268BFF35B8FE0
:1006500043EA020150E8004F944204D140E8001CF4
:10066000BCF1000FF6D1BFF35B8FEED1014810BD96
:100670000148FCE70000AD0B0400AD0B014BC3F8D3
:100680000405704700F00140044B1A7922B9012299
:1006900018601A710248704702487047A40D002084
:1006A0000000AD0B0C00AD0B08B5074B1B682BB160
:1006B0000020FCF7D9FD08B9FCF7B4FD4FF08043EA
:1006C0000022C3F8182508BDA40D002010B510B1F4
:1006D000012843D010BD4FF08043D3F81814D3F84D
:1006E0001824C80321D502F00303012B04D013B151
:1006F000002004F023FA00234FF080420220C2F8C9
:10070000183508224FF4827303F1804300211960E9
:1007100002F180421C6801241460154A12680AB371
:100720004FF08043C3F80403D4E7D3F81424D1076F
:10073000E1D5D3F81C249207DAD40D4A12681AB115
:100740000222C3F80423C5E7D3F80421002AFBD012
:100750000022C3F80421D3F80431BBE700224FF490
:100760008073D1E71A68002AFCD019601B68B1E7D2
:10077000A40D002010B54FF08043D3F8002152B1F2
:100780000020C3F80001D3F800210122C3F8082398
:10079000104B1B6898474FF08043D3F8042172B187
:1007A0000022C3F80421D3F80421D3F81824D3F885
:1007B0001824920704D10122C3F818259A6010BDAD
:1007C0000222C3F80823034BBDE810401B68012038
:1007D000184700BFA40D0020036803F01F025B0947
:1007E000026004D0012B034818BF002070474FF06F
:1007F000A040704700030050034A430900F01F0067
:10080000D35C1844C0B27047C068010070B505469B
:10081000FFF7F2FF0C4C08300E4634F81030DA05C2
:1008200008D5C3F3432304EBC302284654F83330FE
:1008300052689847A3682BB1E26831462846BDE864
:100840007040184770BD00BF2C06002008B5FFF7A8
:10085000D3FF034B083033F81000400B08BD00BF36
:100860002C06002008B5FFF7C7FF034B083033F80C
:100870001000C0F3400008BD2C06002008B5FFF7AB
:10088000BBFF034B083033F81000C0F3401008BD25
:100890002C060020034611F0010010B5CCB20DD19A
:1008A000A207C4F3400012D5094AD2F820055860C7
:1008B000C2F82005003818BF012008E04FF0A04121
:1008C000D1F820251A60C1F82025002AE8D010BDF3
:1008D0000003005010B5FFF78FFF124A083032F8BE
:1008E0001030D9051CD5C3F3432123F4F85322F863
:1008F000103002F10E04002034F8023F13F4807F20
:1009000003D0C3F3432399420AD001302A28F3D1FC
:10091000002342F831300448BDE81040FFF78EBE96
:1009200010BD00BF2C06002098060020F0B505463B
:1009300000200446012607468C420BD1114BD3F808
:100940007C2132B10022C3F87C21D3F87C3140F005
:100950000040F0BDE3B29B0003F580729B0806FAED
:1009600003F31D420BD002F1804202F5C042D2F8DF
:1009700000C0BCF1000F02D01760126818430134A8
:10098000DAE700BF00600040F7B506460846FFF70B
:1009900033FF194F00F108050C4637F81530DB0717
:1009A00027D5304604F08FF92046FFF767FF40B1A6
:1009B0002046FFF74BFF316800F5A270002341F895
:1009C00020302046FFF786FF002301A827F81530C6
:1009D0000194FFF701FF019B00EB8300074BD0F868
:1009E0000027134043F00203C0F80037044803B067
:1009F000F0BD0448FBE700BF2C060020F0F8FCFF28
:100A00000000AD0B0400AD0B2DE9FF4116468046FA
:100A10000846FFF7F1FE0D463168044609B3284643
:100A2000FFF720FF18B12846FFF728FF10BB00236F
:100A3000CDE900338DF80E308DF80F300DF10F0237
:100A40000B4628460DF10E0104F0D4F8474A04F194
:100A5000080132F8113023F0020343F0010322F8B9
:100A60001130736863B328461F785968FFF7FAFEA0
:100A700010B1D1B13E4826E03C4A04F1080032F8FA
:100A8000103023F02003DB04DB0C22F8103061B1BE
:100A9000032FEFD87168496891F800C0D8F80010AA
:100AA000A7B90CF5A27C41F82C70304A04F108017A
:100AB00032F8113023F01C0343EA870322F8113087
:100AC000B3684BBB2B4804B0BDE8F08101EB8C014F
:100AD00043EA4C33D1F810E52EF0030EC1F810E5CF
:100AE000D8F8001001EB8C0E43F02003DEF810154F
:100AF00022F8103021F44F3121F44071CEF8101556
:100B00002902DEF8108501F47C5141EA074141EAEF
:100B10000801CEF81015C8E7D3E900672846FFF7AB
:100B2000D9FE002ECED0114DD5E90023964203D137
:100B30009F4201D1002209E00F480DF10F01FFF79C
:100B400059FD0C4B9842BED19DF80F2045F83260FC
:100B500005EBC20308345F6035F8143043EA4223E2
:100B600043F4807325F81430ACE700BF2C06002056
:100B70000400AD0B0000AD0B980600202DE9F043FA
:100B80000C4685B08046204611461E46FFF734FECF
:100B9000054629B32046FFF765FE18B92046FFF742
:100BA0006DFE18BB314F05F1080937F8193013F005
:100BB0001C0F02D04B78012B18D001238DF80F3079
:100BC0000023CDE900134A1C8B1C20460DF10F01B8
:100BD00004F010F837F8193043F0030327F8193000
:100BE000002E41D02046FFF73DFE18B9204805B041
:100BF000BDE8F08396F800C0D8F800301B4F0CF524
:100C0000A272002143F8221005F1080237F81210F1
:100C100021F02001C904C90C27F8121075781DB302
:100C2000D8F80000B67800EB8C002D04D0F8103511
:100C300023F4991323F4F853C0F81035230203F476
:100C40007C5305F440353605D0F810E52B4306F407
:100C5000801641EA4C31334341F0200143EA0E0350
:100C600027F81210C0F810350248C0E72C06002003
:100C70000400AD0B0000AD0B014BC3E9021270473D
:100C80002C06002010B508461446FFF7F7FD50B1BA
:100C90000846FFF7B1FD054B083033F81030044823
:100CA0005B0B237010BD0348FCE700BF2C0600203F
:100CB0000000AD0B0400AD0B70B5164D95F87440F7
:100CC00006462CBB2146542205F1100005F064F8BD
:100CD00030686E6E21468E420ED10023C0F87C3102
:100CE000D0F87C3140F30730FCF79CFA01230A4826
:100CF00085F87430EB6670BDCBB29B0003F5807253
:100D00007C2B08BF845001F1010108BF8358E2E742
:100D10000248F0E72C0600200000AD0B0C00AD0BE4
:100D2000034B93F87400003818BF0120704700BFD0
:100D30002C0600200148FFF781BC00BF940600206C
:100D40000148FFF757BC00BF9406002073B5036845
:100D50001646D3F80423002AA8BF4FF000420546E8
:100D6000A8BFC3F8042308460C46FFF787FD00B36D
:100D70000846FFF777FD0146D8B92046FFF766FD24
:100D800004B2A40004F580720346286881502968E3
:100D900082582144D1F8102542F00102C1F81025F3
:100DA0002EB12968012202FA03F3C1F8043302B01C
:100DB00070BD2046FFF720FD0F4B083033F8103090
:100DC000C3F38203042B12D0052B12D001A8019487
:100DD000FFF702FD019AD0F81035D34003F001036C
:100DE000991C204602B0BDE8704003F04CBF0321BF
:100DF000F7E70221F5E700BF2C0600202DE9F04FB0
:100E0000694BDFF8A881D3F80403D8F86410C0B2A6
:100E100089B040F00040FFF789FD051E2FDAC24679
:100E200000235AF8701F06A8CDE90633FFF732FDFC
:100E30005F4B01930DF118094FF0000B019A12F866
:100E4000013B0192DA0803F007031AF8022022FAA4
:100E500003F3DA071CD409F10409BBF1000F14D025
:100E6000D8F864104FF00040FFF760FDD8F870101C
:100E700006A8FFF70FFD0028DAD125F00045012470
:100E8000002D79D109B0BDE8F08F4FF0010BD5E707
:100E9000484B5B440293D9F800100029DBD0029B39
:100EA00091FAA1F11C78B1FA81F141EA441420468B
:100EB000FFF7A2FC0830059438F81070C808BB088A
:100EC00019F80020039301F00701012303FA01F14F
:100ED00022EA010209F8002005A8FFF77DFC059A27
:100EE000039B02F5E072C7F3820650F822205B07ED
:100EF0003746C2F3014224D520463946D6B2FFF721
:100F000085FC05A80594FFF767FC059B03F5E073D6
:100F100050F82330C3F301439E4207D100212046FD
:100F200003F0B1FE3146204603F0ADFE05A805945E
:100F3000FFF752FC059B012202FA03F3C0F82035AB
:100F4000A9E7022A0CD10321204603F09CFE06F0FB
:100F50000503012BEAD139462046FFF757FCE5E7A8
:100F600002212046039203F08EFE032EF3D0039A53
:100F7000032ADBD1022EEDE795FAA5F3B3FA83F34A
:100F800004FA03F29B0003F1804303F5C04325EA12
:100F90000205D3F81005D3F81015C0F30520C1F3EE
:100FA0000141FFF733FC6BE7006000402C06002096
:100FB000D0680100D0680100044AD2F80034DB0791
:100FC000FBD50160BFF35F8F704700BF00E00140B9
:100FD0004FF080531A69B0FBF2F302FB130373B9AD
:100FE000084B0222C3F80425C3F80805D3F80024EF
:100FF000D207FBD500220448C3F8042570470348F4
:10100000704700BF00E001400000AD0B0A00AD0BCF
:1010100010B5054C0123C4F80435FFF7CDFF0023BC
:10102000C4F8043510BD00BF00E00140014601488E
:10103000FFF7E0BAA4060020036803F01F025B0973
:10104000026004D0012B034818BF002070474FF006
:10105000A04070470003005073B51646421C1C4662
:101060000546069B18D0012902D1BBB103F0B7FE9B
:1010700001A80195FFF7E0FF019B00EB830024022C
:10108000D0F80027074B44EA86040C4313401C4366
:1010900044EA4101C0F8001702B070BD03F0ACFE95
:1010A000E6E700BFF0F8FCFF4B69184A934221D0F5
:1010B0000DD8174A93421DD007D8164A934219D02B
:1010C000154A934216D015487047154AF9E7154A54
:1010D000934208D004D8144A93420BD0134AF0E745
:1010E000134A9342EFD10279124B1348002A08BFEA
:1010F0001846704791F8213013B1CB680133F2D113
:10110000CB690133EFD10C48704700BF80841E00CB
:1011100020A1070048E8010090D003000400AD0BB7
:1011200040420F000024F40000093D0000127A0044
:101130000048E8010300AD0B0000AD0B2DE9F04FB6
:10114000874B4D6990F804909D4285B006460C4649
:1011500000F0CE8000F2BE80824B9D4200F0CB803A
:1011600000F2B080804B9D4200F0C8807F4B9D42D2
:101170000CBF4FF080654FF080457D4F94F8230001
:10118000242202FB0973997F60F300019977337978
:10119000217C02FB03739A7F61F341029A7794F8F2
:1011A0002380B8F1000F34D16269724B9A420CBFB0
:1011B0004FF0030A4FF0000A237E012B94BF002357
:1011C000012300932068534642460121FFF744FF64
:1011D000CDF800806068534642460121FFF73CFF8E
:1011E000CDF80080A27EA06853464146FFF734FF49
:1011F000237C83F001030093E068534642460121BB
:10120000FFF72AFF01210091E06953464246FFF7AC
:1012100023FF3379002B7AD094F82130002B76D03D
:10122000242303FB09734FF0FF321A62A368029371
:10123000D4E900BAE36994F81290227E94F81980F8
:10124000D4F80CE094F810C094F82200039333799A
:10125000002B7AD094F8201094F8244033687CB99D
:10126000029CC3F808B5C3F80CA5C3F81045039C4D
:10127000C3F86C45C3F814E5C3F868C5C3F8640542
:10128000B8F1000018BF0120022AC3F8C095C3F8C6
:1012900024555CD0032A5DD0012A01D140F0020020
:1012A000C3F85405C3F86015337924225343FB581F
:1012B000002B52D0306840F3073005B0BDE8F04F46
:1012C000FBF7B0BF2C4B9D420CBF4FF080554FF049
:1012D000804552E7294B9D4213D0264B9D4213D0A7
:1012E000274B9D420CBF4FF000454FF0804544E72F
:1012F0004FF0005541E74FF000653EE74FF00075B5
:101300003BE74FF0206538E74FF0A05535E7242242
:1013100002FB0979E368C9F82030227C99F81E3075
:1013200062F3410389F81E30A3680293E36994F8DD
:101330001290227E94F819800393D4E900BA4FF0FA
:10134000000C4FF0FF3E022081E7022184E740F0CD
:101350000400A5E740F00600A2E705B0BDE8F08F65
:1013600080841E0020A1070048E8010090D00300FF
:10137000AC0D00200048E80140420F000024F400BA
:1013800000127A00431C07B50ED0019001A8FFF7A8
:1013900053FE019B00EB8300054BD0F80027134060
:1013A00043F00203C0F8003703B05DF804FB00BF50
:1013B000F0F8FCFF2DE9F04790F80490144C242538
:1013C00005FB09F504EB050A1F469AF81C30064692
:1013D0009046D3B961B96251CAF80470242303FB63
:1013E0000944002363770B4801232377BDE8F08786
:1013F000FFF75AFE074B9842F8D1304644F8058073
:10140000CAF80470FFF79AFEE8E70348EEE700BF6A
:10141000AC0D00200000AD0B0C00AD0B2DE9F04130
:101420000446067900681F4D40F30730FBF708FFBC
:1014300024237343EB5853B123681B4AC3F8082392
:1014400006EBC601206805EB810103F0E2FC2421D4
:10145000236801FB0651D3F80805D3F80C75D3F8BF
:1014600010858B7FDB0716D4FFF78CFF4046FFF714
:1014700089FF3846FFF786FF086AFFF783FF237965
:101480004BB12368D3F86C05D3F81415FFF77AFF36
:101490000846FFF777FF242303FB065500232B772D
:1014A000BDE8F081AC0D0020520108002DE9F043A9
:1014B0000779554D24237B439046EA180E46517F09
:1014C00085B08146002940F09C80EB5823B118F08C
:1014D000140F04BF0123537796E80F00242404FB64
:1014E000075404F10C0C8CE80F00206A421C04D055
:1014F000A37F9B071AD503F072FC3368D9F800402C
:1015000023B103F06043B3F1005F06D1B36883B148
:1015100003F06043B3F1005F0BD0242303FB0753B8
:1015200000223A485A7705B0BDE8F08303F064FC26
:10153000E3E718F0010318BF0123C4F8503518F091
:10154000020318BF0123C4F8403596E80F00EC46AB
:101550008CE80F00039BC4F84405C4F84815C4F890
:101560003425C4F838350023C4F81831D4F81831BC
:101570000723C4F8003524237B4318F0080F05EB3C
:1015800003021DD1E8580121216158B9D4F818315E
:10159000002BFBD062464021204603F0E2FB2423CF
:1015A0007B43EA18EB5813BB106A461C13D107EBB8
:1015B000C70705EB8701204603F02BFC1448B2E770
:1015C000EB58A3B9106A411CF8D0937F9A070BD54A
:1015D00003F012FCF2E7937F9B0702D503F00CFCAB
:1015E000E5E703F0FCFBE2E703F0F9FBE6E718F0C0
:1015F000040F4FF0400314BFC4F80833C4F8043399
:10160000DCE704488FE700BFAC0D00200A00AD0BFB
:101610000000AD0B0B00AD0B02494FF0402003F072
:101620000EBC00BFAC0D00200149024803F007BC0E
:10163000D00D002000F0024008B5144BA822002174
:10164000184604F0A9FB0322026111494261114AC4
:101650008161C2614FF48062026200228262426252
:10166000C26201660C494166102181660346026729
:10167000C2664267BFF35F8F084911F8010D9854A5
:101680000132102AF9D1BFF35F8F08BD100400208A
:10169000D26801001000002000000020EB6801006B
:1016A00070B516461D465A1C03681344C2689A4218
:1016B000044605D2006A082103F0F4FE002070BD44
:1016C00032783DB1AB1E062B9ABF0C4AD35C002387
:1016D0001833DAB2204603F0E8FE0028EED0354495
:1016E000B54203D1A3680133A360E8E723685A1C1D
:1016F000226015F8012D1A70F2E700BFEC680100B6
:1017000038B5EFF31185202383F31288BFF36F8F71
:10171000064B9C6803F0CDFF85F31188BFF36F8FF4
:101720002046BDE83840FBF701BD00BFF40D0020A6
:1017300038B5094B53F82040013053F82050A542EA
:1017400000D838BD636823B1204603F0B5FF0834E4
:10175000F5E723689847FAE71865010070B52B4B49
:101760002B4C2C4D012286B003201A70FFF7E0FFAE
:10177000FBF7BCFA03F0BCFF0420FFF7D9FF2646B5
:10178000AE4204F1300410D300F06AFD204C224E2A
:10179000AC4226D300F078FDFAF71CFF1F4A137BFA
:1017A00023F00103137306B070BD54F80C3C05938D
:1017B00054F8103C049354F8143C039354F8183C28
:1017C000029354F81C3C019354F8203C009354E9D4
:1017D0000A2354E90C0100F049FB54F8303C5E65E3
:1017E000CDE7D4E90A23B3F1FF3F08BFB2F1FF3FD1
:1017F00005D052EA0301206803D104F02AF93034FD
:10180000C6E73146183000F005FFF8E7700E0020FB
:101810005461010054610100815B01005008002007
:1018200008B50348034A0021121A03F05DFF08BD02
:1018300010070020740E002070B5002386B001222E
:10184000CDE90423134E144D01930F22CDE902324A
:101850001249142303FB005506EBC01604464FF44F
:10186000C07000FB04110E4B00954FF4A07230467F
:1018700000F0FCFA737B0B4AEE6023F004037373F1
:101880004FF4046304FB033313442C746B6006B001
:1018900070BD00BFD0070020F40D0020001F002005
:1018A0003B580100C0160020BFB50020FFF740FFE5
:1018B0002C4B83F308882C4D2C4E6B692C4F43F432
:1018C00000736B610024E02385F82230EC772C76DE
:1018D0006C76AC7685F820406B6A43F4E0236B624B
:1018E00085F82340FBF78CFBFBF754FD4FF0FF33EB
:1018F000AB62EB62FBF714FEFBF770FD1D4BB360B0
:1019000040F201129A81C3E91844DC6603F0BDFE7F
:101910000120FFF70DFF0220174DFFF709FF00F030
:10192000D3FC164B75610593012315490094CDE94D
:1019300003434FF480623B46CDE90144284600F062
:1019400095FA6A7B064622F0040228466A7304F080
:10195000BCF82046FFF770FF3A4631462846FBF7B1
:10196000F7FC00BF001F002000ED00E0F40D002098
:101970005D1701007009002050080020F368010085
:101980008020002038B5064C064DAC4201D3002023
:1019900038BDD4E90112204603F0ABFE1434F4E75D
:1019A000DC060020DC06002038B5064C064D002081
:1019B000AC4200D338BD204603F000FF0028F9DB1D
:1019C0001C34F5E7C0060020DC06002073B50C4689
:1019D000EFF31181202585F31288BFF36F8FC5685F
:1019E0005DB125602B68C36083690133836100208A
:1019F00081F31188BFF36F8F11E052EA030603D120
:101A000025606FF00B00F3E7CDE9002302460830B4
:101A100000F0B6FB18B9034B9B685B69236002B00A
:101A200070BD00BFF40D002037B51146EFF31185EE
:101A3000202282F31288BFF36F8F04689CB1236861
:101A4000426823F003039442036008BF436001210E
:101A5000204603F05EFF044685F31188BFF36F8FC5
:101A6000204603B030BD51EA0302F5D000F1080270
:101A7000CDE900131046294600F082FB0028EFD183
:101A8000014B9B685C69EBE7F40D002038B5044618
:101A9000EFF31185202383F31288BFF36F8F04F0D7
:101AA00073F848B10022826704F00FF8294608480D
:101AB000BDE8384000F090BBD4E902329A4218BF2A
:101AC0000133A36085F31188BFF36F8F38BD00BF6A
:101AD000710E002013B5EFF31181202484F31288D6
:101AE000BFF36F8F846844B1013C846081F3118837
:101AF000BFF36F8F002002B010BD52EA030406D17D
:101B000081F31188BFF36F8F6FF00F00F3E7CDE91A
:101B100000230246014800F033FBECE7710E002081
:101B200070B50446EFF31185202383F31288BFF3C9
:101B30006F8F6FF00A06204604F026F818B186670A
:101B400003F0C3FFF7E7A06029460248BDE87040F4
:101B500000F042BB710E00201FB5094A92E8030055
:101B600002AB83E803004FF4806200930549064806
:101B70004FF0FF3300F00CF9002005B05DF804FBD6
:101B800060610100C0240020D00800202DE9F0434E
:101B9000DFF8348185B005464FF0FF364FF0FF3750
:101BA000EFF31189202383F31288BFF36F8FD5F8E9
:101BB00080408CB9022105F1980003F0DFFE002877
:101BC00060D10023CDE90067029305F18802494600
:101BD0003E4800F027FCE3E7D5F884202368C5F8E9
:101BE0008030944208BFC5F88430D5F8983043F06F
:101BF0000203C5F89830E36823F0040343F00103BF
:101C0000E360636889F31188BFF36F8F20469847BC
:101C1000EFF31189202383F31288BFF36F8FE368FA
:101C2000D90623F0010237D4E260E3689A071AD597
:101C3000D8F8000023F00203E360A0B1026800219D
:101C400088B143689C4237D1036869BBD8F8042047
:101C5000C8F80030824201D1C8F80430002340F8AF
:101C6000083BFFF713FFD5F8983023F00203C5F8BF
:101C7000983089F31188BFF36F8FDB0590D400F0A3
:101C80002BFB8DE705F1900400220121204603F093
:101C9000D4FF0028F8D194E723F01103E36004F1A6
:101CA0001000FFF7F3FEC0E70B60D8F80430834262
:101CB00008BFC8F80410D1E722B1136801461046E6
:101CC0001A46BDE71346F9E7140E0020710E0020F6
:101CD000F8B5C3689A0704460F46C3F340062CD4F0
:101CE0005B071AD40B680BB983680B60E368DD07E8
:101CF00044BFA3683B603D684CBF02260126002D0F
:101D00003AD01F4B9B68AB420AD0D5F89830D80721
:101D1000C3F3800214D46FF0120600233B6025E069
:101D200003F08EFED5F898300028F0D1D907C3F320
:101D3000C002F0D552B15B0708D46FF00F06ECE794
:101D4000002AFAD1C3F3C003002BF6D1002323608D
:101D5000D5F8843063B9C5E92044284603F019FE5C
:101D6000E36843F00403E3603B68A3603046F8BDDA
:101D70001C60C5F88440F0E76FF01506CDE700BFA2
:101D8000F40D00200146014803F044BED0080020B5
:101D9000F0B589B004460020C4E920000E9D04F18E
:101DA0008800C4E9220004F19000C4E924004DB386
:101DB0002879002840F2011008BF0120C4F89800DB
:101DC00000204FF0FF364FF0FF37CDE90330CDE96B
:101DD0000100CDE906670C4B0094204600F092F814
:101DE00055B1296811B1204603F030FE6B791BB163
:101DF000237B43F001032373204609B0BDE8F04084
:101E000003F027BE0120D9E78D1B010037B50190F3
:101E10000846EFF31184202181F31288BFF36F8FFE
:101E2000C16811F01E0F16D153EA020508D101A9AD
:101E3000FFF74EFF84F31188BFF36F8F03B030BDFF
:101E400041F00801C160019981621030034900F03E
:101E5000E1FB0120EEE70020ECE700BFA159010003
:101E600001460148FFF7D2BFD00800202DE9F0431A
:101E7000073285B022F007020E461F461099017303
:101E800000F158037F32C0E916330446002322F0E4
:101E90003F020421836041733F2A0F98A073C4E975
:101EA0000633E37306F14009A2F1400805D883F335
:101EB0001188BFF36F8F084602DFB5182946204608
:101EC000FAF726FF07300E9B20F00700A066C4E952
:101ED000189802930D9B01932D1A0C9B00932A4690
:101EE0003B4631462046FBF701FA00236365044B6D
:101EF0009B6803B1DB6EE366284605B0BDE8F0835E
:101F0000F40D0020F0B587B000250595109D0495CF
:101F10000F9D03950E9D0295DDE912760D9D0195AD
:101F20000C9D00950446FFF7A1FFB6F1FF3F08BFE7
:101F3000B7F1FF3F05D056EA070305D1204600F070
:101F40005DF9204607B0F0BD03493A46334604F137
:101F5000180000F05FFBF4E7815B010038B50D4D20
:101F60002B4653F8184F9C4200D004B9EC68AB687C
:101F700038B95A7BD20604D1A26912B9DA897F2A0C
:101F800005D89C4202D0204600F08CFA23466B61B3
:101F900038BD00BFF40D002008B590F90D20437B3B
:101FA000002A014604DA03F07F03437303F053FD74
:101FB000044B9868431A58425841BDE80840FFF75F
:101FC000CDBF00BFF40D002070B490F90D30427BFE
:101FD000002B29DBD30627D183692BBB134962F081
:101FE0007F0242730A4652F8184F944218BF2346A4
:101FF000CC6923B9C0E900242060C8610CE090F9E5
:102000000E5093F90E60B5420AD0AE4208DD5A6810
:10201000C0E900321060586070BC0020FFF79EBF1E
:102020009C42E7D01B68E4E770BC7047F40D0020C9
:102030002DE9F041002A427B0E460CBF10210821F9
:10204000114204460FD141EA0203D20918D1437369
:1020500008291BD00120FFF781FFBFF35F8F637B4F
:1020600023F060036373274B9B68A34243D1EFF3D4
:102070000583002B3FD13046BDE8F041FBF76CB83B
:1020800003F07F03437303F0E6FCE1E7A36813B1B9
:10209000204603F0E8FC04F1180003F0F0FDA56D04
:1020A00004F15807AF4211D04FF0000875B128462F
:1020B00003F0D9FC05F1180003F0E1FDC5F87880C4
:1020C0002846FFF781FFA56DAF42EFD10D4DAB68FC
:1020D0009C42BFD1EFF30583002BBBD00120FFF75B
:1020E0003DFF094BAB6040F201129A810022C3E927
:1020F0001822DA66B1E786F31188BFF36F8FBDE867
:10210000F08100BFF40D00207009002070B590F937
:102110000D20437B002A014604DA03F07F0343735A
:1021200003F099FC4B7B154A63F07F0310464B7319
:1021300050F8183FD469834208BF002323B9C1E98E
:1021400000042160D1610CE091F90E5093F90E600A
:10215000B5420ED0AE420CDD5868C1E900300160D6
:1021600059609068431A5842BDE870405841FFF7E3
:10217000F5BE9C42E3D01B68E0E700BFF40D0020F1
:10218000F8B5124B0C461146114A98681060DDE90B
:102190000676EFF31182202282F31288BFF36F8F4D
:1021A0009D68284603F069FCB6F1FF3F08BFB7F110
:1021B000FF3F06D007493A46334605F1180000F0C4
:1021C00029FA2046BDE8F840FAF7C6BFF40D002012
:1021D0001C0E0020815B010049B9EFF3058030B986
:1021E000054B5A699B689A4201D0FAF7B5BF81F353
:1021F0001188BFF36F8F7047F40D002010B5EFF317
:102200001184202282F31288BFF36F8F427B510723
:1022100004D484F31188BFF36F8F10BD22F0040241
:102220004273FFF7D1FE21460248BDE81040FFF798
:10223000D3BF00BF710E0020034648B9EFF30582FB
:1022400032B9064A51699268914201D0FAF784BFC7
:1022500083F31188BFF36F8F704700BFF40D002028
:10226000EFF31181202383F31288BFF36F8F054BA7
:102270009A68D37B013BD37381F31188BFF36F8FCF
:10228000704700BFF40D002038B5EFF3118520240E
:1022900084F31288BFF36F8F0A4B9A68D37B0133A4
:1022A000D3730020FFF75AFE85F31188BFF36F8FB9
:1022B000EFF3118084F31288BFF36F8FBDE83840CD
:1022C000FFF7BABFF40D0020024B03F11802C3E977
:1022D00006227047F40D0020F8B5EFF31185202396
:1022E00083F31288BFF36F8F19498868437B03F02B
:1022F0007F03437303F0AFFB8B685A7B084662F0A1
:102300007F025A7350F8182FCC69824208BF00220E
:1023100022B9C3E900042360CB610CE093F90E609D
:1023200092F90E70BE420ED0B7420CDD5168C3E97F
:1023300000210B6053600120FFF710FE2846BDE826
:10234000F840FAF709BFA242E3D01268E0E700BF05
:10235000F40D002050EA01032DE9F04105460E4638
:1023600003D1FFF7B9FF00202BE0831C71F1FF338D
:1023700029DB03F099FC2C18EFF31188202383F359
:102380001288BFF36F8F124F124BB8681860FFF7B7
:1023900003FEB86810492A463346183000F03AF96F
:1023A000BA68537B43F0100353734046FAF7D4FEE8
:1023B00003F07AFC201A63EB0303012873F1000396
:1023C000D1DBBDE8F0816FF00104241AD4E700BF2F
:1023D000F40D00201C0E0020815B0100B1F1FF3FD5
:1023E00008BFB0F1FF3F08B506D10A4B986803F06B
:1023F0007BFB4FF0FF3008BDFFF7ACFF4FF47A7165
:1024000047F6FF730022C0FB0132D80B40EA42407E
:10241000F1E700BFF40D0020014B9868704700BF42
:10242000F40D0020D3B5DDE90667089CCDE900670F
:10243000FFF7A6FE1CB1034B9B685B69236002B0EB
:10244000D0BD00BFF40D0020044BC01A044BC010D7
:102450005843044B01221A54704700BFF009002072
:10246000ABAAAAAA710E0020C3897F2B12D80A4BEF
:102470001B6863B1094B90F90E201B689A4209DB77
:10248000437BDB0606D1064BC31A18BF012303F0BA
:10249000010070470023FAE7240E0020200E0020E0
:1024A000D007002070B50E4B0E4C1E7C06EB460389
:1024B00004EBC3040546204603F0E1FB0A4B00226F
:1024C00028469A55FFF7D0FF48B1084B08491A68CB
:1024D000013A2046D317BDE8704000F09BB870BDAC
:1024E000F40D0020F0090020710E0020240E0020C1
:1024F0004924010038B5EFF31185202383F31288B6
:10250000BFF36F8F104B114A9C681068A04206D130
:10251000FFF7C8FF85F31188BFF36F8F38BD002127
:102520001B7C11600A4AD35C002BF3D02046FFF7D6
:102530009BFF0028EED0637BDB0602D12046FFF72D
:10254000E5FD2046E4E700BFF40D00201C0E00204E
:10255000710E002008B50648064A0749121A03F012
:10256000C5F8BDE80840054A0549064803F0BEB86D
:10257000C0040020100700201869010000000000BE
:1025800010690100C0040020034B1B680BB9FDF764
:102590007DBE0020704700BF280E002030B570B10E
:1025A0000B4B5B6898420AD0036843B1D3E904211E
:1025B000D0E90445121941EB0501C3E90421D0E932
:1025C000003213605A600023C0E9003330BD00BF01
:1025D000A806002010B50E4B1C689C4204D1FFF7E2
:1025E000D3FF6FF0004010BDFFF7CEFF002CF8D0F6
:1025F000D4E904321B1A62EBE072B3F1004F72F1BE
:102600000001EEDA002AACBF18460020EBE700BF5D
:10261000A8060020B3F1FF3F08BFB2F1FF3FF8B5B5
:1026200004461D4616465ED08160EFF311872023D5
:1026300083F31288BFF36F8F013275F1FF3324DA11
:102640002E49D1E900206FF001039B1A4FF0FF32B1
:1026500062EB00009E1B60EB0500012E70F1000391
:1026600001DA01260020C4E90460254ED6F800C036
:102670007568B44508BF4FF0000CBCF1000F0DD1D8
:10268000C4E900652C6074601CE0FFF77DFF013633
:1026900045F10005361845EBE070E4E7DCE904207D
:1026A000D4E90431934271EB000E1DDAD21ADCF842
:1026B000043060EB0100CCE90420C4E900C31C60D5
:1026C000CCF804403368B34209D09C4207D10D4B8B
:1026D0001C6824B9FFF77EFF2146FDF7A9FD87F3AB
:1026E0001188BFF36F8FF8BD9B1A61EB0001AC45F9
:1026F000C4E90431C4D0DCF800C0BEE7080A0020F9
:10270000A8060020280E00202DE9F84FEFF3118CC9
:10271000202383F31288BFF36F8FDFF8B0A0DFF8B8
:10272000B0902C4FC9F80000DAF8000000245045A2
:1027300008BF00200025D7E90021D9F80030E04685
:1027400078B3D0E9046C4FEAE37EB3427EEB0C0B26
:1027500005DAF61A6CEB0E04C0E9046421E0B21845
:1027600041EBE671C0E90445C7E90021FFF716FF18
:1027700088F31188BFF36F8F83689847EFF3118850
:10278000202383F31288BFF36F8FD9F80030DAF873
:1027900000009B1B5045C446C9F80030CBD1D7E997
:1027A00000219A1841EBE3730024C7E90023C9F81C
:1027B0000040FFF70FFF2146FDF73AFD88F311882F
:1027C000BFF36F8FBDE8F84FFFF794BEA806002057
:1027D000280E0020080A002010B5EFF311842023F2
:1027E00083F31288BFF36F8FFFF7CEFE054A0346CF
:1027F000D2E90001181841EBE37184F31188BFF3AB
:102800006F8F10BD080A002073B506460D4603F011
:1028100017F978B90B4B9B68DC6E7CB12A1D09D285
:1028200000200021CDE9000146F00401204602F01D
:1028300068FF08B9002401E00460041D204602B0CE
:1028400070BD00BFF40D00200CB430B589B0054652
:102850000C461C22002101A803F09EFA02238DF8E9
:1028600006300E4B0293059523462CB1B4F1004F70
:1028700028BF4FF00043013B1D440DAA0C9906955B
:1028800001A8009200F00CF814B1059B00221A7008
:1028900009B0BDE8304002B0704700BF775E01006C
:1028A0002DE9F04F8DB043680293837815469A075F
:1028B000804640F10D8100240E78002E00F00A8140
:1028C000252E0BD04B1C03930134029B414630460E
:1028D00098470028C0F2F6800399EDE74E788B1CEC
:1028E000252E0393F0D00027B946BB46BBF11F0F3E
:1028F00038D8A6F12003102B0AD8DFE803F02A0904
:1029000009300909092109090928092D09091F00A8
:10291000A6F13003092B33D92A2E37D11BF0400FF3
:1029200055F8043B40F08280002BA7BF4BF0200BF2
:102930009946C3F100094BF0280B01E04BF0010B65
:10294000039B13F8016B0393002ECFD130E04BF0C3
:10295000020B4BF0040BF3E74BF0080BF0E74BF0E6
:10296000100BEDE7BBF17F0F19D8A6F13003092B4F
:10297000D2D81BF0400F03D00A2101FB0737DFE755
:102980000A2101FB09394BF0200BD9E72E2E06D185
:102990001BF0400F40F09E804BF0400BD0E76C2EB8
:1029A00031D02BD8682E36D06A2E3CD04C2E3AD05F
:1029B000002F46F02003B8BF2BF04002A3F16501C1
:1029C000BCBF1FFA82FB0027022901D9612B2FD13E
:1029D000073525F00705DFF8ACA2083507271BF0FF
:1029E000080F66D00AEB070B56465E4563D1A4EB91
:1029F0000A0A06EB0A02A9EB07096FE1742E9FD0C1
:102A00007A2E9DD0D4E71BF0800F18BF4BF4007BCB
:102A10004BF0800B94E71BF4807F18BF4BF4007BD6
:102A20004BF4807B8CE74BF4207B89E71F4687E7DC
:102A3000A6F16301122900F2F080DFE811F0130023
:102A40004F00EE00EE00EE00EE004F00EE00EE0054
:102A5000EE00EE00EE00FE00E900EE00EE001B00CE
:102A6000EE00AF0055F8043B8DF8183001270DF14A
:102A7000180AB4E755F804AB834BBAF1000F08BF4E
:102A80009A461BF0400F14BF39464FF0FF315046B5
:102A900002F0C3FA0746A2E7029B4146202098476E
:102AA00000280FDB013EB742F6D34C44A41BB146CD
:102AB00098E74E46F7E716F8010B029B4146984708
:102AC000002892DA98F8023043F0040388F80230C4
:102AD0004FF0FF3420460DB0BDE8F08F1BF0800FA3
:102AE00034D01BF4007F2CD0073525F00705AA460B
:102AF00069685AF8080B2BF010050029ADB237DAD7
:102B0000404261EB410145F480650DF1180B0A2349
:102B10005A4603F059F9A0EB0B0301936B0662D5FB
:102B2000019B25F001019F4289B240F3A180002E54
:102B300000F0998015F0100240F09C80BB460D46D5
:102B400023E0AA465AF8040BC117D4E7AA461BF49F
:102B5000807F5AF8041B01D10846F5E71BF4007F7B
:102B600015BF48B208B241F3C01141F3C031C2E70A
:102B700050EA0103C9D11BF0400FC6D0002FC4D1C9
:102B80002BF0110295B2BB46019740F2064115EABF
:102B900001021CBF0BF1010B00222CE02BF01002F4
:102BA0001FFA82FB0A231BF0800C49D01BF4007132
:102BB0001DBF073525F00705AA46AA461ABF5AF8D1
:102BC000080B69685AF8040B50EA010545D12BF04F
:102BD00016051BF0400FADB242D0002F40D12BF0B4
:102BE000170295B2019715F0100248D0019B002EF4
:102BF00042D103F1010B29075AD4EB0706D5D94579
:102C00006FDD0199A9EB0B035F18CB465B4649E0EA
:102C10004BF0100B10237826C5E7782B04D1C6F1B2
:102C2000780343F01003BEE7029B414625209847F6
:102C30000028FFF647AF023447E608230026B2E734
:102C4000AA461BF480715AF8040BBDD01BF4007126
:102C50001ABFC0B2614680B2B6E72BF0060295B249
:102C60000DF1180B54E725F01105ADB2BB468CE70A
:102C70000D46B8E73B460D4603F1020BBBE7DDF816
:102C800004B082E70869010001690100CDE904325E
:102C90004146029B202098470028FFF613AF049B73
:102CA000059A01339945F1DCA4EB0B01CC189B4646
:102CB0000AB3029B4146302098470028FFF602AF36
:102CC0008EB901342744019B391B994224DC1D46EF
:102CD0005DBB019AA9EB0B09224455461446914469
:102CE00035E0019F92E7023441463046029B984707
:102CF0000028E7DAE6E640F206410D42E2D015F0A0
:102D0000020F14BF2B20202015F4806F04F1010462
:102D1000414618BF2D20E9E7029B414630209847E5
:102D2000002804F10104CEDACCE606AB013D4146B1
:102D3000585D029B98470028CADAC3E6029B4146C9
:102D400020209847002804F10104FFF6BBAEA9EB50
:102D50000403002BF2DCBFE57047F0B403460068C3
:102D60001979DB88066987683468DA0754BF43F449
:102D7000B01383F4D01301258D4023F48012DB07B8
:102D80004CBF2C43AC4334603B68F0BC184703464F
:102D90000A4600681979012303FA01F103691B68E7
:102DA000194218BF82F0010212B18368DB6818472C
:102DB00083681B69FBE7014640F2E73008B54FF432
:102DC0007A72002300EBC1304914F9F799FABDE893
:102DD0000840FFF703BB0A448A4200D1704711F84C
:102DE000013B40BA80B25840C0F30313434018037C
:102DF00080B24340580100F4FF505840ECE783682C
:102E000000EBC101B3F5004F2CBF51F8220031F89F
:102E10001200704700EBC1018068B0F5004F2CBF75
:102E200041F8223021F81230704708B50122FFF72F
:102E3000E6FFD04008BD8368B3F5004F00EBC10149
:102E400008D34B681AB143F001034B60704723F07D
:102E50000103FAE74B881AB143F001034B80704736
:102E600023F00103FAE753000122FFF7D3BF836881
:102E7000B3F5004F34BF04230823C91A081AC00849
:102E80007047B0F5004F34BF04230823481C0833B3
:102E9000A0EBD300B0FA80F0C0F11F0070472DE91D
:102EA000F041174603220E460446FFF7A8FF86426C
:102EB000054607F104080AD1E3680122BA4023EA73
:102EC0000203E360002344F82830BDE8F081314676
:102ED00002222046FFF793FF2B460646014644F8A0
:102EE000285020460322FFF795FF33462946204607
:102EF0000222BDE8F041FFF78DBF70B50D46866830
:102F00000446FFF792FFB6F5004F014601D30128B2
:102F100009D03046FFF7B5FF294602462046BDE8F6
:102F20007040FFF7BCBF70BD2DE9F04705468068D3
:102F3000FFF7A7FF05EB800A8846DAF810900646EF
:102F4000B9F1000F1BD00327DAF8104028462146BC
:102F5000FFF76BFF404507D3324621462846FFF76F
:102F60009EFF2046BDE8F087032221462846FFF752
:102F700046FF013FCAF8100001D08145E4D1EB685B
:102F800001364FF0FF34B4401C40EAD094FAA4F26A
:102F9000B2FA82F2131D55F82340DEE72DE9F04125
:102FA000144605460E46FFF740FFA4EB0608371B04
:102FB0000744424631462846FFF755FF3A46214628
:102FC0002846FFF750FF4346002221462846FFF7D8
:102FD00021FF21462846FFF728FF3B462118002203
:102FE0002846BDE8F041FFF715BF2DE9F041164630
:102FF00004460F46FFF719FF314605462046FFF706
:1030000014FF05442A4639462046FFF72CFF314677
:103010002046FFF70AFF2B46311800222046BDE864
:10302000F041FFF7F7BE2DE9F0410D4686680446F2
:10303000FFF7FBFEB6F5004F014601D3012832D061
:103040003046FFF71EFF04EB80010E6996B9E36876
:10305000012282401343E36002220D612B46294680
:103060002046FFF7D7FE032229462046BDE8F0415F
:10307000FFF7D0BE022231462046FFF7C0FE2946A8
:10308000034607462046FFF7C5FE0322334629467E
:103090002046FFF7BFFE39462B462046FFF7BAFE13
:1030A00002223146E1E7BDE8F081F8B50C4605465D
:1030B000FFF7BBFE2618012231462846FFF79FFE88
:1030C000C3070CD431462846FFF717FF2146284690
:1030D000FFF7ABFE214622182846FFF786FF0022A5
:1030E00021462846FFF78BFE271A0122394628463B
:1030F000FFF785FE10EA020613D139462846FFF78E
:10310000FCFE214632462846FFF779FE2246211A68
:103110002846FFF76AFF214632462846FFF76FFE32
:10312000241A21462846BDE8F840FFF77CBF38B591
:1031300071B105682846FFF79AFE00220446014651
:103140002846FFF778FE2146BDE83840FFF7ADBFBF
:1031500038BD70B5066809B9002070BDB368B3EB1F
:10316000D10FF9D9B3F5004F34BF04230823CC1D88
:103170001C44E40821463046FFF7D6FE05460028E9
:10318000EAD001463046FFF750FEA04209D92C4450
:10319000294630462246FFF701FF21463046FFF719
:1031A00042FF304601222946FFF745FEB368B3F5DA
:1031B000004F34BF0423082303EBC5031844CCE7B6
:1031C0002DE9F84306681446B26801F1FF39B2F5FB
:1031D000004F34BF0423082319EA01090F460BD01E
:1031E000494239408B424F4628BF0B46894654B965
:1031F00000252846BDE8F8839942F8D82146BDE865
:10320000F843FFF7A6BFB2EBD40FF1D9E11DB2F539
:10321000004F394434BF04220822C91A1144C90896
:103220003046FFF781FE80460028E1D0B368B3F551
:10323000004F34BF0423082309EBC0051D44354467
:103240007B1E1D44B5FBF7F57D43A5EB090529461B
:103250003046FFF70CFE2C44073424F00704A41B6F
:10326000804507464FEAE40408D20246414630460C
:10327000FFF794FE41463046FFF7D5FE394630460B
:10328000FFF7D3FD3844844208D2394630462246FF
:10329000FFF784FE21463046FFF7C5FE012239467E
:1032A0003046FFF7C8FDA4E7B2F5802F2CBF0823F6
:1032B0000423D21A2DE9F0418C18CD1D25F0070505
:1032C00024F00704641B0026E40805602146AC6076
:1032D000EE602046FFF7D5FD421D9200013002F15D
:1032E00007074FEAD707A2F110023146B8BF3246AE
:1032F00005F1100002F050FD3A4631462846FFF72E
:10330000B2FD3346324631462846FFF783FDA4EB33
:103310000708284631460122FFF78DFD424639460F
:10332000FFF7A1FD3B46324639462846FFF772FDBE
:1033300021462846FFF797FD434632462146284658
:10334000FFF768FD214628460122FFF774FD394644
:10335000BDE8F041FFF767BE002070470FB407B526
:1033600004A951F8040B0191F9F7D0F903B05DF805
:1033700004EB04B07047038B13F0070305D1036817
:10338000002B0CBF002003207047022B05D1408B7F
:10339000B0FA80F0400980007047012B05D1036826
:1033A000002B0CBF0020052070470020704710B58F
:1033B0000C4600B111B96FF0150010BD081D00F0EA
:1033C00093F80028F9D1A368032BF6D9F3E72DE988
:1033D000F0410D4607461946281D90461E4600F04E
:1033E00094F8044638B13346424629463846A44646
:1033F000BDE8F0416047BDE8F08110B4EFF3118201
:10340000202484F31288BFF36F8F416110BC012127
:10341000F9F7E4BA38B50C46054658B151B10B6816
:1034200043B14B6833B11C22002102F0B5FC2C6182
:10343000002038BD6FF01500FBE770B505460E465D
:10344000FFF7B5FF041E14DBEFF31182202383F393
:103450001288BFF36F8F6B8B2C8B4FF6FF718B42F3
:1034600004F0070407D182F31188BFF36F8F6FF068
:103470000A04204670BD022C0CD101336B8382F309
:103480001188BFF36F8F0023224631462846FFF78D
:103490009EFFEEE7062C14D8DFE804F004131313A4
:1034A000041A0400002333606B683BB9C5E9006669
:1034B000ACB902212846F9F791FADAE71E606E608E
:1034C000F6E782F31188BFF36F8F6FF00404D0E743
:1034D00082F31188BFF36F8F6FF08504C9E782F321
:1034E0001188BFF36F8FC4E7034658B1426802F0FA
:1034F0000302012A03D0032A04D1026812B100207A
:10350000986070476FF0150070474268816002F064
:103510000302032A4FF0000203460CBF0068104666
:103520005A60704770477047002930B40446184607
:103530000BDBA5680844A84207D8E068646821440A
:1035400084682468A44630BC60476FF0150030BC26
:103550007047002930B4044618460BDBA5680844C0
:10356000A84207D8E0686468214484686468A44677
:1035700030BC60476FF0150030BC7047002903462F
:1035800010B410460BDB9C680844A04207D8D868EA
:103590005B68194483689B682BB110BC18476FF0B7
:1035A000150010BC70476FF05700FAE7002903467A
:1035B00010B4104609DB9C680844A04205D8D868BE
:1035C0005B68194410BC00F0D6B86FF0150010BC51
:1035D000704708B5C0688368DB689847006808BD15
:1035E000C068704708B5C0688368DB689847407951
:1035F00008BD43680A689A4297BF4A6800239B182F
:10360000012088BF18464B607047F8B583680446B0
:103610000BB3026AB3FBF2F502FB1535D0E9047671
:103620003DB1006894F82410551B2A46184402F056
:10363000B3FBA368E06822683E442B4481684D6870
:103640003146A84740B9E3695BB92369A2681344CE
:1036500023610023A3600020F8BD135CDB431354F7
:103660000130A36822688342F7D8E06881680D685A
:103670003146A8470028EFD1E369A16820683246A7
:1036800098470028E1D0E7E72DE9F047894616463C
:103690009846044698B382680369134482693344A8
:1036A000934230D80025D4E90170A6EB050A3F1AF1
:1036B000BA4515D2B54209D223685246184409EBDF
:1036C000050102F041FBA3685344A360B8F1000F69
:1036D0001CD0A068A8B12046BDE8F047FFF795BF11
:1036E00023683A46184409EB050102F02DFB636894
:1036F000A3602046FFF789FF18B93D44D3E76FF078
:103700000D00BDE8F0876FF00B00FAE74046F8E7E0
:1037100070B5044600F501701E46FFF7B5FF05467B
:1037200036B1D4F80002FFF7FEFE0023C4F80032E1
:10373000284670BD30B5054685B0084605F50071D0
:10374000F9F760FA044698B9D5F80002FFF748FF88
:10375000D5F8003202949A6801925B6800930146A2
:103760004FF400732A4605F50170F9F773FA044621
:10377000204605B030BD2DE9F0418768FB6804465E
:103780000D4616469847BB682BB13246294620465F
:10379000BDE8F04118476FF05700BDE8F0810128FF
:1037A00001D1EFF30583FDF7ABBF01460068FFF7DA
:1037B000F6BF08B5F9F7A8FABDE80840F9F7C8BAA6
:1037C00000210120FFF7EBBF61B662B680F31188DC
:1037D000BFF36F8F704772B6002383F31188BFF376
:1037E0006F8FBFF34F8F30BF62B6BFF36F8F7047DD
:1037F00072B6002383F31188BFF36F8FBFF34F8F2F
:1038000020BF80F31188BFF36F8F62B67047202806
:1038100009D9B0F1004F08D80138B0FA80F0C0F1F2
:103820001F0040007047082070473E20704708B5D1
:10383000F9F72AFF002008BD70470023038243697F
:10384000C3607047C1698968F9F784BF8288521ADA
:1038500003468280006808441860704710B503680A
:103860001C8864BAA4B20221FFF7F0FF204610BD05
:103870008388C2888168D21A03685B1AD01A70479D
:1038800003898B420AD9436803EBC10053F83130F6
:103890002BB94368002B08BF0020704700207047F9
:1038A000F0B5037885888779C679CE71002013F04A
:1038B000070F0860C3F3C10308788F7114BF032496
:1038C0000124012B28BF012344EAC30320F01F0079
:1038D0006DBA034352BA0B704A808D80F0BD37B584
:1038E00005460C460846FFF7A8FF45F8044B082399
:1038F0002046238250F80C4F1C44FFF7B9FF0022EA
:103900000346009202212246284601F0B0FE03B091
:1039100030BD2DE9F04F85B005460E4690461F4656
:1039200001F0B2FC20B96FF04C0005B0BDE8F08F9B
:1039300000234FF014093B6009FB086934464FF03F
:10394000010A02A9284601F09CFCDDE9023200933D
:1039500068BB284601F0C1FC0028E4D00020E4E761
:10396000A14598BF344661688A4214D12168009805
:10397000019202F019FA019A68B9237CD3B9D4E90B
:10398000023128469847C0B184F810A03B68013343
:1039900014343B60D5E714340BF1010BD845DFD16B
:1039A0000021284601F0F0FC0028CAD1D1E74FF0F1
:1039B000000BF3E76FF06F00B7E76FF02200B4E79A
:1039C0002DE9F04190B00646FFF70CFE4FF00133B1
:1039D000D6F8088003FB00F70025454503DB0120EE
:1039E00010B0BDE8F081A8EB0504402CA8BF40242E
:1039F00023466A4629463046FFF796FD00280CDB31
:103A0000A4106A460023A34201D14035E5E752F8ED
:103A1000041BB94203D10133F5E70B20E0E7002096
:103A2000DEE720B101280CBF0120FF2070470320F2
:103A3000704702780B789A420FD30CD842784B78B3
:103A40009A420AD307D842884B889A4205D38CBF42
:103A5000012000207047012070474FF0FF30704771
:103A600013B5FFF7DEFF00281CDB01A9C0B2F9F790
:103A7000C9F8002818DB0198FFF7A2FF044638B9FF
:103A8000019821468268FFF791FD48B9002401E0C2
:103A90000128FBD00198FFF746FD204602B010BD7B
:103AA0000D24F7E70E24F8E70A24F6E773B5FFF7CD
:103AB000B8FF00280C4615461E4614DB01A9C0B20B
:103AC000F9F7A0F888B9214633462A460198FFF74E
:103AD0002BFD04460198FFF726FD002C18BF0B2490
:103AE000204602B070BD0E24FAE70A24F8E737B585
:103AF000FFF797FF00280D460FDB01A9C0B2F9F7C9
:103B000081F8044658B90198FFF76CFD28700198B8
:103B1000FFF709FD204603B030BD0E24FAE70A2462
:103B2000F8E770B506460C4600F03EF8054630460C
:103B300000F029F90346013B85F00100032B0CD866
:103B4000DFE803F008060902022304B1237070BD08
:103B50000123FAE728460023F7E74FF0FF30F6E7A6
:103B600073B546100546304600F01EF800230446A3
:103B70000DF1070130468DF80730FFF7D2FFA8425C
:103B800004D19DF80730013B012B09D9A04202D096
:103B90009DF8073023B1631B5842584102B070BDF5
:103BA0000120FBE7704770470020704700207047F6
:103BB00070B5054688B00E46002400236A4631469B
:103BC0002046FAF7ADFB28B920222946684602F0C4
:103BD000EBF810B124B14FF0FF34204608B070BDAF
:103BE0000124EAE7002301461A461846FAF798BB73
:103BF000022805D0033801288CBF0120052070471A
:103C00000320704708B50020F8F7B2FD70B5BCB0CE
:103C1000044600F1100517AE002200232846FDF7E8
:103C200003FF014608B93CB070BD03AB6846CDE95F
:103C300000460293F9F79AFEEEE7F9F71DBE70B55C
:103C400005460E46FAF78CFD044618B1B36A1BB15F
:103C500029469847204670BDEA7A05F118011830C8
:103C600002F072F8F6E710B5044640B1CB6A0BB12A
:103C7000183098472046BDE81040F9F7FDBD10BD4B
:103C80004FF48070704738B50446018AC068FBF76E
:103C9000C5F805462046FFF7D0FF284638BD10B5C9
:103CA0000446006818B1FFF7C8FF0023236010BD69
:103CB00010B586B003461446009103AA052104A856
:103CC000F8F76CFD042104A8A04706B010BD2DE94B
:103CD000FF41036804460E4615462BB1012D09D855
:103CE000002004B0BDE8F081FAF73AFD206000281A
:103CF000F4D1F5E7378841F204439F423BD040F6C8
:103D000006139F42ECD12068FFF797FD2068028AD6
:103D100050F80C3F03EB0208FFF7AAFD023D0146F5
:103D20000095B31C03AA4046F8F7B8FD38BB2268DB
:103D3000039B118A0B44138240F606139F4207D15E
:103D40002068038A012B1AD90C30FFF787FDA08069
:103D50002368A1881A8A8A42C2D310D8D968002061
:103D6000FFF739F8034650B921680A8A023A0A82F5
:103D700020682360B5E723681B8A002BC6D1204644
:103D8000FFF78DFFACE7FCF71BBB203870470369DA
:103D9000C9B20C2201FB0233186C00F00700704717
:103DA00070B5C9B20369EFF31185202484F312883A
:103DB000BFF36F8F0C2606FB0134246C14F0C00493
:103DC00008D0A24206D085F31188BFF36F8F4FF061
:103DD000FF3070BD06FB013301221A6485F31188A0
:103DE000BFF36F8F436803EBC1035B689847002004
:103DF000EFE78022FFF7D4BFF8B5069F0469C9B288
:103E0000EFF31186202585F31288BFF36F8F0C2501
:103E100005FB0144256C05F0070CBCF1010F0CD12A
:103E2000276486F31188BFF36F8FC4E90E234368BC
:103E300053F8313098470020F8BD05F0C005AF4277
:103E400086F31188BFF36F8F0CBF6FF077004FF0D0
:103E5000FF30F1E713B580240094FFF7CDFF02B0E7
:103E600010BD10B40069CBB21C2403FB0400002178
:103E700010BC10470020FCF729BC002000F0B8BEA1
:103E80001046FDF703BE036920330B600123136066
:103E90007047FDF7FBBD4FF0FF324FF0FF33FDF7EA
:103EA00019BEF0B58BB044680769119DCDF818D0E4
:103EB000002000908DF804000120079010988DF8E4
:103EC0000010CDE90805D00702F080060BD512F0EE
:103ED000040F1BBA03D13A7C0493D10718D5CDF84F
:103EE000013005230793002D06AB0CBF01220222EF
:103EF000CDE90323029321460223059351F8040BD5
:103F000086B183681C68002302AAA0470BB0F0BDED
:103F1000BDF81130ADF801309DF813308DF8033045
:103F20000423DFE783681C6804ABEDE773B5002367
:103F30000D1E466818BF0421CDE9003308BF0621D5
:103F400080220446FFF7ADFF737EDB0609D540B93A
:103F50003DB9CDE900000346802298212046FFF7B5
:103F6000A0FF02B070BD1FB5012301930DF10F0337
:103F7000009300231A460521FFF793FF08B99DF827
:103F80000F0005B05DF804FB2DE9FF41064615461C
:103F90001C4601270DF10F080023CDE900871A46C2
:103FA00005213046FFF77DFF40B99DF80F30DB0754
:103FB00004D528462146FEF711FAEDE704B0BDE826
:103FC000F0812DE9F347054600690F1ED0F81C90DB
:103FD00016467DDBBB184B457AD847EA0204C4F38A
:103FE0000B04002C74D1FFF756FF21462846FFF73B
:103FF0009DFF4FF0FF3A0446002E46D1012128468E
:10400000FFF794FF002C08BF04462869FFF741FF23
:10401000204602B0BDE8F0872869A04600F11103F0
:1040200019305A7882B10AFA02F137EA01010BD14C
:1040300001219140B14207D8B8F1000F1CD098F887
:104040000110914238BF984602339842E9D1B8F145
:10405000000F13D0002398F800108122CDE900331F
:1040600028463B46FFF71DFF98F8012001239340A7
:1040700004461F44F61A21E09846E5E76FF0150460
:1040800001212846FFF752FFBFE7002CF8D1CDE908
:1040900000442346802206212846FFF702FF0446FB
:1040A0000028EDD14E45B7D1CDE90000034680226E
:1040B000C7212846FFF7F5FE00260446002CDFD175
:1040C00040F2676200232846FFF75EFF044693E74D
:1040D0006FF015049CE72DE9F74F054600690E1EA9
:1040E0001F46B0F81A80C36991464EDBF2199A4216
:1040F0004BD8FFF7D0FE00212846FFF717FF0446F4
:10410000C0BB82462FB901212846FFF70FFF0446A6
:1041100034E0B845C34628BFBB4606EB0B0396FB0D
:10412000F8F2013BB3FBF8F393421CBF08FB1262A9
:10413000A8EB020BCDE900AA002380220621284625
:10414000FFF7AFFE0446A8B9CDE9009B33468122B4
:1041500002212846FFF7A5FE044658B90122002394
:104160002846FFF711FFA7EB0B07D9445E4404462E
:104170000028C7D001212846FFF7D8FE2869FFF79D
:1041800088FE204603B0BDE8F08F6FF01504F8E715
:10419000F7B5054600690C1E1E461746C36913DBBA
:1041A000A2199A4210D8FFF776FE2346CDE9007691
:1041B000012203212846FFF774FE04462869FFF711
:1041C00068FE204603B0F0BD6FF01504F9E738B57E
:1041D00005460C4600F0A2FD002D07DBA84205D9DC
:1041E000401B84428CBF0020012038BD0020FCE72A
:1041F00070B50D462846194616461C46FFF7E7FFE0
:1042000038B124B122462946304601F09DFD0020F8
:1042100070BD6FF01500FBE7F7B51C46164600238E
:1042200082682360A36013690D4601AA6946984716
:10423000019B5A1E01921BB96FF0150003B0F0BD2F
:104240000098A26847682168676085B9B31AD0F8FA
:1042500000C0634528BF63461A4403FB0711216071
:10426000A26002689A4206D808300090E0E76B1A14
:10427000B3FBF7F3EBE70020E0E713460022FFF77C
:10428000CBBF2DE9F047836886B01B69884691460D
:1042900001A902AA98470024A2462546029BAB42E8
:1042A00002D806B0BDE8F087019F07EBC5070026DE
:1042B0007B6804933A68B2420AEB060302D80135E0
:1042C0009A46EBE703940593494603A8C0470028A4
:1042D000E7D0049B01361C44ECE74B1E5B0800EB67
:1042E0008300C907C36958BF1B0CC3F3072113F030
:1042F000FF031DBF0020117053706FF01500704751
:1043000043685B68D3F810350B6000207047436842
:104310005B6802EA010021EA0201C3F80805C3F85C
:104320000C150020704743685B680020C3F808152F
:10433000704743685B680020C3F80C1570474368FA
:104340005A68D2F8043521EA03000B40C2F8080588
:10435000C2F80C350020704710B503695868F8B1F1
:10436000884219D19C6808685860A14200D19860C1
:10437000002008602AB15A680A609A68596002B938
:104380009960002010E0814206D10868206098689A
:104390008142EDD19C60EBE7044600680028F2D131
:1043A000002AE8D16FF0150010BD30B543681360E6
:1043B000057A446804EBC504A34202D36FF0010000
:1043C00030BD5C798C4201D00833F0E70020F7E77C
:1043D00043681B68D3F88004C3F8800470474268C0
:1043E0001368D3F8100150B1126A002012780A70D5
:1043F000C3F81001D3F8102101221A6070474FF062
:10440000FF307047002A0FDD42681368D3F81001AF
:1044100058B10020C3F81001126AD3F810011278C5
:104420000A700120186070470020704710B543687B
:1044300019680369EFF31182202080F31288BFF31B
:104440006F8F1868002484731B680120D8734FF4A1
:104450008003C1F8043382F31188BFF36F8F10BD5E
:1044600003691A68012191731B680022DA7370478F
:10447000026911680346C87B40B15B681B68D3F8CA
:10448000580118B100230B6113689889704743687D
:104490001B68D3F81001003818BF0120704743682B
:1044A0001B681022C3F80423704743681B6810225E
:1044B000C3F80823704743681B684FF40072C3F8C1
:1044C0000423704743681B684FF40072C3F8082345
:1044D000704738B543681D68D5F804335B0204465D
:1044E00005D4D5F8040310F0100006D138BDFFF74D
:1044F000BFFF0028F5D00120F8E72046FFF7C7FFEF
:10450000003818BF0120F1E70120704703691868DF
:1045100001601B685A60704702680346D2F8580170
:1045200040B95B68DB0706D4D2F82001003818BF19
:10453000012070470120704710B4436802691B686E
:10454000D3F80413C90517D5D3F82011A1B1EFF39F
:104550001181202484F31288BFF36F8FD3F8204198
:1045600034B10024C3F82041D3F820410124DC6099
:1045700081F31188BFF36F8F1468D3F858115CB1C1
:1045800061B1002121611468A47B3CB14FF480002B
:10459000C3F808031368997310BC7047D3F824114B
:1045A00021B10021C3F82411D3F824311268136813
:1045B000002BF1D0516810BC18472DE9F041066975
:1045C00033689C89BFF35B8F94420546A8BF1446AD
:1045D0001033012753E8002F002A03D143E800706D
:1045E0000028F7D1BFF35B8F0CBF3B4600232BD1D4
:1045F00033682246986801F0A7FBEFF31188202367
:1046000083F31288BFF36F8F69680846FFF784FF52
:10461000326840B91061044688F31188BFF36F8F88
:104620002046BDE8F0810B689268C3F8442500225B
:10463000C3F84845C3F82021D3F82011C3F8582106
:10464000D3F858219F60E7E71C46E9E700220121E3
:104650000420F8F717BE002201212F20F8F712BE20
:1046600010B50B6813B91360184605E003685C6861
:104670001CB114600368186810BD083303600B6830
:10468000013B0B60EDE713B501AA0446FFF78DFE71
:10469000002805DB019B226819791868FAF7DEFF0C
:1046A00002B010BD03460A4600681979012303FAD7
:1046B00001F103691B68194218BF82F0010212B1AF
:1046C0008368DB68184783681B69FBE710B50446FD
:1046D0000068D0B18368C3B149B101210830FFF748
:1046E000E1FF23681869BDE8104000F0CABF12B9A5
:1046F0008388DB0409D4006900F0C3FF206800212F
:10470000BDE810400830FFF7CDBF10BD10B5012245
:1047100000210446FFF7DAFFA36933B9636004F1AF
:104720001000BDE81040FDF7B1B910BD10B500692B
:1047300003688B4206D190F85C4034B9FFF7E6FF7E
:10474000204610BD6FF01500FBE76FF00F00F8E793
:104750002DE9F8434468066905460021E06BFFF740
:1047600092FF002823DB216C481C17D1636B98470C
:10477000B46801270834D6E9023203EBC203A4F17E
:104780000802934215D83046FFF7C0FF6B6800213E
:10479000D86BFFF778FF00EAE07008E004F144000E
:1047A000FBF734FB10F1130F01D0411DDED1BDE842
:1047B000F88354F8080C00F069FF28B354F8080C8B
:1047C00014F8041C34F8023CD0F810E0D0F808903B
:1047D000DEF800C0DA0754BF43F4B01383F4D013FB
:1047E00023F4801207FA01F8DB074CBF48EA0C03F8
:1047F0002CEA0803CEF80030D9F80030984700289A
:1048000004F10804B7DAD2E76FF01200CFE738B549
:1048100005690446296305F12000FDF737F90022F8
:1048200085F85C2020691146BDE83840FFF74EBF8F
:1048300038B502780346002A52D10C69A26D32B90C
:10484000606D6FF07301BDE83840FFF7E0BFE06CCA
:1048500040B1216D31B1DB6823B1834202D0616E7A
:1048600001F072FAA36CA56D9BB19D4211D85B1B40
:10487000A3644BBB636B08336363A36B013BA3630C
:1048800004F1480204F1380104F13400FFF7E8FEB6
:104890006064236D9BB19D4211D85B1B2365CBB92E
:1048A000E36B0833E363236C013B236404F15002A0
:1048B00004F1400104F13C00FFF7D2FEE064606DBA
:1048C000BDE83840FBF762B8636C002BE1D02B44A5
:1048D0006364DEE7E36C002BF1D02B44E364EEE786
:1048E00038BDF8B50C46054600F015FA0022214601
:1048F00006462846FCF72AFA03212046FBF766FA0B
:1049000000F023F807462B689B5953B10026214637
:10491000284600F0FEF920460121FBF757FA304601
:10492000F8BD00F012F8C01B0628ECD96FF0730632
:10493000EDE700F150039B009BB203F1804303F5C8
:10494000883300221A601B68704708B5FBF704FB28
:1049500008BD8068183820F0070010387047042818
:1049600009D0052803D1481E18BF01207047431AFB
:104970005842584170470120704738B515460C46DB
:1049800061B15AB1FEF72EFE2544214611F8013BD4
:10499000834203D1A942F9D1012038BD0020FCE7B0
:1049A00038B50C460123114622460546FEF7BCFDEC
:1049B00000280FDB012221462846FFF7DEFF38B929
:1049C0002378012B14BF022301232370002038BD5C
:1049D0000323FAE70120FAE72DE9F7431D460646CF
:1049E0000F469046FEF7F5FD6C1E0444404204401D
:1049F000082C1AD83046FEF7F5FD2A468146414676
:104A0000684601F0A1F9621B49460DEB050001F073
:104A1000C3F923466A4639463046FEF79AFD003808
:104A200018BF012003B0BDE8F0834FF0FF30F9E775
:104A300007B501238DF8042001AAFFF7CDFF03B0CD
:104A40005DF804FB81681839012221F00701FFF7A6
:104A5000EFBF8268183A22F00702FFF7A1BF13B533
:104A60000C46C0B201A9F8F7CDF850B9214601981B
:104A7000FBF750FC04460198FEF755FD204602B0B6
:104A800010BD0124FAE713B541EA021104468DF87E
:104A90000710FFF75EFF012301460DF107022046D4
:104AA000FFF79AFF02B010BDF7B50D1E69460CBFA7
:104AB00017462F460446FBF72DFC78B99DF8006099
:104AC000022E22D0032E0BD0012E24D135B19DF819
:104AD0000330032B02D12046FFF7B4FF03B0F0BD33
:104AE000002DFBD12046FBF7F3FB0028F6D157B190
:104AF0002046FFF7A7FF0028F0D1002231462046CC
:104B0000FFF7C1FFEAE70226F7E735B9A2682946B1
:104B10002046FEF733FD0320E0E70420DEE70047F0
:104B200000F0AFBDC00000F1804000F5F830C0F8E3
:104B30001015C0F814257047FCF778BAF7B504468D
:104B400018B1012824D003B0F0BD4FF080430222F9
:104B5000C3F808230122DA60C3F80401D3F8043152
:104B6000064601238DF8073042F210754FF080475A
:104B7000DCB1012CE7D1D7F80C3403F480338EBBC1
:104B8000002BE0D00120FFF7CBFF013DF3D1DAE7A6
:104B90004FF080430022C3F808035860C3F8002197
:104BA000D3F800310DF10706DBE7D7F8183403F42A
:104BB00080333EB9002BC6D00120FFF7B1FF013D85
:104BC000F3D1C0E7D7F8182402F003023260002BBB
:104BD000B9D09DF807000128B5D1FFF7A1FF013D2D
:104BE000C6D1B0E7D7F80C2402F001023270EEE72C
:104BF000FFF7A4BFF7B5019001A8DDE90847164605
:104C00001D46FBF7E9FD019BB6F1000C18BF4FF004
:104C1000010C00EB83000B1E18BF0123002D43EA9B
:104C20004C0314BF4FF00C0C4FF0000C002C43EA67
:104C30000C0314BF4FF4E06C4FF0000C002F43EA5C
:104C40000C03D0F8002714BF4FF4403C4FF0000C89
:104C500043EA0C0322EA030301B109780EB1367866
:104C6000760019430DB12D78AD0031430CB1247895
:104C7000240229430FB13F783F040C433C43C0F862
:104C8000004703B0F0BD1FB50DF10F0301930023E2
:104C90008DF80F1000931A461946FFF7ABFF05B0C9
:104CA0005DF804FB08B50146FBF7E8FD40B1084696
:104CB000FBF7CCFD00B2800000F5807080B208BD2B
:104CC0004FF4BE70FBE738B5054608460C46FBF7C7
:104CD000D5FDB0B10846FBF7C5FD90B90846FBF716
:104CE000B5FD2A6801238340C2F808332A6803B25D
:104CF00002EB8303D3F8102522F00302C3F810253A
:104D000038BD20460021BDE83840FFF7BCBFFBF7A7
:104D10003BBEFFF7D8BF0846FFF7C4BF4FF0805334
:104D20001A695869504370474FF0805318697047AB
:104D30004FF080535869704770B5A2F58074A4088D
:104D4000012606FA04F4054614EA010008D0A85822
:104D500030B10021A950AA581A6822431A6030467F
:104D600070BD2DE9F341002304460D4601939046A2
:104D700001AB4FF4A672FFF7DFFF4FF482722946B2
:104D80002046FFF7D9FF4FF48C720746294620468C
:104D9000FFF7D2FF064630B1B8F1000F1DD017B1B2
:104DA000D4F83C353E4601AB4FF488722946204684
:104DB000FFF7C2FF30B1B8F1000F03D016B90FB141
:104DC000D4F83C3501AB4FF4907229462046FFF7EA
:104DD000B3FF019802B0BDE8F0814646E3E707B5AE
:104DE000019001A8FCF728F9019A01239340C0F82B
:104DF000083503B05DF804FB07B5019001A8FCF786
:104E00001BF9019A01239340C0F80C3503B05DF8FB
:104E100004FB012370B504460D464361642600225D
:104E200002212046FFF79DFF20B90120FFF778FE01
:104E3000013EF4D100236B77C4F8003570BD70B526
:104E400001F10C020C4640210546FFF78AFFC8B16C
:104E5000206A421C04D0A37F9B0710D5FFF7CCFF2C
:104E6000637F1BB121462846FFF7D3FF002320466E
:104E70002372616850F8083BBDE870401847FFF79F
:104E8000AEFFEDE770BDFCF7D7BB08B5FFF7FBFF42
:104E9000002008BD30B5026A0346D2E901408442D1
:104EA0004FF0000002D30123D36030BD1874506866
:104EB00001305060186A4268541E0268242505FBC0
:104EC000042218465C1950F8045B42F8045BA042C7
:104ED000F9D199600120E8E7F0B5064604460F468F
:104EE00094460FCE8BB001AD0FC50FCE0FC5216A12
:104EF00033684A682B602068A56822B90223CB601A
:104F000000200BB0F0BDFB0713D50B682426013A37
:104F100006FB02337E0703D41A7C0AB10F23EEE7A7
:104F2000224603F1240153F8046B42F8046B8B42D0
:104F3000F9D1B90741BF226A536803F1FF335360C7
:104F4000AC4505D2236A002BDAD00422DA60D7E719
:104F50007A0748BF20603B0701D40120D1E706ABA8
:104F600093E80700143484E80700F6E710B5026000
:104F70001A44029B836001294FF00003C26003744E
:104F80000375836101D8036210BD24224A43243A89
:104F9000841804628350026A8C1E9460026A536013
:104FA000026AD360026A1374026A022953741EBF34
:104FB000036A24301860E7E7182871F100030ED364
:104FC000B0F5807F71F100030BD3B0F5803F71F134
:104FD000000308D3002914BF0920052070470120D1
:104FE0007047022070470320704737B508294FF0FB
:104FF00000044FF00005CDE900450A460AD80146F5
:10500000684600F0A1FEDDE9000103B0BDE83040D4
:10501000FFF7D2BF002003B030BD03460020884216
:1050200000D170471A5C002AFBD00130F7E700B1CD
:10503000C160704743680360836801338360006A1E
:10504000FFF7F5BF08B50268C3689A4205D3006A46
:105050000821FFF7ECFF002008BD0120FCE738B570
:1050600004460D46FFF7EEFF40B123681B78B5EB11
:10507000531F04D0206A0A21FFF7D9FF002038BD52
:1050800010B50446FFF7DEFF38B123681A78FF2A0F
:1050900005D0206A0A21FFF7CAFF002010BD0133A6
:1050A0002360FBE710B5027D044632B1FFF7E8FF4D
:1050B00048B1002323754FF0FF3220460721BDE899
:1050C0001040FFF709BF10BD2DE9F84F04460E460A
:1050D00091461D46FFF7B6FF804628B1A36843B945
:1050E0000321206AFFF7A3FF4FF000084046BDE808
:1050F000F88F2268177807F01F0BBBF11F0F12D132
:105100002DB3206A18B1037C0BB11521EAE7012306
:105110002B7000252368636001352B442360A3684E
:10512000013BA360E2E7BBF1170F14D9ABF1180301
:10513000D9B203290BD801259D40A94509D3E368BD
:1051400005F1010A5244934207D20821C9E7072119
:10515000C7E70521C5E70025F1E74A4600213046AB
:1051600000F01AFE15B986F800B0D2E72268711E69
:10517000531913F8010901F8010F9A42F9D1236A72
:10518000002BC7D01B7C002BC4D00737FFB2022FE7
:10519000C0D949463046FFF728FF8245BAD01521CD
:1051A0009FE738B50C4611460546FFF758FF08B98A
:1051B000002038BD04220023A1182846FFF784FFF1
:1051C0000028F5D02B682360F3E737B500230446A9
:1051D0008DF80330FFF743FFA8B104220DF103035C
:1051E0000DEB02012046FFF76FFF60B19DF8035001
:1051F00065B901992046FFF74DFE50B963682360F9
:10520000A3680133A360002003B030BD6FF00F012D
:10521000F0E72575F8E738B504460D46FFF7C1FFFE
:1052200048B12268E3689B1A6A689A4204D9082147
:105230002046FFF7FFFE002038BD38B504460D4676
:10524000FFF7E9FF18B123686A681344236038BD8B
:1052500070B50D46002104461646FFF700FF38B131
:105260003246294620460023BDE87040FFF72CBF98
:1052700070BD0422FFF7ECBFFFF7FBBF0222FFF770
:10528000DCBF0322FFF7D9BF10B505210446FFF7A5
:105290009CFF50B1237D4BB9A3686FF0004293424D
:1052A00005D305212046FFF7C5FE002010BD5B0099
:1052B000A360FBE7037D23B98068B0FA80F0400962
:1052C00070470368C268934205D21878A0F1FF03C3
:1052D00058425841704700207047FFF7E3BE70B551
:1052E0000D4607210446FFF7BAFE48B123681E7831
:1052F00006F01F06182E05D9206A0A21FFF797FE2F
:10530000002070BD0023012229462046FFF7DCFE65
:105310000028F5D0182EF4D12B781F2BF1D81521A9
:105320002046FFF787FEEBE737B50C460DF1070186
:105330000546FFF7D4FF58B19DF80730143BDBB2A8
:10534000012B8DF8073006D90A212846FFF772FE97
:10535000002003B030BD03F001032370F9E738B536
:105360000D4606210446FFF77AFE08B9002038BD35
:105370000023042229462046FFF7A6FE0028F5D088
:10538000A3680133A360F2E7F0B58FB00446FFF7DE
:1053900059FE00285DD023681D7800220023CDE946
:1053A00002236D09234605AA04F1200718685968ED
:1053B000164603C60833BB423246F7D11868306040
:1053C000062D1CD02A1F0023012A4FF008028DF859
:1053D00004300DEB020198BF01AB05A8FFF774FE86
:1053E0000646002835D0042D3BD019D8023D012DAA
:1053F00021D9059B2360A368013BA3602AE001A992
:1054000005A8FFF7ACFF20B3059B089A934204D38D
:105410000821206AFFF70BFE1BE01D786D09CFE71E
:10542000052DE6D1DDE90232B3F1004F72F1000142
:1054300013D32946EDE7E3682168029A5B1A9A4282
:1054400003D8059B13440593D3E708212046FFF7B3
:10545000F1FD002630460FB0F0BDDB185241CDE91A
:1054600002329DF8045025B16FF00F020023CDE900
:105470000223029B07938DF8285005A8FFF71AFF17
:10548000014638B1002DB4D005A8FFF7F9FD00287A
:10549000AFD1DEE705A8FFF777FF0028EDD1D8E709
:1054A000FFF764BD00B1C160704710B50368C46800
:1054B000A34205D3006A0821FFF7F4FF002010BDC6
:1054C00002F01F0242EA41111970036801330360C0
:1054D0000120F4E770B505460E46104619461446FD
:1054E000FFF783FD2246431E31462846BDE8704043
:1054F000FCF7D6B8F8B51746C36802689A42044666
:105500000D4606D3206A0821FFF7CCFF002630465F
:10551000F8BD9B1A4A689A42F4D80E4656F8043BE6
:1055200053B104213046FFF760FD6A6823681344D5
:10553000E26803449A42E5D33246042339462046C2
:10554000FFF7C8FF06460028E0D020682968884297
:1055500002D06A6800F006FC23686A68134423607E
:10556000D5E7082A73B513460C4606D9006A05210B
:10557000FFF798FF002002B070BD8E1816F9012CBD
:10558000002A0FDA0A4669460C46B24204D10121CC
:105590002246FFF79FFFEEE712F8015BED4301F8AB
:1055A000015BF2E70021F3E713460A460021FFF70B
:1055B00091BF07B5042201910DEB0201FFF7D1FF66
:1055C00003B05DF804FB07B5042201910DEB020165
:1055D000FFF7EAFF03B05DF804FBFFF7F4BF022218
:1055E000FFF788BF0322FFF785BF07B5CDE900129B
:1055F0006946FFF7F7FF03B05DF804FB38B50C46CA
:10560000054611462046FFF708FD2146024628467A
:10561000BDE83840FFF7E9BF1F220421FFF745BF6F
:105620001F220521FFF741BF1F220721FFF73DBFC2
:10563000FFF7FABF10B50A4609781839072905D9C6
:10564000BDE8104001230721FFF744BF006A152180
:10565000FFF728FF002010BD07B514318DF80710A3
:105660000DF10701FFF7E6FF03B05DF804FB1FB57E
:105670000024CDE90144069C0094FFF777FC04B0B8
:1056800010BD08B1F8F71CB97047704740B1C36846
:10569000587810F001001EBF1878B0FA80F0400969
:1056A0007047EFF31183202383F31288BFF36F8FCA
:1056B000FEE708B5FFF7F5FF10B5D0E9003433B9C0
:1056C0000020E268537843F00103537010BD204678
:1056D00098470028F4D00028B8BF4042E368FF286C
:1056E000A8BFFF201870ECE700F056BB00F02CBB01
:1056F000704710B400F10C04C0E9034410BCFDF77E
:10570000D3BD2DE9F04F89B0DDE9126705463B4670
:10571000914606A83246059100F0CAFADDE9063442
:1057200005F1140ACDE90234EFF311844FF020089B
:1057300088F31288BFF36F8F05F10C0B05994A4669
:105740002846FDF73DFD30B184F31188BFF36F8F1C
:1057500009B0BDE8F08F3E43F6D0DDE9022306A88C
:1057600000F0CAFADDE906675A46CDE9006721462E
:105770005046FCF705FDEFF3118488F31288BFF360
:105780006F8FDBE738B50446EFF31185202383F3F1
:105790001288BFF36F8FFDF7CAFC04F10C0000F014
:1057A00016FA30B1294604F11400BDE83840FCF780
:1057B00013BD85F31188BFF36F8F38BD41698368CE
:1057C00043EA010212F003020FD1C2600269013AFA
:1057D00001FB023382689A4201D900207047C268F7
:1057E0001A604269C3609B1AF4E76FF015007047B6
:1057F000F8B504460D46EFF31186202383F3128893
:10580000BFF36F8FC7686FB900F0BEF950B18767FB
:10581000456100F05AF9314604F10800BDE8F8404E
:10582000FCF7DABCE3682B60A369E560013BA36188
:1058300086F31188BFF36F8FF8BD08B52024EFF30E
:10584000118384F31288BFF36F8FFDF7C4FFF6E76F
:105850002DE9F843994604469DF820300D469046C0
:1058600000F10806EFF31187202282F31288BFF3BC
:105870006F8F03B14568304600F086F958B10023B8
:105880008367C0F8148000F020F930463946FCF7F1
:10589000A3FC00200CE0B9F1000F1CD00821FCF79C
:1058A000B3FF38B987F31188BFF36F8F6FF00B0028
:1058B000BDE8F8830122C0F804800260016801F0AD
:1058C000030165B922680A43026062682060002A09
:1058D000DBD16060D9E7C8F800904046EEE72A685F
:1058E000032A0BD80160616811B9C4E90000CCE754
:1058F0000A6802F0030202430A60EAE722F00302A8
:105900000A4302602A6802F0030240EA02032B60A5
:10591000BBE710B5044630B10268930703D0446872
:1059200009B100F00AFA204610BD0023C0E9003397
:1059300000F10803C0E90233704707B50123009363
:1059400000230A461946FFF783FF03B05DF804FB06
:1059500007B500230A4600931946FFF779FF03B005
:105960005DF804FB3AB18A4205D3C0E90212C0E9EE
:105970000000002070476FF0150070470268012397
:105980008B4022EA0303036022FA01F000F00100D9
:10599000704720B100221146883000F04EB97047A0
:1059A00073B50446EFF31185202383F31288BFF308
:1059B0006F8F0023A0F11006032104380193FFF735
:1059C000DDFF28B1A369019301A93046FCF780F9F6
:1059D00085F31188BFF36F8F02B070BD38B50446F0
:1059E0000D461022002100F0D7F9656038BD13B5CF
:1059F00001900846EFF31184202383F31288BFF34C
:105A00006F8F01A9FCF764F984F31188BFF36F8FDE
:105A100002B010BD10B5FFF7EAFF041E08DDEFF37A
:105A20001180202383F31288BFF36F8FFCF704FCEF
:105A3000204610BD08B5A022002100F0ADF908BD38
:105A4000EFF30580003818BF012070476FF0570052
:105A50007047FCF7D3BBD0E9003213605A600023D3
:105A6000C0E90033704708B5FFF7F5FF437B23F02B
:105A7000020343730023836008BD38B504460D4616
:105A8000FCF78AFA637B43F002036373E5B1A56018
:105A90002B689D4209D16B68C4E900531C606C609F
:105AA00012E06A689A42F6D01B68002BF3D094F992
:105AB0000E2093F90E108A42F3D09142F1DD5A681C
:105AC000C4E9003214605C6038BD10B5EFF3118496
:105AD000202383F31288BFF36F8FFCF775FA84F3EA
:105AE0001188BFF36F8F10BD10B50446183000F059
:105AF000C6F8EFF31181202383F31288BFF36F8F71
:105B0000627B12F0100204D081F31188BFF36F8F13
:105B100010BD2046BDE81040FCF78ABA08B5EFF387
:105B20001181202282F31288BFF36F8F83680BB13B
:105B3000FFF799FF81F31188BFF36F8F08BD38B568
:105B40000446EFF31185202383F31288BFF36F8F90
:105B5000437B13F0280F0BD183680BB1FFF783FF52
:105B6000637B51B903F0FB0363732046FCF72CFA07
:105B700085F31188BFF36F8F38BD03F0EB03F3E7B4
:105B800001211838FFF7DBBF38B5EFF3118520236B
:105B900083F31288BFF36F8F0468A0420DD034B135
:105BA0002046FFF760FF04F1180000F068F885F365
:105BB0001188BFF36F8F204638BD0024F7E710B57A
:105BC000FFF7ACFFBDE81040183000F058B838B50A
:105BD00004680546AC424FF0000000D138BD002CEF
:105BE000FCD02046FFF7EBFF2046FFF76EFF2C6846
:105BF0000120A542F1E7EFF31181202282F3128800
:105C0000BFF36F8F027BD2070CD581F31188BFF3EE
:105C10006F8F002383F31188BFF36F8F042318461F
:105C200002DF7047437B1B0704D581F31188BFF364
:105C30006F8F70470122FCF7FBB938B5EFF3118580
:105C4000202383F31288BFF36F8F0468A04212D021
:105C50009CB1A16762612046FFF705FF04F11800BF
:105C600000F00DF82046FCF7AFF9012085F311880C
:105C7000BFF36F8F38BD0020F8E72046F6E710B578
:105C8000EFF31184202282F31288BFF36F8F036831
:105C90003BB1FCF783FC002084F31188BFF36F8FC6
:105CA00010BD6FF01500F7E708B5FCF795FD08BDCE
:105CB000B3F1FF3F08BFB2F1FF3F70B504461D4688
:105CC000164613D01A4315D06FF00102921B4FF005
:105CD000FF3363EB0501002904DAFCF77DFD82192F
:105CE00041EB0501C4E90021204670BD4FF0FF32B1
:105CF0001146F7E70022FBE7B3F1FF3F08BFB2F11F
:105D0000FF3FF8B5074616461C4610D054EA02037A
:105D100011D0FCF761FDB0420A46A14103460AD208
:105D2000F31A64EB0204C7E900343846F8BD4FF0BB
:105D3000FF331C46F7E70023FBE720B1011F50F8B3
:105D4000040CFFF71FBD70470A44914200F1FF3376
:105D500000D1704710B511F8014B03F8014F914283
:105D6000F9D110BD884210B501EB020402D984427A
:105D7000234607D8431EA14208D011F8012B03F88F
:105D8000012FF8E7024401468A4200D110BD13F802
:105D9000014D02F8014DF7E702440346934200D15A
:105DA000704703F8011BF9E710B50139024490422E
:105DB00001D1002005E0037811F8014FA34201D082
:105DC000181B10BD0130F2E7F0B5C3F137070446E8
:105DD000FFB203F01F031046082BE6B233D0102B9E
:105DE0003ED06508A40844EA817445EAC1752D19BE
:105DF0004FEA910242EB5102290941EA02716D1802
:105E000042EB1212290A41EA02616D1842EB12229A
:105E1000290C41EA02416D1842EB1242AD1842F1E1
:105E20000002EC0844EA4274D10804EB8402A6EBB9
:105E30004205EDB2092D0CD90134A5F10A0541F155
:105E40000001EDB212E0E40844EA417406F00705EF
:105E5000C908303554EA010200F8015BBCD1F0BD3D
:105E6000240944EA017406F00F050909092D84BFCD
:105E7000ED19EDB2EDE7D1E9043293421EBF5A1C91
:105E80000A61187070470000014800687047000000
:105E9000100A0020A064FF7F01000000B1D80000BC
:105EA000000000003DEA0000345F01008B4E01005D
:105EB000000000008519010000000000A919010080
:105EC000000000001DF400005C5F01001DF40000F4
:105ED000485F010081F80000705F0100A5EC000040
:105EE00000000000CD00010000000000B1D600005D
:105EF00000000000591B0100000000005147010094
:105F0000985F0100EDF10000845F0100514701003E
:105F1000AC5F01007DEE0000C05F0100D5D800003D
:105F20000000000031E7000000000000B1E70000C1
:105F3000000000002D680100C0620100D062010075
:105F4000B0060020E40C00206268010040630100FC
:105F500070630100B6060020800D0020706801000B
:105F60005863010070630100B80600208C0D00200A
:105F70008668010094630100DC630100BA0600201A
:105F8000380500204868010000000000246301007B
:105F9000B4060020000000009468010020640100A5
:105FA00008650100BC0600205C050020A168010016
:105FB0009464010008650100BE060020C4050020AD
:105FC0003C680100EC62010008630100B206002099
:105FD000400D0020750701001F4B0100000000006C
:105FE000C1370100705F0100394501000000000069
:105FF000C1370100191601001F4B0100000000000D
:10600000C1370100FD0D01001F4B01000000000021
:10601000C137010000000000C1370100000000008E
:10602000C137010000000000C1370100000000007E
:10603000C137010000000000C1370100000000006E
:10604000C137010000000000C1370100000000005E
:10605000C137010000000000C1370100000000004E
:106060005D01010000000000C137010000000000D8
:10607000C137010000000000C1370100000000002E
:10608000C137010000000000C1370100000000001E
:10609000C137010000000000C1370100000000000E
:1060A000C137010000000000C137010000000000FE
:1060B000C137010000000000C137010000000000EE
:1060C000C137010000000000C137010000000000DE
:1060D000C137010000000000C137010000000000CE
:1060E000C137010000000000C137010000000000BE
:1060F000C137010000000000C137010000000000AE
:10610000C137010000000000C1370100000000009D
:10611000C137010000000000C1370100000000008D
:10612000C137010000000000C1370100000000007D
:10613000C137010000000000C1370100000000006D
:10614000C137010000000000C1370100291601001D
:106150001F4B0100E5E20000A9E60000FFFFFFFF82
:10616000F8680100000100000000000000000000CD
:106170000338FDD8704700005C5F01001D0001007E
:106180005C5F01001E0001005C5F01001F00010058
:1061900007000000000000000000000000C0000038
:1061A000845F0100010000000000000000400700C3
:1061B000C05F01000200000000C0000000020000FB
:1061C000845F01000300000000C0000000400700E1
:1061D000845F01000400000000C20000003E0700D0
:1061E000845F01000500000000C20000003E0700BF
:1061F000845F0100060000000040070000C0F800B6
:10620000C05F0100C00400200000000000000B0679
:106210000200000018620100000000005767010042
:1062200024000202000000205F67010020000B1123
:1062300031D700000000000039380100CDDF000038
:1062400081E1000000000000E5E400000000000023
:10625000000000000000000000000000000000003E
:10626000000000000000000069E40000CDE600002E
:10627000CDE600000000000000000000000000006B
:10628000000000000000000000000000000000000E
:106290000000000000000000B5E6000030620100D0
:1062A000A86201008001000000290020226801008E
:1062B00000000000C5E9000095E9000000000000B2
:1062C00015EB000009EA0000753E01007B3E01006D
:1062D00095EA0000F33D0100553E0100000000007A
:1062E0008F3D01000000000000000000AC5F0100D5
:1062F00000127A00000100005C5F0100080001004C
:10630000000000000000000091410100D7400100A2
:10631000C33F010075EE0000873E01000100000050
:1063200000FF0000F141010079F2000015F20000C9
:10633000E5F10000D5F100000400000000FF0000BE
:10634000FF030000000300500000000001000000F7
:106350000060004000000000FFFFFFFF0000005051
:10636000000000000000000000600040000000008D
:10637000B1F40000014301000F4301002743010075
:10638000334301003F4301001DF300005943010066
:10639000000000000020004001000000000000009C
:1063A000B86301000000D6010000000000000000FA
:1063B0002F0E00202E0E002000200040C46301009C
:1063C00001000000CC630100040000000A0000008E
:1063D000050000020906000107060003DF43010073
:1063E000CDF70000D1430100BB4501000544010089
:1063F0002D44010061440100714401009F440100EB
:10640000AB440100714401008F440100B744010016
:10641000C5440100D3440100094501000D450100B8
:1064200000F00240010000000048E8010000000008
:106430000000000000000000FFFFFFFF0000FF0061
:106440000000000000000000FFFFFFFF020000014D
:106450000100000057460100FFFF00006C640100CE
:10646000FFFFFFFF000000000000000000F00240FE
:106470007864010001000000806401000300000056
:106480001700000416000006150000055C5F0100FF
:1064900014000100004000400000000000127A00DB
:1064A000000000000000000000000000FFFFFFFFF0
:1064B0000000FF000000000000000000FFFFFFFFE1
:1064C00000000001010000004D460100FFFF000038
:1064D000E0640100FFFFFFFF00000000000000007B
:1064E00000400040EC64010001000000F464010081
:1064F00003000000280000040C0000050B0000064B
:106500005C5F0100080001005DFA00002D470100FA
:1065100003000000010000009C5E01009C5E010081
:10652000E45E0100EC5E01001C5F0100345F0100CD
:1065300077C295F360D2EF7F3552500F2CB6798039
:106540004C454420524F4A4F206E6F20646973704F
:106550006F6E69626C650A004C4544205645524492
:1065600045206E6F20646973706F6E69626C650A96
:10657000004C454420415A554C206E6F206469738D
:10658000706F6E69626C650A0044465520457874E8
:1065900065726E616C2054657374202D204669729B
:1065A0006D77617265206361726761646F20636FEC
:1065B0007272656374616D656E7465212076312E2B
:1065C000300A00496E696369616E646F2074657397
:1065D000742073696D706C65206465204C4544734C
:1065E000205247422E2E2E0A004C45443A20524F4C
:1065F0004A4F0A004C45443A2056455244450A0049
:106600004C45443A20415A554C0A004661696C6534
:106610006420746F207265626F6F743A20737069C2
:106620006E6E696E6720656E646C6573736C792E2F
:106630002E2E0A007F7F7F7F7F7F7F7F7F7F7F7F00
:106640007F7F7F7F7F7F7F7F7F7F7F7F7F7F7F7F5A
:106650007F7F7F7F7F7F7F7F7F7F7F7F7F7F7F3E8B
:106660007F7F7F3F3435363738393A3B3C3D7F7F3B
:106670007F407F7F7F000102030405060708090AA7
:106680000B0C0D0E0F101112131415161718197F7D
:106690007F7F7F7F7F1A1B1C1D1E1F20212223242A
:1066A00025262728292A2B2C2D2E2F303132337FD7
:1066B0007F7F7F7F4142434445464748494A4B4C90
:1066C0004D4E4F505152535455565758595A616276
:1066D000636465666768696A6B6C6D6E6F70717212
:1066E000737475767778797A30313233343536375A
:1066F00038392B2F2A2A2A20426F6F74696E67203F
:106700006E524620436F6E6E6563742053444B2077
:1067100076322E392E302D373738376232363439CB
:10672000383430202A2A2A0A002A2A2A2055736956
:106730006E67205A6570687972204F532076332E29
:10674000372E39392D316638663364633239313446
:1067500032202A2A2A0A00464C4153485F3000530F
:1067600052414D5F30007263006572720067726F54
:10677000757000736C6F740076657273696F6E006C
:106780003C3F3F3F3E006861736800626F6F746119
:10679000626C650070656E64696E6700636F6E663B
:1067A00069726D6564006163746976650070657215
:1067B0006D616E656E7400696D61676573007370FD
:1067C0006C697453746174757300636F6E6669727B
:1067D0006D000A02040C01171D2568752E256875C9
:1067E0002E256875002E2575006F666600696D613F
:1067F00067650064617461006C656E0073686100B8
:10680000757067726164650005050101010106018B
:106810000101010302010101030303030103030159
:1068200006066D63756D677220736D7000636C6F23
:10683000636B403430303030303030007332356686
:106840006C3132386C403000666C6173682D636F58
:106850006E74726F6C6C65724034303031653030FC
:1068600030006770696F4035303030303330300081
:106870006770696F403530303030303030000001A3
:1068800002030405060775617274403430303032FB
:106890003030300073706940343030326630303020
:1068A00000737069403430303034303030000401CF
:1068B00004030402040104010403010303040104AA
:1068C00000202A2A2A2A2A2A2A2A2A2A2A2A2A2A5C
:1068D00000015465726D696E616C0000000000007B
:1068E00000545452205245474745530001020203C9
:1068F0000303036D61696E00737973776F726B7157
:1069000000286E756C6C29002A666C6F61742A0011
:10691000FFFFFFFFFFFFFFFF00000000053C01003D
:106920000000000000010000000000000000000066
:106930000000000000000000000000000000000057
:1069400000000000000000005933010094610100C4
:10695000000000002F3801000000000000000000CF
:10696000000000003C62010006000100B5E20000EA
:10697000000000006C62010006000000F13B010015
:1069800000000000FDE70000000000000000000023
:10699000480500200000000000000000000000008A
:1069A0000000000000000000300E00202000000069
:1069B0000000000000000000000000008C640100E6
:1069C000010000006C0500206C05002000000000A4
:1069D000010000007C0500207C0500200000000074
:1069E00001000000000000000000000000000000A6
:1069F0000000000000000000000000000000000097
:106A00000000000000000000985F0100000000008E
:106A100000000000580E0020500E00200000000072
:106A2000000000000065010001000000D405002006
:106A3000D40500200000000001000000E405002053
:106A4000E40500200000000001000000000000003C
:106A50000000000000000000000000000000000036
:106A60000000000000000000000000000000000026
:106A7000AC5F01000000000000000000680E002074
:106A8000600E002000000000000000000000000078
:106A900000000000000000000000000000000000F6
:106AA00000000000000000000000000000000000E6
:106AB00000000000000000000000000000000000D6
:106AC00000000000000000000000000000000000C6
:106AD00000000000000000000000000000000000B6
:106AE000000000000000000008000000FF0000009F
:106AF000000000000300000000000000FFFF0F0086
:106B0000A8060020A80600200000000000000000E9
:106B10000000000000000000C0060020C0060020A9
:106B2000702F00200000000002000000880000001C
:106B3000000000000000000000000000E40600204B
:106B4000E40600200000000000000000F406002021
:106B5000F40600200400040004000000000000000F
:106B60009C620100002F002015E015E0076950012C
:106B70001000200014577409A3E89505E14F554F04
:106B80007B08D79F4B9F5E87E7792C105E0E48717C
:106B90000D42781501002000FC5701DC6135E1321F
:106BA0003847BDC40F04D2E5BEE5833B23C29F93A3
:106BB000593D00018CFA9994200000018EE35DE8B4
:106BC0007A30DE88E77B0C8B87C5991DB440D5FDF4
:106BD00040C9D82B93172D1D46642620D937DA1EBD
:106BE000598F7B315E8B0C351A93CCD2D7C02C4E8B
:106BF0009B1381B5DEED153A11AB623EDD1B181813
:106C00005D675D0EB0AF4DC0385E77FA65E117ABDA
:106C1000EE5554C06158EEF2C082148ECEEECFE72E
:106C2000566ECC46E28C1B300C0635B54F5B276D9B
:106C30008EE11A6BF3CE6A8835F4BA1A8E10BCE670
:106C40000B51D1FA1E5F49F8A88C5156D5485CAF5C
:106C5000DB0AB2FC77EA78E2D2FFAFA281E03746E6
:106C600027245FECF0E9AB3E7BD4D3F6A958DF9B39
:106C70005C2DDEE3F12DF09D95D83B4F70B2E56DB4
:106C80008B04C10CA953042C5331873FD8324C15C7
:106C9000192DB885E712E3BE02457DFED5C10D2D45
:106CA000895A5F964971BA2C49CF02C95FFCBAFF75
:0C6CB00023EA5E85F6C369031E6841FDFF
:00000001FF
